<?xml version="1.0" encoding="UTF-8"?>
<!DOCTYPE article PUBLIC "-//NLM//DTD JATS (Z39.96) Journal Archiving and Interchange DTD with MathML3 v1.3 20210610//EN" "http://jats.nlm.nih.gov/publishing/1.3/JATS-archivearticle1-3-mathml3.dtd">
<article xmlns:mml="http://www.w3.org/1998/Math/MathML" xmlns:xlink="http://www.w3.org/1999/xlink" xmlns:xsi="http://www.w3.org/2001/XMLSchema-instance" xmlns:ali="http://www.niso.org/schemas/ali/1.0/" dtd-version="1.3" xml:lang="en" id="main">
<front>
<article-meta>
<article-id pub-id-type="doi">10.25080/wjjm7869</article-id>
<title-group>
<article-title>Python is all you need: an overview of the composable, Python-native data stack</article-title>
</title-group>
<contrib-group>
<contrib contrib-type="author" corresp="yes">
<contrib-id contrib-id-type="orcid">https://orcid.org/0009-0006-7814-1446</contrib-id>
<name name-style="western"><surname>Datta</surname><given-names>Deepyaman</given-names></name>
<xref ref-type="aff" rid="aff-1"/>
<email>deepyaman.datta@utexas.edu</email>
</contrib>
</contrib-group>
<aff id="aff-1">
<institution-wrap>
<institution>Kedro</institution>
</institution-wrap>
</aff>
<fpage>75</fpage><lpage>84</lpage>
<permissions>
<ali:free_to_read/>
<license xlink:href="https://creativecommons.org/licenses/by/4.0/">
<ali:license_ref>https://creativecommons.org/licenses/by/4.0/</ali:license_ref>
<license-p>This is an open access article distributed under the terms of the <ext-link ext-link-type="uri" xlink:href="http://creativecommons.org/licenses/by/4.0/">Creative Commons Attribution License</ext-link>, which permits unrestricted use, distribution, and reproduction in any medium, provided the original author and source are credited.</license-p>
</license>
</permissions>
<abstract>
<p>For the past decade, <abbrev alt="Structured Query Language">SQL</abbrev> has reigned king of the data transformation world, and tools
like <abbrev alt="data build tool">dbt</abbrev> have formed a cornerstone of the modern data stack. Until recently,
Python-first alternatives couldn’t compete with the scale and performance of modern
<abbrev alt="Structured Query Language">SQL</abbrev>. Now Ibis can provide the same benefits of <abbrev alt="Structured Query Language">SQL</abbrev> execution with a flexible Python
dataframe API.</p>
<p>Through new integrations, Ibis supercharges existing open-source libraries like Kedro
and Pandera. Combined, these technologies enable building and orchestrating scalable
data engineering pipelines without sacrificing the comfort and other advantages of
Python.</p>
</abstract>
<kwd-group>
<kwd>data engineering</kwd>
<kwd>modern data stack</kwd>
<kwd>composable data stack</kwd>
<kwd>data ingestion</kwd>
<kwd>data transformation</kwd>
<kwd>data validation</kwd>
</kwd-group>
</article-meta>
</front>
<body>
<sec id="sec-1">
<label>1</label>
<title>Introduction</title>
<p>By 2016, the modern data stack was a well-defined idea (<xref ref-type="bibr" rid="ref-1">Handy, 2024</xref>) that had begun to take
hold of the data engineering community. Specifically, it represented a set of products
that enabled end-to-end data transformation <italic>in</italic> the cloud using <abbrev alt="Structured Query Language">SQL</abbrev>. This mindset shift
was driven by the advent of cloud-based analytics databases like Amazon Redshift, Google
BigQuery, and Snowflake (<xref ref-type="bibr" rid="ref-2">Handy, 2016</xref>) and the subsequent rise of the extract, load,
transform (<abbrev alt="extract, load, transform">ELT</abbrev>) paradigm. Compared to the extract, transform, load (<abbrev alt="extract, transform, load">ETL</abbrev>) workflows that
had become ubiquitous since their invention in the 1970s (<xref ref-type="bibr" rid="ref-3">Wang, 2022</xref>), <abbrev alt="extract, load, transform">ELT</abbrev>
leveraged the power and efficiency of cloud data warehouses in performing
transformations (<xref ref-type="bibr" rid="ref-4">Amazon Web Services, 2021</xref>), combined with the simplicity of managed compute
and processes. The differences between <abbrev alt="extract, transform, load">ETL</abbrev> and <abbrev alt="extract, load, transform">ELT</abbrev> can be seen in <xref ref-type="fig" rid="figure-1">Figure 1</xref> below.</p>
<fig id="figure-1">
<label>Figure 1:</label>
<caption>
<p>In <abbrev alt="extract, transform, load">ETL</abbrev> workflows (left), data is modeled and transformed before loading it into the data
warehouse. In contrast, in <abbrev alt="extract, load, transform">ELT</abbrev> workflows (right), data sources are extracted and loaded
into the data warehouse before building transformations to create data models for
analytics (<xref ref-type="bibr" rid="ref-3">Wang, 2022</xref>).</p>
</caption>
<graphic mimetype="image" mime-subtype="png" xlink:href="files/etl-vs-elt-4e716dcddcb87bdfbddf551d4d1d0027.png"/>
</fig>
<p>Over the next few years, the tooling surrounding the modern data stack matured. Products
like Fivetran and Airbyte solidified their position as data ingestion tools, and various
data quality and observability vendors offered solutions for ensuring data correctness
and completeness as part of the end-to-end process. Business intelligence (<abbrev alt="business intelligence">BI</abbrev>) tools
that offered cloud-native analytics workflows, such as Looker, rose in popularity, while
established players like Tableau evolved (out of necessity) to become more cloud-native.
Last but not least, <abbrev alt="data build tool">dbt</abbrev> became the de facto standard for <abbrev alt="Structured Query Language">SQL</abbrev>-based transformation in the
cloud. By 2024, the tenets of the modern data stack were so widely accepted and adopted
that Tristan Handy, the individual who initially coined the term, wrote that the idea of
distinguishing the “modern” data stack had outlived it’s usefulness:</p>
<disp-quote>
<p>When I was a consultant, helping small companies build analytics capabilities, I would
only work with <abbrev alt="modern data stack">MDS</abbrev> tooling. It was so much better that I simply wouldn’t take on a
project if the client wanted to use pre-cloud tools. I, and others like me, needed a
way to talk about this preference, to differentiate between these new products and all
of the other ones that we didn’t want to use. The term actually conveyed important
information.</p>
<p>Today, most data products are built for the cloud. Either they have been built in the
past ten years and therefore baked in cloud-first assumptions, or they have been
re-architected to do so.</p>
<attrib><xref ref-type="bibr" rid="ref-1">Handy (2024)</xref></attrib></disp-quote>
<p>However, when data and analytics engineers talk about the modern data stack, they
invariably mean <abbrev alt="Structured Query Language">SQL</abbrev>-based workflows. Most <italic><abbrev alt="Structured Query Language">SQL</abbrev>-oriented</italic> data products are built for
the cloud. Despite Python’s explosive growth—by some measures, overtaking <abbrev alt="Structured Query Language">SQL</abbrev> in
popularity among developers (<xref ref-type="bibr" rid="ref-5">Stack Exchange, Inc., 2023</xref>)—the Python data ecosystem has lagged
in supporting data engineering best practices. Python is often relegated to the fallback
option for when a use case can’t be solved be solved with <abbrev alt="Structured Query Language">SQL</abbrev>, and support can be
limited (<xref ref-type="bibr" rid="ref-6">dbt Labs, Inc., 2025</xref>) (if available at all).</p>
<p>In this paper, we present a set of new software integrations that form the basis for the
composable Python analytics stack<xref ref-type="fn" rid="fn-1">1</xref>. First, we will introduce the concept of
composable data management systems and Ibis (<xref ref-type="bibr" rid="ref-8">Ibis maintainers, 2025</xref>), the data processing workhorse of
the Python analytics stack. Then, we will present two key components of the emerging
stack: Kedro as the core transformation framework and Pandera for data validation. In
both cases, we will highlight how Ibis extends the capabilities of the existing,
established tool. Finally, we will step back and look at the remaining pieces of the
composable analytics stack. We will fill out the picture with Python-native
recommendations for ingestion and orchestration. We will also be transparent about some
of the current gaps compared to the more established <abbrev alt="Structured Query Language">SQL</abbrev>-first approach and ongoing work
to address them.</p>
</sec>
<sec id="sec-2">
<label>2</label>
<title>Ibis and the rise of composable data management systems</title>
<p>In 2021, engineering leaders from Meta, Voltron Data, Databricks, and Sundeck published
a joint paper outlining a vision for a modular data stack of reusable components built
on open standards (<xref ref-type="bibr" rid="ref-21">Pedreira <italic>et al.</italic>, 2023</xref>), as seen in <xref ref-type="fig" rid="figure-2">Figure 2</xref>.
In short, they posited that modern data systems all share a common set of logical
components, and developers of modern data management systems should take advantage of
these similarities instead of reinventing the wheel and further fragmenting the
ecosystem. They argued that a paradigm shift towards composable data systems would not
only benefit those building such products but also user experience by improving
consistency and reducing the learning curve across libraries.</p>
<fig id="figure-2">
<label>Figure 2:</label>
<caption>
<p>The emerging modular data stack can be distilled into a general model comprised of five
layers. A language component generates an intermediate representation (<abbrev alt="intermediate representation">IR</abbrev>) that serves
as input to a query optimizer. The optimizer produces query framents that are passed to
an execution engine.</p>
</caption>
<graphic mimetype="image" mime-subtype="png" xlink:href="files/modular-data-stack-c610935c43f47c36b4d8ce2ca4931d72.png"/>
</fig>
<p>One of the key results of this architecture is that users should be empowered to use the
language frontend of their choice with the execution engine that they need. Whereas <abbrev alt="Structured Query Language">SQL</abbrev>
provides one standardized<xref ref-type="fn" rid="fn-2">2</xref> interface for modern data systems, many use cases
demand non-<abbrev alt="Structured Query Language">SQL</abbrev> APIs. Pushed by the popularity of Python, coinciding with the increased
prevalence of data processing for machine learning and artificial intelligence, more and
more data products developed Python dataframe APIs: PySpark and the pandas API on Spark,
BigQuery DataFrames, Snowpark and the Snowpark pandas API. However, many database system
developers don’t have the resources or expertise to build dataframe-like APIs on top of
execution engines. Furthermore, <xref ref-type="bibr" rid="ref-21">Pedreira <italic>et al.</italic> (2023)</xref> point out the merits of
the model popularized by Apache Spark (<xref ref-type="bibr" rid="ref-22">Zaharia <italic>et al.</italic>, 2016</xref>), where <abbrev alt="Structured Query Language">SQL</abbrev> (Spark <abbrev alt="Structured Query Language">SQL</abbrev>) and
non-<abbrev alt="Structured Query Language">SQL</abbrev> (DataFrames, Datasets, PySpark, and the pandas API on Spark) APIs all generate
the same underlying intermediate representation (<abbrev alt="intermediate representation">IR</abbrev>), meaning that the following queries
should be indistinguishable from an execution standpoint:</p>
<boxed-text id="code-1" content-type="code"><code language="sql">SELECT a, b, c FROM t WHERE a &gt; 1</code>
<caption>
<p>Select a subset of rows and columns using <abbrev alt="Structured Query Language">SQL</abbrev>.</p>
</caption>
</boxed-text><boxed-text id="code-2" content-type="code"><code language="python">t.filter(t.a &gt; 1).select("a", "b", "c")</code>
<caption>
<p>Select the same subset of rows and columns using a dataframe API.</p>
</caption>
</boxed-text>
<p>This need prompted the creation of open-source libraries like Ibis, the portable Python
dataframe API. Ibis provides a lightweight, universal interface for data wrangling that
supports 20+ query engines, from local backends like Polars, DuckDB, and DataFusion to
remote databases and distributed computation frameworks like BigQuery, Snowflake, and
Spark (<xref ref-type="bibr" rid="ref-8">Ibis maintainers, 2025</xref>). Ibis constructs a query plan, or <abbrev alt="intermediate representation">IR</abbrev>, that it evaluates lazily (i.e. as
and when needed) on the execution engine (<xref ref-type="bibr" rid="ref-9">Datta, 2024</xref>). Because Ibis code is functionally
equivalent to <abbrev alt="Structured Query Language">SQL</abbrev>—in fact, Ibis produces and executes <abbrev alt="Structured Query Language">SQL</abbrev> under the hood for all but the
Polars backend—it is well suited for <abbrev alt="extract, load, transform">ELT</abbrev> workflows as part of a Python-first data stack.</p>
</sec>
<sec id="sec-3">
<label>3</label>
<title>Building the composable, Python-native data stack</title>
<p>In order to propose a valid Python-first alternative to the <abbrev alt="Structured Query Language">SQL</abbrev>-based analytics stack,
we break the existing stack into a set of primary functions and address each in turn. As
per <xref ref-type="bibr" rid="ref-10">Krantz &amp; Jonker (2025)</xref>, the modern data (or analytics) stack consists of several core
components including:</p>
<list list-type="bullet">
<list-item>
<p>Data storage</p>
</list-item><list-item>
<p>Data ingestion</p>
</list-item><list-item>
<p>Data transformation</p>
</list-item><list-item>
<p><abbrev alt="business intelligence">BI</abbrev> and analytics</p>
</list-item><list-item>
<p>Data observability</p>
</list-item>
</list>
<p>Some definitions of the analytics stack include specific callouts for reverse <abbrev alt="extract, transform, load">ETL</abbrev>,
orchestration, and other aspects, but we will focus on the above five layers.</p>
<sec id="sec-4">
<label>3.1</label>
<title>Data storage</title>
<p>The storage layer of the analytics stack provides a centralized, most often cloud-based,
medium for managing data. Traditionally, online analytical processing (<abbrev alt="online analytical processing">OLAP</abbrev>) databases
like Redshift, BigQuery, and Snowflake were the primary storages associated with the
modern data stack. Data lakes that supported managing large data volumes in cloud object
storage have also been popular options; distributed query engines like Spark and Trino
are well-suited for workloads accessing such file systems. Finally, recent interest in
data lakehouse architectures has resulted in increased support for working with data
stored in Iceberg, Delta, and other related table formats.</p>
<p>Ibis supports a wide range of file formats, including Parquet files, <abbrev alt="comma-separated values">CSV</abbrev> files, and
newline-delimited JSON data. It also allows reading from and writing to Delta Lake
tables. If some Ibis execution backend natively implements a more efficient path for
working with a particular format, Ibis will leverage it; otherwise, Ibis falls back to a
unified solution for handling data in PyArrow record batches. For data warehouses, the
storage engine doubles as the execution engine, so Ibis can create, read, update, and
delete tables by running the appropriate <abbrev alt="Structured Query Language">SQL</abbrev> statements under the hood. Ultimately, data
storage layer support comes down to the underlying engine, and Ibis attempts to keep up
to date with new developments in its supported backends.</p>
</sec>
<sec id="sec-5">
<label>3.2</label>
<title>Data ingestion</title>
<p>Data ingestion is the process of extracting data from various sources and loading it
into a data storage system (like those discussed in the previous section) for processing
and analysis (<xref ref-type="bibr" rid="ref-10">Krantz &amp; Jonker, 2025</xref>). Because of the activities performed, this process is
is also often referred to as the extract and load (<abbrev alt="extract and load">EL</abbrev>) stage.</p>
<p><abbrev alt="data load tool">dlt</abbrev> is an open-source, production-ready Python framework that has become a popular
choice as part of the analytics stack (<xref ref-type="bibr" rid="ref-11">dltHub, 2025</xref>). Since many data engineers are already
opting for <abbrev alt="data load tool">dlt</abbrev> over established like Fivetran and Airbyte, we don’t find it necessary to
justify <abbrev alt="data load tool">dlt</abbrev>’s space in the Python analytics stack. That said, it is worth mentioning
that <abbrev alt="data load tool">dlt</abbrev> also provides Pythonic reverse <abbrev alt="extract, transform, load">ETL</abbrev> (<xref ref-type="bibr" rid="ref-12">Brudaru, 2024</xref>) (one of the categories that
we chose not to cover explicitly, given the broader industry trend favoring general data
movement tools over dedicated reverse <abbrev alt="extract, transform, load">ETL</abbrev> frameworks). <abbrev alt="data load tool">dlt</abbrev> also supports basic
transformation capabilities, including built-in Ibis support. However, for all but the
simplest use cases, we recommend a dedicated transformation framework, much in the way
<abbrev alt="data load tool">dlt</abbrev> is frequently used alongside <abbrev alt="data build tool">dbt</abbrev> in the existing analytics stack.</p>
<boxed-text id="code-3" content-type="code"><code language="python">from pathlib import Path

import dlt
from dlt.sources.filesystem import filesystem, read_csv_duckdb

# Create a list of dlt resources corresponding to each of the raw files.
readers = []
for name in ["raw_customers", "raw_orders", "raw_payments"]:
    files = filesystem(
        bucket_url=(Path(__file__).parent / "data").as_uri(),
        file_glob=f"01_raw/{name}.csv",
    )
    reader = (files | read_csv_duckdb()).with_name(name)
    readers.append(reader)

# Create a new dlt pipeline configured to use DuckDB as the destination.
pipeline = dlt.pipeline(
    pipeline_name="jaffle_shop", dataset_name="main", destination="duckdb"
)

# Run the pipeline to load data into DuckDB, and output run information.
info = pipeline.run(readers)
print(info)</code>
<caption>
<p>A <abbrev alt="data load tool">dlt</abbrev> pipeline to load data from local <abbrev alt="comma-separated values">CSV</abbrev> files into a DuckDB database.</p>
</caption>
</boxed-text>
</sec>
<sec id="sec-6">
<label>3.3</label>
<title>Data transformation</title>
<p>After data lands in the centralized data storage, it needs to be cleaned, processed, and
combined before it’s useful for analytics, reporting, or machine learning. Before <abbrev alt="data build tool">dbt</abbrev>
became the standard for <abbrev alt="Structured Query Language">SQL</abbrev> data transformation, the <abbrev alt="Structured Query Language">SQL</abbrev> data transformation layer often
consisted of an unstructured mess of scripts, stored procedures, or—even worse—<abbrev alt="graphical user interface">GUI</abbrev>-based
data pipelines. <abbrev alt="data build tool">dbt</abbrev> changed the game by providing a “<abbrev alt="Structured Query Language">SQL</abbrev>-first transformation workflow
that lets teams quickly and collaboratively deploy analytics code following software
engineering best practices” (<xref ref-type="bibr" rid="ref-13">dbt Labs, Inc., 2024</xref>).</p>
<p>Kedro is an open-source Python framework that empowers data teams to write reproducible,
maintainable, and modular data pipelines (<xref ref-type="bibr" rid="ref-14">Alam <italic>et al.</italic>, 2025</xref>). Kedro joined the Linux Foundation <abbrev alt="artificial intelligence">AI</abbrev>
&amp; Data Foundation in 2021, graduating from Incubation in 2024 (<xref ref-type="bibr" rid="ref-15">Foundation, 2025</xref>). Like
<abbrev alt="data build tool">dbt</abbrev>, Kedro helps apply software engineering best practices to data transformation code.
Both projects also model transformation workflows as directed acyclic graphs (<abbrev alt="directed acyclic graph">DAG</abbrev>s). A
former <abbrev alt="data build tool">dbt</abbrev> Labs product manager remarked on the similarities between the two frameworks:</p>
<disp-quote>
<p>When I learned about Kedro (while at <abbrev alt="data build tool">dbt</abbrev> Labs), I commented that it was like <abbrev alt="data build tool">dbt</abbrev> if it
were created by Python data scientists instead of <abbrev alt="Structured Query Language">SQL</abbrev> data analysts (including both
being created out of consulting companies).</p>
<attrib>Cody Peterson, Technical Product Manager @ Voltron Data (<xref ref-type="bibr" rid="ref-9">Datta, 2024</xref>)</attrib></disp-quote>
<p>Our work integrating Kedro and Ibis opens the door to Python transformation workflows on
par with <abbrev alt="Structured Query Language">SQL</abbrev>-based transformation with tools like <abbrev alt="data build tool">dbt</abbrev>. To illustrate, we reimplement the
canonical Jaffle Shop <abbrev alt="data build tool">dbt</abbrev> demo project (<xref ref-type="bibr" rid="ref-16">dbt Labs, Inc., 2025</xref>) using this stack.</p>
<sec id="sec-7">
<label>3.3.1</label>
<title>Configuring the Data Catalog</title>
<p>One of the core features of Kedro is the Data Catalog, a per-Kedro-project repository of
data sources and sinks configured for use by the project (<xref ref-type="bibr" rid="ref-14">Alam <italic>et al.</italic>, 2025</xref>). Kedro also supports a
concept of data connectors called datasets. To enable reading and writing Ibis tables in
Kedro pipelines, we contributed Ibis dataset implementations for handling data in tables
and in files to Kedro-Datasets, a Python package containing commonly-used dataset
implementations maintained by the Kedro team.</p>
<p>The standard approach for using a dataset is to add it to the <monospace>catalog.yml</monospace>
configuration file:</p>
<boxed-text id="code-4" content-type="code"><code language="yaml">_duckdb:
  backend: duckdb
  # `database` and `threads` are parameters for `ibis.duckdb.connect()`.
  database: jaffle_shop.duckdb
  threads: 24

seed_customers:
  type: ibis.FileDataset
  filepath: data/01_raw/raw_customers.csv
  file_format: csv
  connection: ${_duckdb}

raw_customers:
  type: ibis.TableDataset
  table_name: raw_customers
  connection: ${_duckdb}
  save_args:
    materialized: table

...</code>
<caption>
<p>A subset of the dataset definitions used to implement a port of the Jaffle Shop <abbrev alt="data build tool">dbt</abbrev> demo project (<xref ref-type="bibr" rid="ref-16">dbt Labs, Inc., 2025</xref>) using Kedro and Ibis.</p>
</caption>
</boxed-text>
<p>With the Kedro-Ibis integration, data is represented in memory as Ibis tables, analogous
to other lazy dataframe implementations like Polars LazyFrames and Spark DataFrames. The
main difference is that Ibis can work with a much wider array of backend data systems;
for example, the above example connects to a DuckDB database. The implementations of the
Ibis datasets also abstract other functionalities that data engineers require, including
support for different materialization strategies (<monospace>seed_customers</monospace> stores loaded data in
a view, whereas <monospace>raw_customers</monospace> overrides the default behavior and persists data as a
table) (<xref ref-type="bibr" rid="ref-9">Datta, 2024</xref>).</p>
<p>Other optimizations include caching connections for reuse. Similar to how <abbrev alt="data build tool">dbt</abbrev> configures
connection details in <monospace>profiles.yml</monospace> (<xref ref-type="bibr" rid="ref-17">dbt Labs, Inc., 2025</xref>), we leverage variable interpolation
supported by the Kedro configuration loader to define and reuse connection information
(<xref ref-type="bibr" rid="ref-9">Datta, 2024</xref>).</p>
</sec>
<sec id="sec-8">
<label>3.3.2</label>
<title>Building pipelines</title>
<p>Kedro pipelines are composed of nodes, which themselves are simply Python functions.
Given the datasets described in the above section load and save data as Ibis tables, the
function needs to take as input and return as output any number of Ibis tables.</p>
<boxed-text id="code-5" content-type="code"><code language="python">from __future__ import annotations

import ibis


def process_orders(
    orders: ibis.Table, payments: ibis.Table, payment_methods: list[str]
) -&gt; ibis.Table:
    total_amount_by_payment_method = {}
    for payment_method in payment_methods:
        total_amount_by_payment_method[f"{payment_method}_amount"] = ibis.coalesce(
            payments.amount.sum(where=payments.payment_method == payment_method), 0
        )

    order_payments = payments.group_by("order_id").aggregate(
        **total_amount_by_payment_method, total_amount=payments.amount.sum()
    )

    final = orders.left_join(order_payments, "order_id")[
        [
            orders.order_id,
            orders.customer_id,
            orders.order_date,
            orders.status,
            *[
                order_payments[f"{payment_method}_amount"]
                for payment_method in payment_methods
            ],
            order_payments.total_amount.name("amount"),
        ]
    ]
    return final</code>
<caption>
<p>The same logic as the <monospace>orders.sql</monospace> model from <xref ref-type="bibr" rid="ref-16">dbt Labs, Inc. (2025)</xref> expressed using Ibis in a Python function.</p>
</caption>
</boxed-text>
<p>One of the advantages of native Python is cleaner parametrization. In the above example,
we iterate over <monospace>payment_methods</monospace> using a for loop. By comparison, a templating language
like Jinja is necessary to extend the capabilities of <abbrev alt="Structured Query Language">SQL</abbrev> to support control structures,
variable interpolation, and more in <abbrev alt="data build tool">dbt</abbrev> (<xref ref-type="bibr" rid="ref-18">dbt Labs, Inc., 2025</xref>). Another benefit of Python as a data
transformation language is that it supports unit tests. While <abbrev alt="data build tool">dbt</abbrev> added support for unit
tests in 2024, it has many limitations (<xref ref-type="bibr" rid="ref-19">dbt Labs, Inc., 2025</xref>).</p>
<p>A complete port of the Jaffle Shop project using Kedro and Ibis is available on GitHub
(<xref ref-type="bibr" rid="ref-20">Datta, 2024</xref>).</p>
</sec>
</sec>
<sec id="sec-9">
<label>3.4</label>
<title><abbrev alt="business intelligence">BI</abbrev> and analytics</title>
<p>The <abbrev alt="business intelligence">BI</abbrev> and analytics layer includes everything from dashboards (with tools like Power<abbrev alt="business intelligence">BI</abbrev>,
Tableau, Looker, and Streamlit) to machine learning and data science
(<xref ref-type="bibr" rid="ref-10">Krantz &amp; Jonker, 2025</xref>). While <abbrev alt="Structured Query Language">SQL</abbrev> is well supported choice by most <abbrev alt="business intelligence">BI</abbrev> tools, Python holds
a significant edge in <abbrev alt="artificial intelligence">AI</abbrev> and <abbrev alt="machine learning">ML</abbrev> workflows. In fact, we believe that data scientists,
machine learning engineers, and data engineers who work alongside data science teams are
likely to be the biggest beneficiaries of the emergence of the Python-first analytics
stack. Kedro is already established as a popular framework for authoring data science
pipelines, and these developments help enable cross-functional teams to write end-to-end
data transformation pipelines using a single technology.</p>
<p>That said, Ibis does integrate with a number of data visualization and dashboarding
tools, including Streamlit and Plotly (<xref ref-type="bibr" rid="ref-8">Ibis maintainers, 2025</xref>). Furthermore, most <abbrev alt="business intelligence">BI</abbrev> tools support Python
to some extent, and Ibis can produce data in a supported dataframe format.</p>
</sec>
<sec id="sec-10">
<label>3.5</label>
<title>Data observability</title>
<p>Data observability is a broad category that includes data quality, freshness, and other
metrics (<xref ref-type="bibr" rid="ref-10">Krantz &amp; Jonker, 2025</xref>). In our work, we focused on providing a solution for data
validation as part of the composable Python analytics stack. Pandera originated as a
lightweight-yet-expressive API for validating pandas dataframes
(<xref ref-type="bibr" rid="ref-23">Bantilan, 2020</xref>). As it evolved, Pandera added support for other
pandas-compatible APIs, including GeoPandas, Dask, Modin, and the pandas API on Spark.
Later, Pandera loosened its tight coupling with the pandas API in order to support other
execution engines like Polars (<xref ref-type="bibr" rid="ref-24">Bantilan, 2023</xref>).</p>
<p>We take advantage of this prior work to support validating Ibis tables using
Pandera—and, by extension, enable data validation across the full suite of
Ibis-supported backends. For built-in checks (i.e. the wide range of common data quality
checks that Pandera supports out of the box), the fact that <italic>Ibis</italic> enables validation on
a previously-unsupported data processing framework or database can be almost transparent
to the user. For more bespoke checks, the Ibis backend (similar to all of the
previously-existing Pandera backends) supports defining custom checks, and these do need
to be written using Ibis syntax.</p>
<boxed-text id="code-6" content-type="code"><code language="python">import ibis
import pandera.ibis as pa
from ibis import _
from pandera.ibis import IbisData


def total_amount_positive(data: IbisData) -&gt; ibis.Table:
    w = ibis.window(group_by="order_id")
    with_total_amount = data.table.mutate(total_amount=data.table.amount.sum().over(w))
    return with_total_amount.order_by("order_id").select(_.total_amount &gt;= 0)


schema = pa.DataFrameSchema(
    columns={
        "order_id": pa.Column(int),
        "amount": pa.Column(float),
        "status": pa.Column(
            str,
            pa.Check.isin(
                ["placed", "shipped", "completed", "returned", "return_pending"]
            ),
        ),
    },
    checks=[pa.Check(total_amount_positive)],
)

con = ibis.duckdb.connect("jaffle_shop.duckdb")
orders = con.table("orders")

schema.validate(orders)</code>
<caption>
<p>An example of validating data in DuckDB using the Ibis backend for Pandera, including both built-in and custom checks.</p>
</caption>
</boxed-text>
</sec>
</sec>
<sec id="sec-11">
<label>4</label>
<title>The future of the composable, Python-native data stack</title>
<p>In this paper, we have laid out the foundations for the composable, Python-native data
stack. As with any new development in the open-source data ecosystem, getting to this
point would not have been possible without the contributions of many people and projects
over the past decade—maintainers, committers, contributors, and users across <abbrev alt="data load tool">dlt</abbrev>, Kedro,
Pandera, and, of course, Ibis.</p>
<p>At the same time, the Python data stack is not (yet) a product category that the data
engineering community has coalesced around in the way that the modern data stack went
from an idea to the accepted way to do data engineering using <abbrev alt="Structured Query Language">SQL</abbrev> and the cloud years
prior. This means that there are gaps waiting to be addressed and hardening that needs
to happen. <abbrev alt="data load tool">dlt</abbrev> has quickly gained traction among data engineers. Kedro is a mature data
transformation framework that benefits from an active community and usage across
academia, research institutions, startups, and Fortune 500 companies. The Ibis
integration has been widely adopted by users, despite being relatively new; this usage
has also highlighted functionalities that need adding, such as support for insert and
upsert operations, both of which are in progress. Pandera itself is a very popular
choice for data validation, but the Ibis integration is new. Other integrations, usually
driven by the community (between Kedro and Pandera, as well as between Kedro and
workflow orchestrators like Airflow and Dagster), show promise as part of a future
iteration of the stack.</p>
<p>The future is bright for the Python analytics stack. For one, the pieces fell together
not because we wanted to create a Python-based alternative to the already-successful <abbrev alt="Structured Query Language">SQL</abbrev>
data stack, but rather because users were performing data engineering tasks using Python
and didn’t have the tooling to do it the “right” way. Furthermore, the growth in
popularity of Python means that more users will face the same challenges we already do.
While not a focus of this paper, some of the frameworks presented also have technical
advantages that come from the composable nature of the proposed stack. Because Ibis
provides a unified API, data transformation and data validation using Ibis is portable,
meaning you can develop using local engines and run in production using other engines.
By extension, the Python-first analytics stack is well-positioned with increasing
interest in multi-engine stacks.</p>
</sec>
</body>
<back>
<ref-list>
<ref id="ref-1">
<element-citation publication-type="document">
<article-title>Is the "Modern Data Stack" Still a Useful Idea?</article-title>
<person-group person-group-type="author">
<name><surname>Handy</surname><given-names>Tristan</given-names></name>
</person-group><year iso-8601-date="2024">2024</year></element-citation>
</ref>
<ref id="ref-2">
<element-citation publication-type="document">
<article-title>What are the steps / tools in setting up a modern, SaaS-based BI infrastructure?</article-title>
<person-group person-group-type="author">
<name><surname>Handy</surname><given-names>Tristan</given-names></name>
</person-group><year iso-8601-date="2016">2016</year></element-citation>
</ref>
<ref id="ref-3">
<element-citation publication-type="document">
<article-title>ETL vs. ELT: Choose the right approach for data integration</article-title>
<person-group person-group-type="author">
<name><surname>Wang</surname><given-names>Charles</given-names></name>
</person-group><year iso-8601-date="2022">2022</year></element-citation>
</ref>
<ref id="ref-4">
<element-citation publication-type="report">
<article-title>Data Warehousing on AWS: AWS Whitepaper</article-title>
<person-group person-group-type="author">
<name><surname>Amazon Web Services</surname><given-names>Inc. and/or its affiliates</given-names></name>
</person-group><year iso-8601-date="2021">2021</year><fpage>8</fpage></element-citation>
</ref>
<ref id="ref-5">
<element-citation publication-type="document">
<article-title>Stack Overflow Developer Survey 2023</article-title>
<person-group person-group-type="author">
<name><surname>Stack Exchange, Inc.</surname></name>
</person-group><year iso-8601-date="2023">2023</year></element-citation>
</ref>
<ref id="ref-6">
<element-citation publication-type="document">
<article-title>Python models</article-title>
<person-group person-group-type="author">
<name><surname>dbt Labs, Inc.</surname></name>
</person-group><year iso-8601-date="2025">2025</year></element-citation>
</ref>
<ref id="ref-8">
<element-citation publication-type="document">
<article-title>Ibis: the portable Python dataframe library</article-title>
<person-group person-group-type="author">
<name><surname>Ibis maintainers</surname></name>
</person-group><year iso-8601-date="2025">2025</year></element-citation>
</ref>
<ref id="ref-21">
<element-citation publication-type="journal">
<article-title>The Composable Data Management System Manifesto</article-title>
<person-group person-group-type="author">
<name><surname>Pedreira</surname><given-names>Pedro</given-names></name>
<name><surname>Erling</surname><given-names>Orri</given-names></name>
<name><surname>Karanasos</surname><given-names>Konstantinos</given-names></name>
<name><surname>Schneider</surname><given-names>Scott</given-names></name>
<name><surname>McKinney</surname><given-names>Wes</given-names></name>
<name><surname>Valluri</surname><given-names>Satya R</given-names></name>
<name><surname>Zait</surname><given-names>Mohamed</given-names></name>
<name><surname>Nadeau</surname><given-names>Jacques</given-names></name>
</person-group><source>Proceedings of the VLDB Endowment</source><year iso-8601-date="2023">2023</year><pub-id pub-id-type="doi">10.14778/3603581.3603604</pub-id><volume>16</volume><issue>10</issue><fpage>2679</fpage><lpage>2685</lpage>
<issn>2150-8097</issn>
</element-citation>
</ref>
<ref id="ref-22">
<element-citation publication-type="journal">
<article-title>Apache Spark: a unified engine for big data processing</article-title>
<person-group person-group-type="author">
<name><surname>Zaharia</surname><given-names>Matei</given-names></name>
<name><surname>Xin</surname><given-names>Reynold S.</given-names></name>
<name><surname>Wendell</surname><given-names>Patrick</given-names></name>
<name><surname>Das</surname><given-names>Tathagata</given-names></name>
<name><surname>Armbrust</surname><given-names>Michael</given-names></name>
<name><surname>Dave</surname><given-names>Ankur</given-names></name>
<name><surname>Meng</surname><given-names>Xiangrui</given-names></name>
<name><surname>Rosen</surname><given-names>Josh</given-names></name>
<name><surname>Venkataraman</surname><given-names>Shivaram</given-names></name>
<name><surname>Franklin</surname><given-names>Michael J.</given-names></name>
<name><surname>Ghodsi</surname><given-names>Ali</given-names></name>
<name><surname>Gonzalez</surname><given-names>Joseph</given-names></name>
<name><surname>Shenker</surname><given-names>Scott</given-names></name>
<name><surname>Stoica</surname><given-names>Ion</given-names></name>
</person-group><source>Communications of the ACM</source><year iso-8601-date="2016">2016</year><pub-id pub-id-type="doi">10.1145/2934664</pub-id><volume>59</volume><issue>11</issue><fpage>56</fpage><lpage>65</lpage>
<issn>1557-7317</issn>
</element-citation>
</ref>
<ref id="ref-9">
<element-citation publication-type="document">
<article-title>Building scalable data pipelines with Kedro and Ibis</article-title>
<person-group person-group-type="author">
<name><surname>Datta</surname><given-names>Deepyaman</given-names></name>
</person-group><year iso-8601-date="2024">2024</year></element-citation>
</ref>
<ref id="ref-10">
<element-citation publication-type="document">
<article-title>What is the modern data stack?</article-title>
<person-group person-group-type="author">
<name><surname>Krantz</surname><given-names>Tom</given-names></name>
<name><surname>Jonker</surname><given-names>Alexandra</given-names></name>
</person-group><year iso-8601-date="2025">2025</year></element-citation>
</ref>
<ref id="ref-11">
<element-citation publication-type="document">
<article-title>dltHub: ELT as Python Code</article-title>
<person-group person-group-type="author">
<name><surname>dltHub</surname></name>
</person-group><year iso-8601-date="2025">2025</year></element-citation>
</ref>
<ref id="ref-12">
<element-citation publication-type="document">
<article-title>dlt adds Reverse ETL - build a custom destination in minutes</article-title>
<person-group person-group-type="author">
<name><surname>Brudaru</surname><given-names>Adrian</given-names></name>
</person-group><year iso-8601-date="2024">2024</year></element-citation>
</ref>
<ref id="ref-13">
<element-citation publication-type="document">
<article-title>What is dbt?</article-title>
<person-group person-group-type="author">
<name><surname>dbt Labs, Inc.</surname></name>
</person-group><year iso-8601-date="2024">2024</year></element-citation>
</ref>
<ref id="ref-14">
<element-citation publication-type="software">
<article-title>Kedro</article-title>
<person-group person-group-type="author">
<name><surname>Alam</surname><given-names>Sajid</given-names></name>
<name><surname>Chan</surname><given-names>Nok Lam</given-names></name>
<name><surname>Couto</surname><given-names>Laura</given-names></name>
<name><surname>Dada</surname><given-names>Yetunde</given-names></name>
<name><surname>Danov</surname><given-names>Ivan</given-names></name>
<name><surname>Datta</surname><given-names>Deepyaman</given-names></name>
<name><surname>DeBold</surname><given-names>Tynan</given-names></name>
<name><surname>Gundaniya</surname><given-names>Jitendra</given-names></name>
<name><surname>Honoré-Rougé</surname><given-names>Yolan</given-names></name>
<name><surname>Kaiser</surname><given-names>Stephanie</given-names></name>
<name><surname>Kanchwala</surname><given-names>Rashida</given-names></name>
<name><surname>Katiyar</surname><given-names>Ankita</given-names></name>
<name><surname>Pilla</surname><given-names>Ravi Kumar</given-names></name>
<name><surname>Nguyen</surname><given-names>Huong</given-names></name>
<name><surname>Cano Rodríguez</surname><given-names>Juan Luis</given-names></name>
<name><surname>Schwarzmann</surname><given-names>Joel</given-names></name>
<name><surname>Sorokin</surname><given-names>Dmitry</given-names></name>
<name><surname>Theisen</surname><given-names>Merel</given-names></name>
<name><surname>Zabłocki</surname><given-names>Marcin</given-names></name>
<name><surname>Brugman</surname><given-names>Simon</given-names></name>
</person-group><year iso-8601-date="2025">2025</year></element-citation>
</ref>
<ref id="ref-15">
<element-citation publication-type="document">
<article-title>Kedro</article-title>
<person-group person-group-type="author">
<name><surname>Foundation</surname><given-names>The Linux</given-names></name>
</person-group><year iso-8601-date="2025">2025</year></element-citation>
</ref>
<ref id="ref-16">
<element-citation publication-type="document">
<article-title>The Jaffle Shop</article-title>
<person-group person-group-type="author">
<name><surname>dbt Labs, Inc.</surname></name>
</person-group><year iso-8601-date="2025">2025</year></element-citation>
</ref>
<ref id="ref-17">
<element-citation publication-type="document">
<article-title>About profiles.yml</article-title>
<person-group person-group-type="author">
<name><surname>dbt Labs, Inc.</surname></name>
</person-group><year iso-8601-date="2025">2025</year></element-citation>
</ref>
<ref id="ref-18">
<element-citation publication-type="document">
<article-title>Jinja and macros</article-title>
<person-group person-group-type="author">
<name><surname>dbt Labs, Inc.</surname></name>
</person-group><year iso-8601-date="2025">2025</year></element-citation>
</ref>
<ref id="ref-19">
<element-citation publication-type="document">
<article-title>Unit tests</article-title>
<person-group person-group-type="author">
<name><surname>dbt Labs, Inc.</surname></name>
</person-group><year iso-8601-date="2025">2025</year></element-citation>
</ref>
<ref id="ref-20">
<element-citation publication-type="document">
<article-title>Jaffle Shop</article-title>
<person-group person-group-type="author">
<name><surname>Datta</surname><given-names>Deepyaman</given-names></name>
</person-group><year iso-8601-date="2024">2024</year></element-citation>
</ref>
<ref id="ref-23">
<element-citation publication-type="paper-conference">
<article-title>pandera: Statistical Data Validation of Pandas Dataframes</article-title>
<person-group person-group-type="author">
<name><surname>Bantilan</surname><given-names>Niels</given-names></name>
</person-group><source>Proceedings of the 19th Python in Science Conference</source><year iso-8601-date="2020">2020</year><pub-id pub-id-type="doi">10.25080/majora-342d178e-010</pub-id><fpage>116</fpage><lpage>124</lpage>
<issn>2575-9752</issn>
</element-citation>
</ref>
<ref id="ref-24">
<element-citation publication-type="paper-conference">
<article-title>Pandera: Going Beyond Pandas Data Validation</article-title>
<person-group person-group-type="author">
<name><surname>Bantilan</surname><given-names>Niels</given-names></name>
</person-group><source>Proceedings of the 22nd Python in Science Conference</source><year iso-8601-date="2023">2023</year><pub-id pub-id-type="doi">10.25080/gerudo-f2bc6f59-010</pub-id><fpage>124</fpage><lpage>129</lpage>
<issn>2575-9752</issn>
</element-citation>
</ref>
<ref id="ref-7">
<element-citation publication-type="document">
<article-title>Designing Interfaces is hard</article-title>
<person-group person-group-type="author">
<name><surname>Forsyth</surname><given-names>Gil</given-names></name>
</person-group><year iso-8601-date="2024">2024</year></element-citation>
</ref>
</ref-list>
<fn-group><fn id="fn-1">
<label>1</label>
<p>Given Handy suggests “analytics stack” as a more appropriate term for the
ecosystem of cloud-first data tools (<xref ref-type="bibr" rid="ref-1">Handy, 2024</xref>), and to avoid confusion with the existing
set of technologies closely associated with the phrase “modern data stack,” we prefer to
use the name “Python analytics stack” or “Python data stack.”</p>
</fn><fn id="fn-2">
<label>2</label>
<p>The <abbrev alt="Structured Query Language">SQL</abbrev> standard isn’t a well-adhered-to standard in that each database
supports a slightly different version of the <abbrev alt="Structured Query Language">SQL</abbrev> standard, often referred to as a
<abbrev alt="Structured Query Language">SQL</abbrev> dialect. <xref ref-type="bibr" rid="ref-7">Forsyth (2024)</xref> shows a few common examples of queries that need to be
expressed differently based on the database or execution engine being used.</p>
</fn></fn-group>
</back>
</article>
