<?xml version="1.0" encoding="UTF-8"?>
<!DOCTYPE article PUBLIC "-//NLM//DTD JATS (Z39.96) Journal Archiving and Interchange DTD with MathML3 v1.3 20210610//EN" "http://jats.nlm.nih.gov/publishing/1.3/JATS-archivearticle1-3-mathml3.dtd">
<article xmlns:mml="http://www.w3.org/1998/Math/MathML" xmlns:xlink="http://www.w3.org/1999/xlink" xmlns:xsi="http://www.w3.org/2001/XMLSchema-instance" xmlns:ali="http://www.niso.org/schemas/ali/1.0/" dtd-version="1.3" xml:lang="en" id="main">
<front>
<article-meta>
<article-id pub-id-type="doi">10.25080/frwc3537</article-id>
<title-group>
<article-title>SciPy Proceedings: An Exemplar for Publishing Computational Open Science</article-title>
</title-group>
<contrib-group>
<contrib contrib-type="author" corresp="yes">
<contrib-id contrib-id-type="orcid">https://orcid.org/0000-0002-7859-8394</contrib-id>
<name name-style="western"><surname>Cockett</surname><given-names>Rowan</given-names></name>
<role vocab="credit" vocab-identifier="https://credit.niso.org/" vocab-term="Conceptualization" vocab-term-identifier="https://credit.niso.org/contributor-roles/conceptualization/">Conceptualization</role>
<role vocab="credit" vocab-identifier="https://credit.niso.org/" vocab-term="Funding acquisition" vocab-term-identifier="https://credit.niso.org/contributor-roles/funding-acquisition/">Funding acquisition</role>
<role vocab="credit" vocab-identifier="https://credit.niso.org/" vocab-term="Investigation" vocab-term-identifier="https://credit.niso.org/contributor-roles/investigation/">Investigation</role>
<role vocab="credit" vocab-identifier="https://credit.niso.org/" vocab-term="Project administration" vocab-term-identifier="https://credit.niso.org/contributor-roles/project-administration/">Project administration</role>
<role vocab="credit" vocab-identifier="https://credit.niso.org/" vocab-term="Software" vocab-term-identifier="https://credit.niso.org/contributor-roles/software/">Software</role>
<role vocab="credit" vocab-identifier="https://credit.niso.org/" vocab-term="Supervision" vocab-term-identifier="https://credit.niso.org/contributor-roles/supervision/">Supervision</role>
<role vocab="credit" vocab-identifier="https://credit.niso.org/" vocab-term="Visualization" vocab-term-identifier="https://credit.niso.org/contributor-roles/visualization/">Visualization</role>
<role vocab="credit" vocab-identifier="https://credit.niso.org/" vocab-term="Writing – original draft" vocab-term-identifier="https://credit.niso.org/contributor-roles/writing-original-draft/">Writing – original draft</role>
<role vocab="credit" vocab-identifier="https://credit.niso.org/" vocab-term="Writing – review &amp; editing" vocab-term-identifier="https://credit.niso.org/contributor-roles/writing-review-editing/">Writing – review &amp; editing</role>
<xref ref-type="aff" rid="aff-1"/><xref ref-type="aff" rid="aff-2"/><xref ref-type="aff" rid="aff-3"/>
<email>rowan@curvenote.com</email>
</contrib>
<contrib contrib-type="author">
<contrib-id contrib-id-type="orcid">https://orcid.org/0000-0002-6393-7058</contrib-id>
<name name-style="western"><surname>Koch</surname><given-names>Franklin</given-names></name>
<role vocab="credit" vocab-identifier="https://credit.niso.org/" vocab-term="Investigation" vocab-term-identifier="https://credit.niso.org/contributor-roles/investigation/">Investigation</role>
<role vocab="credit" vocab-identifier="https://credit.niso.org/" vocab-term="Software" vocab-term-identifier="https://credit.niso.org/contributor-roles/software/">Software</role>
<role vocab="credit" vocab-identifier="https://credit.niso.org/" vocab-term="Writing – review &amp; editing" vocab-term-identifier="https://credit.niso.org/contributor-roles/writing-review-editing/">Writing – review &amp; editing</role>
<xref ref-type="aff" rid="aff-1"/><xref ref-type="aff" rid="aff-2"/>
<email>franklin@curvenote.com</email>
</contrib>
<contrib contrib-type="author">
<contrib-id contrib-id-type="orcid">https://orcid.org/0000-0002-0760-5497</contrib-id>
<name name-style="western"><surname>Purves</surname><given-names>Steve</given-names></name>
<role vocab="credit" vocab-identifier="https://credit.niso.org/" vocab-term="Conceptualization" vocab-term-identifier="https://credit.niso.org/contributor-roles/conceptualization/">Conceptualization</role>
<role vocab="credit" vocab-identifier="https://credit.niso.org/" vocab-term="Funding acquisition" vocab-term-identifier="https://credit.niso.org/contributor-roles/funding-acquisition/">Funding acquisition</role>
<role vocab="credit" vocab-identifier="https://credit.niso.org/" vocab-term="Investigation" vocab-term-identifier="https://credit.niso.org/contributor-roles/investigation/">Investigation</role>
<role vocab="credit" vocab-identifier="https://credit.niso.org/" vocab-term="Project administration" vocab-term-identifier="https://credit.niso.org/contributor-roles/project-administration/">Project administration</role>
<role vocab="credit" vocab-identifier="https://credit.niso.org/" vocab-term="Software" vocab-term-identifier="https://credit.niso.org/contributor-roles/software/">Software</role>
<role vocab="credit" vocab-identifier="https://credit.niso.org/" vocab-term="Supervision" vocab-term-identifier="https://credit.niso.org/contributor-roles/supervision/">Supervision</role>
<role vocab="credit" vocab-identifier="https://credit.niso.org/" vocab-term="Writing – review &amp; editing" vocab-term-identifier="https://credit.niso.org/contributor-roles/writing-review-editing/">Writing – review &amp; editing</role>
<xref ref-type="aff" rid="aff-1"/><xref ref-type="aff" rid="aff-2"/><xref ref-type="aff" rid="aff-3"/>
<email>steve@curvenote.com</email>
</contrib>
</contrib-group>
<aff id="aff-1">
<institution-wrap>
<institution>Project Jupyter</institution>
</institution-wrap>
<ext-link ext-link-type="uri" xlink:href="https://jupyter.org">https://jupyter.org</ext-link>
</aff>
<aff id="aff-2">
<institution-wrap>
<institution>Curvenote Inc.</institution>
<institution-id institution-id-type="ror">https://ror.org/02mz0e468</institution-id>
</institution-wrap>
<country>Canada</country>
<email>support@curvenote.com</email>
<ext-link ext-link-type="uri" xlink:href="https://curvenote.com">https://curvenote.com</ext-link>
</aff>
<aff id="aff-3">
<institution-wrap>
<institution>Continuous Science Foundation</institution>
</institution-wrap>
<ext-link ext-link-type="uri" xlink:href="https://continuousfoundation.org">https://continuousfoundation.org</ext-link>
</aff>
<fpage>294</fpage><lpage>302</lpage>
<permissions>
<ali:free_to_read/>
<license xlink:href="https://creativecommons.org/licenses/by/4.0/">
<ali:license_ref>https://creativecommons.org/licenses/by/4.0/</ali:license_ref>
<license-p>This is an open access article distributed under the terms of the <ext-link ext-link-type="uri" xlink:href="http://creativecommons.org/licenses/by/4.0/">Creative Commons Attribution License</ext-link>, which permits unrestricted use, distribution, and reproduction in any medium, provided the original author and source are credited.</license-p>
</license>
</permissions>
<abstract>
<p>The SciPy Proceedings have served as a cornerstone of scholarly communication within the scientific Python ecosystem since their introduction in 2008. In 2024, the publication process underwent a significant transformation, adopting a new open-source infrastructure built on <abbrev alt="Markedly Structured Text">MyST</abbrev> Markdown and Curvenote. This transition enabled a web-first, interactive publishing workflow that improves reproducibility, readability, and metadata quality. Authors submit articles through GitHub, receive new structured feedback via continuous integration (<abbrev alt="Continuous Integration">CI</abbrev>), and benefit from new live previews, automated <abbrev alt="Portable Document Format">PDF</abbrev> generation with Typst, and archival Journal Article Tag Suite (<abbrev alt="Journal Article Tag Suite">JATS</abbrev>) <abbrev alt="Extensible Markup Language">XML</abbrev> export. This paper details the infrastructure, authoring workflow, and technical tooling that powers the new SciPy Proceedings. We demonstrate how these advances support executable content, interactive figures, and modern metadata standards—offering a model for computational publishing in other scientific communities.</p>
</abstract>
<kwd-group>
<kwd>open science</kwd>
<kwd>jupyter</kwd>
<kwd>scientific communication</kwd>
<kwd>publishing</kwd>
<kwd>authoring</kwd>
<kwd>reproducibility</kwd>
</kwd-group>
</article-meta>
</front>
<body>
<sec id="sec-1">
<label>1</label>
<title>Introduction</title>
<p>Scientific publishing faces a fundamental disconnect between published research and the computational methods that produced it. While researchers increasingly rely on code, data, and interactive computational workflows, traditional academic publishing remains rooted in static, paper-based formats that cannot capture the dynamic nature of modern scientific inquiry. This is particularly acute in computational science, where reproducibility requires access to executable code, interactive visualizations, and the ability to verify results through direct experimentation.</p>
<p>The reproducibility crisis in science has been well-documented, with studies showing that a significant portion of published research cannot be replicated due to missing code, data, or insufficient methodological detail (<xref ref-type="bibr" rid="ref-1">American Association for the Advancement of Science (AAAS), 2015</xref>; <xref ref-type="bibr" rid="ref-4">Baker, 2016</xref>). In computational research, this problem is amplified by the inherent complexity of software-based methods, where subtle differences in environments, dependencies, or implementation details can lead to dramatically different results (<xref ref-type="bibr" rid="ref-5">Stodden <italic>et al.</italic>, 2016</xref>). Traditional <abbrev alt="Portable Document Format">PDF</abbrev>-based publishing, while excellent for narrative content, fundamentally cannot execute code, provide interactive exploration of data, or adapt to different computational environments.</p>
<p>Since its inception in 2008, the SciPy Proceedings have offered a high-quality venue for publishing scientific and technical contributions built on the Python ecosystem. The SciPy Proceedings are an opportunity for accepted speakers at the SciPy Conference to submit a peer-reviewed publication, and there have been over 350 peer-reviewed articles published. The articles often represent a chance to document or understand the motivations behind new scientific software or tools built for the scientific Python community. This type of work is critical for advancement across many research disciplines, but traditional academic journals can be reluctant to publish it. Without the SciPy Proceedings, many of these articles may not exist.</p>
<p>In 2024, the SciPy Proceedings committee reimagined the entire publishing workflow by adopting modern, open-source community-built infrastructure built on <ext-link ext-link-type="uri" xlink:href="https://mystmd.org">MyST Markdown</ext-link> and <ext-link ext-link-type="uri" xlink:href="https://curvenote.com">Curvenote</ext-link>. This transition enabled the SciPy Proceedings to be part of a larger movement and ecosystem of open source publishing tools and workflows. The result was a new model of computational publishing that supports executable content, high-quality structured metadata, and a web-first reading experience with interactive features. This shift not only enhances the publishing experience for authors and reviewers but also significantly improves the way readers interact with scientific content, fundamentally advancing the principles of open science and reproducible research.</p>
<fig id="figure-1">
<label>Figure 1:</label>
<caption>
<p>Side-by-side comparison of a 2023 Proceedings listing page, which only included titles, authors, and links to <abbrev alt="Portable Document Format">PDF</abbrev>s, and the 2024 Proceedings listing in the new format, using modern web components to render thumbnails and additional metadata.</p>
</caption>
<graphic mimetype="image" mime-subtype="png" xlink:href="files/listing-c6034dd178fab27b80e5e2efc41bc11c.png"/>
</fig>
</sec>
<sec id="sec-2">
<label>2</label>
<title>A New Model for Scientific Publishing</title>
<p>The most significant improvement in the 2024 Proceedings is the transition from static <abbrev alt="Portable Document Format">PDF</abbrev>s to web-native articles rendered directly from <abbrev alt="Markedly Structured Text">MyST</abbrev> Markdown (<ext-link ext-link-type="uri" xlink:href="https://mystmd.org">https://mystmd.org</ext-link>). Each article is hosted by Curvenote on the SciPy Proceedings website as an interactive web page, preserving semantic structure and supporting accessibility, deep linking, and citation preview. This transition addresses the fundamental limitations of traditional publishing by enabling the kind of interactive, executable content that computational research requires.</p>
<sec id="sec-3">
<label>2.1</label>
<title>Executable Content and Reproducibility</title>
<p>The new format enables true reproducibility by allowing readers to execute code directly within the article. Articles can include executed Jupyter Notebooks (e.g. <xref ref-type="bibr" rid="ref-6">Lujan (2024)</xref>) with full output from code cells already present, interactive code blocks that can be re-run, live data connections that pull from versioned repositories, and environment specifications that document the exact computational environment used. This executable content transforms the reading experience from passive consumption to see the computational work directly integrated into the reading experience. This direct engagement builds trust in the research and enables the kind of iterative exploration that drives scientific discovery.</p>
</sec>
<sec id="sec-4">
<label>2.2</label>
<title>Enhanced Discoverability and Navigation</title>
<p>The web-native format also provides discoverability through structured content and semantic markup. Articles feature linkable sections, figures, and code blocks that enable precise citation and reference (e.g. to a specific section or figure), semantic structure that search engines can understand and index, rich metadata that connects articles to related research, datasets, and software, and cross-references that link to related work, dependencies, and extensions.</p>
</sec>
<sec id="sec-5">
<label>2.3</label>
<title>Interactive Exploration and Visualization</title>
<p>The new format supports the kind of interactive exploration that computational research demands: 3D interactive visualizations using tools like <monospace>k3d</monospace>, <monospace>pythreejs</monospace>, or <monospace>vtk.js</monospace> that respond to user input, dynamic plots that update based on parameter changes, embedded computational widgets that allow real-time experimentation, and responsive design that adapts to different devices and screen sizes. These interactive elements transform static figures into dynamic tools for understanding. Readers can explore data from multiple angles, test hypotheses through direct manipulation, and gain deeper insights through hands-on exploration.</p>
<fig id="figure-2">
<label>Figure 2:</label>
<caption>
<p>We have focused on web-native rendering, hover previews and including interactive figures. Showing content from <xref ref-type="bibr" rid="ref-7">McCormick &amp; Elliott (2024)</xref> and <xref ref-type="bibr" rid="ref-8">Cockett <italic>et al.</italic> (2024)</xref>.</p>
</caption>
<graphic mimetype="image" mime-subtype="png" xlink:href="files/web-rendering-ba115bcb39f1caad6160a19b4276db82.png"/>
</fig>
</sec>
<sec id="sec-6">
<label>2.4</label>
<title>The Authoring Workflow</title>
<p>The new authoring and submission workflow is aimed at transforming the traditional publishing process into a collaborative, iterative experience that leverages modern software development practices. Authors write their articles using a standardized <abbrev alt="Markedly Structured Text">MyST</abbrev> template <ext-link ext-link-type="uri" xlink:href="https://github.com/scipy-conference/scipy_proceedings">available on GitHub from SciPy</ext-link>. Each submission consists of a <monospace>myst.yml</monospace> file capturing comprehensive article metadata, including authorship and author Open Researcher and Contributor <abbrev alt="Identifier">ID</abbrev>s (<abbrev alt="Open Researcher and Contributor ID">ORCID</abbrev>s), affiliations and Research Organization Registry <abbrev alt="Identifier">ID</abbrev>s (<ext-link ext-link-type="uri" xlink:href="https://ror.org">RORs</ext-link>), keywords, and licensing; Markdown or Jupyter Notebook source files using <abbrev alt="Markedly Structured Text">MyST</abbrev> syntax, including the main article and any supplementary material; and static assets such as figures and datasets, with clear organization and documentation.</p>
<p>After previewing the article locally with <ext-link ext-link-type="uri" xlink:href="https://mystmd.org/guide/quickstart"><monospace>myst start</monospace></ext-link>, authors open a Pull Request on GitHub. This submission triggers a GitHub Actions Continuous Integration (<abbrev alt="Continuous Integration">CI</abbrev>) pipeline that performs comprehensive quality checks: structural validation of the document to ensure proper formatting and organization, metadata schema validation (e.g., required <abbrev alt="Open Researcher and Contributor ID">ORCID</abbrev>, <abbrev alt="Digital Object Identifier">DOI</abbrev>s for references) to ensure completeness, content validation including word count limits, figure references, and citation completeness, rendering to <abbrev alt="Hypertext Markup Language">HTML</abbrev> for preview to catch formatting issues early, <abbrev alt="Portable Document Format">PDF</abbrev> generation via Typst to ensure print compatibility, and Journal Article Tag Suite (<abbrev alt="Journal Article Tag Suite">JATS</abbrev>) <abbrev alt="Extensible Markup Language">XML</abbrev> export for archival and indexing.</p>
<p>This automated quality assurance process serves multiple purposes. It catches common errors early in the submission process (See <xref ref-type="fig" rid="figure-3">Figure 3</xref>), reducing the burden on reviewers and authors. It ensures consistency across all articles in the proceedings, improving the overall quality of the publication. It provides immediate feedback to authors, enabling rapid iteration and improvement—with authors getting structured and actionable feedback in less than a minute.</p>
<p>The GitHub-based workflow, popularized by the Journal of Open Source Software (<ext-link ext-link-type="uri" xlink:href="https://joss.theoj.org/">JOSS</ext-link>) (<xref ref-type="bibr" rid="ref-9">Smith <italic>et al.</italic>, 2018</xref>; <xref ref-type="bibr" rid="ref-10">Diehl <italic>et al.</italic>, 2025</xref>), enables a collaborative review that is more transparent and effective than traditional peer review processes. Reviewers often leave line-level comments directly on the source content, enabling precise feedback, suggest changes through GitHub’s suggestion feature, making it easy for authors to accept improvements, track the evolution of articles through the commit history, understanding how feedback was incorporated, and collaborate with other reviewers through threaded discussions, building consensus on improvements.</p>
<fig id="figure-3">
<label>Figure 3:</label>
<caption>
<p>Screenshot of a GitHub Pull Request showing <abbrev alt="Continuous Integration">CI</abbrev> failure due to missing <abbrev alt="Open Researcher and Contributor ID">ORCID</abbrev> metadata, with the corrected version in a follow-up commit (<ext-link ext-link-type="uri" xlink:href="https://github.com/scipy-conference/scipy_proceedings/pull/1090">Cervantes-Sanchez, 2025</ext-link>).</p>
</caption>
<graphic mimetype="image" mime-subtype="png" xlink:href="files/pull-request-a99da098db2c35be0369a32f72252485.png"/>
</fig>
</sec>
</sec>
<sec id="sec-7">
<label>3</label>
<title>Technical Foundation</title>
<p>The transition to the new SciPy Proceedings infrastructure required consideration of tool selection to balance functionality, openness, accessibility, and community needs. Each component was chosen to advance the goals of reproducible, interactive scientific publishing while maintaining the open-source ethos of the SciPy community.</p>
<p>The markup language that the proceedings used for 16 years was <ext-link ext-link-type="uri" xlink:href="https://en.wikipedia.org/wiki/ReStructuredText">reStructuredText</ext-link> and a restricted version of LaTeX was added in 2022. In 2024, <ext-link ext-link-type="uri" xlink:href="https://mystmd.org">MyST Markdown</ext-link> was selected as the core authoring format for several reasons. As an extension of standard Markdown, it provides a familiar, accessible authoring experience while adding the semantic structure needed for scientific publishing. <abbrev alt="Markedly Structured Text">MyST</abbrev> supports executable content through Jupyter integration, rich metadata through <abbrev alt="Yet Another Markup Language">YAML</abbrev> frontmatter, cross-references and citations, mathematical notation through LaTeX syntax, and multiple output formats including <abbrev alt="Hypertext Markup Language">HTML</abbrev>, <abbrev alt="Portable Document Format">PDF</abbrev>, and <abbrev alt="Journal Article Tag Suite">JATS</abbrev> <abbrev alt="Extensible Markup Language">XML</abbrev>. The tooling also supports LaTeX directly, so the options introduced in 2022 were still supported. <abbrev alt="Markedly Structured Text">MyST</abbrev> is developed as an open-source project with strong community involvement, ensuring that the format evolves with the needs of scientific publishing while remaining accessible to all contributors; the project is governed under Project Jupyter.</p>
<p>The <ext-link ext-link-type="uri" xlink:href="https://github.com/curvenote/curvenote">Curvenote CLI</ext-link> is based on top of <abbrev alt="Markedly Structured Text">MyST</abbrev> and is also available under MIT license, it adds specific metadata checks that can be run locally as well as through the open source <ext-link ext-link-type="uri" xlink:href="https://github.com/curvenote/actions">GitHub actions</ext-link>. The <abbrev alt="Portable Document Format">PDF</abbrev> template is <ext-link ext-link-type="uri" xlink:href="https://github.com/curvenote-templates/scipy">SciPy-specific</ext-link> and can be used for any <abbrev alt="Markedly Structured Text">MyST</abbrev> content or forked for other proceedings. The Curvenote <abbrev alt="Command Line Interface">CLI</abbrev> can be used to send a draft of a submission to web hosting infrastructure, managed by Curvenote, to display the built manuscripts and publish them; the Curvenote platform is commercial and enables publishing management and the hosting of in-progress drafts. For institutions or individuals who prefer to self-host this style of proceedings, the open-source components can combined independently using <abbrev alt="Markedly Structured Text">MyST</abbrev> Markdown directly (see <abbrev alt="Markedly Structured Text">MyST</abbrev> documentation for <ext-link ext-link-type="uri" xlink:href="https://mystmd.org/guide/deployment">deployment instructions</ext-link>), providing full control over the end-to-end infrastructure. Examples of this include <xref ref-type="bibr" rid="ref-3">Neurolibre</xref>, a journal that hosts interactive preprints and has a similar vision for interactive scientific narratives (<xref ref-type="bibr" rid="ref-3">Karakuzu, 2025</xref>); Neurolibre use very similar open-source infrastructure, including <abbrev alt="Markedly Structured Text">MyST</abbrev> Markdown and <ext-link ext-link-type="uri" xlink:href="https://www.theoj.org">Open Journals</ext-link>, which powers <abbrev alt="Journal of Open Source Software">JOSS</abbrev>.</p>
<p>The transition from LaTeX to <ext-link ext-link-type="uri" xlink:href="https://typst.app">Typst</ext-link> represents a significant modernization of the <abbrev alt="Portable Document Format">PDF</abbrev> generation process. LaTeX, while powerful, is complex, fragile and has large dependency chains. Build times can be unpredictable, and subtle changes in document structure can cause complex compilation failures. Typst offers significantly faster compilation times and more predictable behavior, reducing the friction in the authoring and review process. Typst provides a more modern, programmable approach to typesetting that enables the creation of highly customized templates. This allowed us to build a <ext-link ext-link-type="uri" xlink:href="https://github.com/curvenote-templates/scipy">SciPy-specific template</ext-link> that maintains consistency across all articles while supporting the advanced formatting requirements of scientific publishing (See <xref ref-type="fig" rid="figure-4">Figure 4</xref>). Typst is developed as an open-source project, ensuring that the typesetting engine remains accessible and modifiable by the community.</p>
<p>The transition to Typst has delivered measurable improvements: <abbrev alt="Portable Document Format">PDF</abbrev> generation is now 5-10x faster than with LaTeX, compilation failures are rare and easily diagnosed, the <ext-link ext-link-type="uri" xlink:href="https://github.com/curvenote-templates/scipy">SciPy template</ext-link> can be easily forked, modified or extended, and it supports advanced typography and layout features (See <xref ref-type="fig" rid="figure-4">Figure 4</xref>).</p>
<p>The full archive of scientific content over the 18 years has been transitioned to an open <ext-link ext-link-type="uri" xlink:href="https://github.com/scipy-conference/scipy_proceedings_archive">GitHub archive</ext-link> that includes the built assets (<abbrev alt="Journal Article Tag Suite">JATS</abbrev>, <abbrev alt="Portable Document Format">PDF</abbrev>, and Manuscript Exchange Common Approach (MECA) files) for every paper; these were previously available through each branch of the <ext-link ext-link-type="uri" xlink:href="https://github.com/scipy-conference/scipy_proceedings">SciPy Proceedings repository</ext-link>.</p>
<sec id="sec-8">
<label>3.1</label>
<title>Build System and Output Formats</title>
<p>The SciPy Proceedings infrastructure is built on <ext-link ext-link-type="uri" xlink:href="https://github.com/curvenote/actions">Curvenote’s GitHub Actions</ext-link> and the Curvenote <abbrev alt="Command Line Interface">CLI</abbrev>, both available through the MIT License. Upon opening a submission pull request and on each subsequent commit, content is automatically validated. This validation ensures all content is formatted correctly so the article can fully build. It also checks that all required metadata is in place and all submission guidelines, such as word count, number of keywords, etc. are met. After this validation the submission is rendered across several formats using a reproducible build pipeline:</p>
<list list-type="bullet">
<list-item>
<p><bold>Web (<abbrev alt="Hypertext Markup Language">HTML</abbrev>)</bold>: Rendered using <abbrev alt="Markedly Structured Text">MyST</abbrev> Markdown and published to the Proceedings site.</p>
</list-item><list-item>
<p><bold><abbrev alt="Portable Document Format">PDF</abbrev></bold>: Generated using <ext-link ext-link-type="uri" xlink:href="https://typst.app">Typst</ext-link>, replacing LaTeX for greater speed, reliability, and customizability.</p>
</list-item><list-item>
<p><bold><abbrev alt="Journal Article Tag Suite">JATS</abbrev> <abbrev alt="Extensible Markup Language">XML</abbrev></bold>: Introduced in 2024, this machine-readable format supports long-term preservation and interoperability with scholarly indexing systems.</p>
</list-item><list-item>
<p><bold>Previews</bold>: The previews from the Pull Request are hosted by Curvenote, allowing reviewers and authors to inspect the rendered output, exactly as it will appear in the final proceedings publication<xref ref-type="fn" rid="fn-1">1</xref>.</p>
</list-item>
</list>
<fig id="figure-4">
<label>Figure 4:</label>
<caption>
<p>Comparison between 2023 and 2024 <abbrev alt="Portable Document Format">PDF</abbrev> templates, 2024 improved the branding and template to be more modern; the template now uses Typst over LaTeX, which also improves the build speed. The <ext-link ext-link-type="uri" xlink:href="https://github.com/curvenote-templates/scipy">template</ext-link> is available under the MIT license.</p>
</caption>
<graphic mimetype="image" mime-subtype="png" xlink:href="files/pdf-template-325ffbe98ce6f0945a23b46902c9bbe1.png"/>
</fig>
<p>The transition to Typst allowed us to build a fully customized SciPy Proceedings <abbrev alt="Portable Document Format">PDF</abbrev> template, ensuring consistency with the new web style while supporting traditional academic formatting and citation standards.</p>
</sec>
<sec id="sec-9">
<label>3.2</label>
<title>Metadata and Interoperability</title>
<p>The move to structured <abbrev alt="Markedly Structured Text">MyST</abbrev> Markdown and schema-validated metadata unlocks new possibilities for reuse, attribution, and discoverability. Metadata is required at the submission stage and validated throughout the review process, including author names and <abbrev alt="Open Researcher and Contributor ID">ORCID</abbrev>s, institutional affiliations (<abbrev alt="Research Organization Registry">ROR</abbrev>s), keywords, license, and abstract, and <abbrev alt="Digital Object Identifier">DOI</abbrev> for citations and associated datasets or software.</p>
<p>Each component of an article (e.g., figures, equations, or code blocks) is preserved in a structured way, improving reusability. For example, figures can be referenced externally, cited independently, or embedded into institutional repositories without modification. <abbrev alt="Journal Article Tag Suite">JATS</abbrev> <abbrev alt="Extensible Markup Language">XML</abbrev> export supports interoperability with discovery engines and indexing services, while also laying the foundation for cross-journal content federation and machine-readable citation networks.</p>
<p>As more conferences, journals, preprint servers, and <abbrev alt="Markedly Structured Text">MyST</abbrev>-powered documentation sites adopt the structured information and metadata standards, these resources create an interconnected network of scientific knowledge that is browsable, inter-linked, and discoverable. Each article becomes a node in this network, with rich metadata, cross-references, and executable content that can be linked, cited, and built upon from any project. This can allow for reuse from other projects, for example:</p>
<list list-type="order">
<list-item>
<p>Referencing <xref ref-type="custom" rid="bilinear">figures</xref> from other publications, (<xref ref-type="bibr" rid="ref-6">Lujan, 2024</xref>);</p>
</list-item><list-item>
<p>Pulling in context via <xref ref-type="custom" rid="eg:hover">hover previews</xref> from (<xref ref-type="bibr" rid="ref-8">Cockett <italic>et al.</italic>, 2024</xref>);</p>
</list-item><list-item>
<p>Showing rich <xref ref-type="custom" rid="fig:vm-head-frozenct-ome-zarr">interactive visualizations</xref> from (<xref ref-type="bibr" rid="ref-7">McCormick &amp; Elliott, 2024</xref>); or</p>
</list-item><list-item>
<p>Showing <xref ref-type="custom" rid="fig_autorun">videos</xref> from (<xref ref-type="bibr" rid="ref-11">Bao <italic>et al.</italic>, 2024</xref>).</p>
</list-item>
</list>
<p>These cross-references provide direct access to a modular component of a research article or resource and can be shown in context (try hovering over one of the links above in the web-version, or watch the video in <xref ref-type="fig" rid="figure-5">Figure 5</xref>). These are standard features in any <abbrev alt="Markedly Structured Text">MyST</abbrev> Markdown powered document (<xref ref-type="bibr" rid="ref-8">Cockett <italic>et al.</italic>, 2024</xref>), and provide exciting possibilities for new in-context reading experiences.</p>
<fig id="figure-5">
<label>Figure 5:</label>
<caption>
<p>Hover cross-references between articles, using the <abbrev alt="Markedly Structured Text">MyST</abbrev> metadata and content standards.</p>
</caption>
<graphic mimetype="image" mime-subtype="png" xlink:href="files/xref-scipy-8dccf60d66b898e34a8884041c79118d.png"/>
</fig>
</sec>
<sec id="sec-10">
<label>3.3</label>
<title>Demonstrating Accessibility</title>
<p>The SciPy Proceedings model provides a replicable template for other conferences and journals seeking to modernize their publishing practices. The modular architecture and open-source foundation enable easy adoption by other scientific communities. The accessibility of this publishing model is perhaps best demonstrated by <ext-link ext-link-type="uri" xlink:href="https://morgantonscientific.ncssm.edu">Morganton Scientific</ext-link>, a high school science journal that publishes using the same infrastructure as the SciPy Proceedings (<xref ref-type="bibr" rid="ref-2">Curvenote Inc., 2024</xref>). The fact that high school students can successfully publish scientific content using the same tools and workflows as professional researchers demonstrates how intuitive and accessible this approach is. This accessibility is crucial for democratizing scientific publishing and ensuring that valuable contributions from diverse communities can be shared and recognized.</p>
<p>The success of Morganton Scientific shows that the barrier to entry for modern scientific publishing can be remarkably low when the right infrastructure is in place. This has implications for educational institutions, citizen science projects, and emerging research communities that might otherwise struggle to establish traditional publishing channels.</p>
</sec>
</sec>
<sec id="sec-11">
<label>4</label>
<title>Conclusion</title>
<p>As computational research continues to grow in importance across all scientific disciplines, the need for publishing infrastructure that can effectively communicate this work will only increase. The SciPy Proceedings demonstrate that this challenge can be met through community-driven development, open-source tools, and a commitment to the fundamental principles of scientific communication. The 2024 transition addresses the core challenges of reproducibility, interactivity, and discoverability in scientific publishing. Through modern web technologies and open-source infrastructure, the Proceedings have demonstrated that scientific communication can evolve to meet the needs of modern research while maintaining the rigor and quality that the scientific community expects.</p>
<p>The new SciPy Proceedings infrastructure provides a working example of how scientific publishing can embrace the interactive, executable nature of computational research. By combining <abbrev alt="Markedly Structured Text">MyST</abbrev> Markdown, Curvenote, GitHub-native review workflows, and Typst, the Proceedings offer authors and readers a more dynamic, structured, and metadata-rich experience for computational sciences.</p>
<p>The infrastructure is designed to be replicable by other scientific communities. The modular architecture, open-source components, and documented processes provide a template that can be adapted for different domains and use cases. The success of the SciPy Proceedings demonstrates that this approach can work at scale and provides a path for other communities seeking to modernize their publishing practices.</p>
</sec>
<sec id="sec-12">
<label>5</label>
<title>Acknowledgements</title>
<p>We gratefully acknowledge the contributions of Chris Calloway, Meghann Agarwal, Stefan van der Walt, and Jim Weis for their support, coordination, and feedback throughout the transition to the new SciPy Proceedings infrastructure. Their efforts were instrumental in shaping the submission process, reviewing tooling, and ensuring a smooth experience for authors and reviewers alike.</p>
<p>We thank the current SciPy 2025 Proceedings Committee — Amey Ambade, Ana Comesana, Sean Freeman, Sanhita Joshi, Charles Lindsey, and Hongsup Shin — for their dedication and hard work in supporting authors, managing reviews, and ensuring the quality and integrity of this year’s volume.</p>
<p>We also thank the many members of past SciPy Proceedings committees and infrastructure teams whose work laid the foundation for this transformation. The continuity, care, and community leadership built over the last 17 years have made this evolution possible.</p>
</sec>
</body>
<back>
<ref-list>
<ref id="ref-1">
<element-citation publication-type="journal">
<article-title>Estimating the reproducibility of psychological science</article-title>
<source>Science</source><year iso-8601-date="2015">2015</year><pub-id pub-id-type="doi">10.1126/science.aac4716</pub-id><volume>349</volume><issue>6251</issue>
<issn>1095-9203</issn>
</element-citation>
</ref>
<ref id="ref-4">
<element-citation publication-type="journal">
<article-title>1,500 scientists lift the lid on reproducibility</article-title>
<person-group person-group-type="author">
<name><surname>Baker</surname><given-names>Monya</given-names></name>
</person-group><source>Nature</source><year iso-8601-date="2016">2016</year><pub-id pub-id-type="doi">10.1038/533452a</pub-id><volume>533</volume><issue>7604</issue><fpage>452</fpage><lpage>454</lpage>
<issn>1476-4687</issn>
</element-citation>
</ref>
<ref id="ref-5">
<element-citation publication-type="journal">
<article-title>Enhancing reproducibility for computational methods</article-title>
<person-group person-group-type="author">
<name><surname>Stodden</surname><given-names>Victoria</given-names></name>
<name><surname>McNutt</surname><given-names>Marcia</given-names></name>
<name><surname>Bailey</surname><given-names>David H.</given-names></name>
<name><surname>Deelman</surname><given-names>Ewa</given-names></name>
<name><surname>Gil</surname><given-names>Yolanda</given-names></name>
<name><surname>Hanson</surname><given-names>Brooks</given-names></name>
<name><surname>Heroux</surname><given-names>Michael A.</given-names></name>
<name><surname>Ioannidis</surname><given-names>John P.A.</given-names></name>
<name><surname>Taufer</surname><given-names>Michela</given-names></name>
</person-group><source>Science</source><year iso-8601-date="2016">2016</year><pub-id pub-id-type="doi">10.1126/science.aah6168</pub-id><volume>354</volume><issue>6317</issue><fpage>1240</fpage><lpage>1241</lpage>
<issn>1095-9203</issn>
</element-citation>
</ref>
<ref id="ref-6">
<element-citation publication-type="paper-conference">
<article-title>multinterp: A Unified Interface for Multivariate Interpolation in the Scientific Python Ecosystem</article-title>
<person-group person-group-type="author">
<name><surname>Lujan</surname><given-names>Alan</given-names></name>
</person-group><source>Proceedings of the 23rd Python in Science Conference</source><year iso-8601-date="2024">2024</year><pub-id pub-id-type="doi">10.25080/fgcj9164</pub-id><fpage>1</fpage><lpage>19</lpage>
<issn>2575-9752</issn>
</element-citation>
</ref>
<ref id="ref-7">
<element-citation publication-type="paper-conference">
<article-title>ITK-Wasm: Universal spatial analysis and visualization</article-title>
<person-group person-group-type="author">
<name><surname>McCormick</surname><given-names>Matthew</given-names></name>
<name><surname>Elliott</surname><given-names>Paul</given-names></name>
</person-group><source>Proceedings of the 23rd Python in Science Conference</source><year iso-8601-date="2024">2024</year><pub-id pub-id-type="doi">10.25080/tcfj5130</pub-id><fpage>256</fpage><lpage>279</lpage>
<issn>2575-9752</issn>
</element-citation>
</ref>
<ref id="ref-8">
<element-citation publication-type="paper-conference">
<article-title>Continuous Tools for Scientific Publishing: Using MyST Markdown and Curvenote to encourage continuous science practices</article-title>
<person-group person-group-type="author">
<name><surname>Cockett</surname><given-names>Rowan</given-names></name>
<name><surname>Purves</surname><given-names>Steve</given-names></name>
<name><surname>Koch</surname><given-names>Franklin</given-names></name>
<name><surname>Morrison</surname><given-names>Mike</given-names></name>
</person-group><source>Proceedings of the 23rd Python in Science Conference</source><year iso-8601-date="2024">2024</year><pub-id pub-id-type="doi">10.25080/nkvc9349</pub-id><fpage>121</fpage><lpage>136</lpage>
<issn>2575-9752</issn>
</element-citation>
</ref>
<ref id="ref-9">
<element-citation publication-type="journal">
<article-title>Journal of Open Source Software (JOSS): design and first-year review</article-title>
<person-group person-group-type="author">
<name><surname>Smith</surname><given-names>Arfon M.</given-names></name>
<name><surname>Niemeyer</surname><given-names>Kyle E.</given-names></name>
<name><surname>Katz</surname><given-names>Daniel S.</given-names></name>
<name><surname>Barba</surname><given-names>Lorena A.</given-names></name>
<name><surname>Githinji</surname><given-names>George</given-names></name>
<name><surname>Gymrek</surname><given-names>Melissa</given-names></name>
<name><surname>Huff</surname><given-names>Kathryn D.</given-names></name>
<name><surname>Madan</surname><given-names>Christopher R.</given-names></name>
<name><surname>Cabunoc Mayes</surname><given-names>Abigail</given-names></name>
<name><surname>Moerman</surname><given-names>Kevin M.</given-names></name>
<name><surname>Prins</surname><given-names>Pjotr</given-names></name>
<name><surname>Ram</surname><given-names>Karthik</given-names></name>
<name><surname>Rokem</surname><given-names>Ariel</given-names></name>
<name><surname>Teal</surname><given-names>Tracy K.</given-names></name>
<name><surname>Valls Guimera</surname><given-names>Roman</given-names></name>
<name><surname>Vanderplas</surname><given-names>Jacob T.</given-names></name>
</person-group><source>PeerJ Computer Science</source><year iso-8601-date="2018">2018</year><pub-id pub-id-type="doi">10.7717/peerj-cs.147</pub-id><volume>4</volume><fpage>e147</fpage>
<issn>2376-5992</issn>
</element-citation>
</ref>
<ref id="ref-10">
<element-citation publication-type="journal">
<article-title>The Journal of Open Source Software (JOSS): Bringing Open-Source Software Practices to the Scholarly Publishing Communityfor Authors, Reviewers, Editors, and Publishers</article-title>
<person-group person-group-type="author">
<name><surname>Diehl</surname><given-names>Patrick</given-names></name>
<name><surname>Soneson</surname><given-names>Charlotte</given-names></name>
<name><surname>Kurchin</surname><given-names>Rachel C</given-names></name>
<name><surname>Mounce</surname><given-names>Ross</given-names></name>
<name><surname>Katz</surname><given-names>Daniel S</given-names></name>
</person-group><source>Journal of Librarianship and Scholarly Communication</source><year iso-8601-date="2025">2025</year><pub-id pub-id-type="doi">10.31274/jlsc.18285</pub-id><volume>12</volume><issue>2</issue>
<issn>2162-3309</issn>
</element-citation>
</ref>
<ref id="ref-3">
<element-citation publication-type="journal">
<article-title>Toward a woven literature: Open-source infrastructure for reproducible publishing</article-title>
<person-group person-group-type="author">
<name><surname>Karakuzu</surname><given-names>Agah</given-names></name>
</person-group><year iso-8601-date="2025">2025</year><pub-id pub-id-type="doi">10.55458/neurolibre.00041</pub-id></element-citation>
</ref>
<ref id="ref-11">
<element-citation publication-type="paper-conference">
<article-title>Funix - The laziest way to build GUI apps in Python: Make it (the app) before they fake it (in Figma or on a napkin)</article-title>
<person-group person-group-type="author">
<name><surname>Bao</surname><given-names>Forrest Sheng</given-names></name>
<name><surname>Qi</surname><given-names>Mike</given-names></name>
<name><surname>Tu</surname><given-names>Ruixuan</given-names></name>
<name><surname>Wan</surname><given-names>Erana</given-names></name>
</person-group><source>Proceedings of the 23rd Python in Science Conference</source><year iso-8601-date="2024">2024</year><pub-id pub-id-type="doi">10.25080/jfyn3740</pub-id><fpage>174</fpage><lpage>195</lpage>
<issn>2575-9752</issn>
</element-citation>
</ref>
<ref id="ref-2">
<element-citation publication-type="journal"><source>Morganton Scientific</source><year iso-8601-date="2024">2024</year><pub-id pub-id-type="doi">10.62329/dwgm3685</pub-id><volume>2</volume></element-citation>
</ref>
</ref-list>
<fn-group><fn id="fn-1">
<label>1</label>
<p>For fully open-source workflows, these previews can be hosted by GitHub pages or similar static rendering sites (see <ext-link ext-link-type="uri" xlink:href="https://mystmd.org/guide/deployment-github-pages">GitHub Pages deployment</ext-link>).</p>
</fn></fn-group>
</back>
</article>
