<?xml version="1.0" encoding="UTF-8"?>
<!DOCTYPE article PUBLIC "-//NLM//DTD JATS (Z39.96) Journal Archiving and Interchange DTD with MathML3 v1.3 20210610//EN" "http://jats.nlm.nih.gov/publishing/1.3/JATS-archivearticle1-3-mathml3.dtd">
<article xmlns:mml="http://www.w3.org/1998/Math/MathML" xmlns:xlink="http://www.w3.org/1999/xlink" xmlns:xsi="http://www.w3.org/2001/XMLSchema-instance" xmlns:ali="http://www.niso.org/schemas/ali/1.0/" dtd-version="1.3" xml:lang="en" id="main">
<front>
<article-meta>
<article-id pub-id-type="doi">10.25080/vwty6796</article-id>
<title-group>
<article-title>Phlower: A Deep Learning Framework Supporting PyTorch Tensors with Physical Dimensions</article-title>
<alt-title alt-title-type="running-head">Phlower: A Deep Learning Framework</alt-title>
</title-group>
<contrib-group>
<contrib contrib-type="author" corresp="yes">
<contrib-id contrib-id-type="orcid">https://orcid.org/0009-0002-3866-7073</contrib-id>
<name name-style="western"><surname>Sakamoto</surname><given-names>Riku</given-names></name>
<role vocab="credit" vocab-identifier="https://credit.niso.org/" vocab-term="Software" vocab-term-identifier="https://credit.niso.org/contributor-roles/software/">Software</role>
<role vocab="credit" vocab-identifier="https://credit.niso.org/" vocab-term="Validation" vocab-term-identifier="https://credit.niso.org/contributor-roles/validation/">Validation</role>
<role vocab="credit" vocab-identifier="https://credit.niso.org/" vocab-term="Writing – original draft" vocab-term-identifier="https://credit.niso.org/contributor-roles/writing-original-draft/">Writing – original draft</role>
<xref ref-type="aff" rid="aff-1"/>
<email>sakamoto@ricos.co.jp</email>
</contrib>
</contrib-group>
<aff id="aff-1">
<institution-wrap>
<institution>RICOS Co. Ltd.</institution>
</institution-wrap>
</aff>
<fpage>286</fpage><lpage>293</lpage>
<permissions>
<ali:free_to_read/>
<license xlink:href="https://creativecommons.org/licenses/by/4.0/">
<ali:license_ref>https://creativecommons.org/licenses/by/4.0/</ali:license_ref>
<license-p>This is an open access article distributed under the terms of the <ext-link ext-link-type="uri" xlink:href="http://creativecommons.org/licenses/by/4.0/">Creative Commons Attribution License</ext-link>, which permits unrestricted use, distribution, and reproduction in any medium, provided the original author and source are credited.</license-p>
</license>
</permissions>
<abstract>
<p>We present <ext-link ext-link-type="uri" xlink:href="https://github.com/ricosjp/phlower">Phlower</ext-link>, an open-source deep learning library that extends PyTorch tensors to incorporate physical dimensions — such as time ( <italic>T</italic> ), mass ( <italic>M</italic> ), and length ( <italic>L</italic> ) — and enforces dimensional consistency throughout computations.</p>
<p>When applying deep learning to physical systems, tensors often represent quantities with physical dimensions. Ensuring dimensional correctness in such operations is crucial to maintaining physical validity. To address this challenge, Phlower provides <monospace>PhlowerTensor</monospace>, a wrapper class of PyTorch tensor that tracks physical dimensions and ensures that tensor operations comply with dimensional consistency rules.</p>
<p>This paper introduces the core features of Phlower and demonstrates its capability to maintain dimensional correctness through representative examples.</p>
</abstract>
<kwd-group>
<kwd>deep learning</kwd>
<kwd>physical dimension</kwd>
<kwd>numerical simulation</kwd>
</kwd-group>
</article-meta>
</front>
<body>
<sec id="sec-1">
<label>1</label>
<title>Introduction</title>
<p>The simulation of physical phenomena plays a critical role in various aspects of daily life, including vehicle design and weather forecasting. As a new paradigm, <italic>physics-informed machine learning</italic>, which integrates machine learning with physical simulations, has recently gained attention, particularly with the emergence of Physics-Informed Neural Networks (<abbrev alt="Physics-Informed Neural Network">PINN</abbrev>s) (<xref ref-type="bibr" rid="ref-15">Raissi <italic>et al.</italic>, 2019</xref>) and Graph Neural Networks (<abbrev alt="Graph Neural Network">GNN</abbrev>s). Compared to traditional simulation methods, it offers the potential to accelerate predictions of physical behavior and to uncover new physical laws that might otherwise remain hidden.</p>
<p>As shown in <xref ref-type="table" rid="table-1">Table 1</xref>, Physical dimensions are the fundamental quantities used to describe physical systems. These include time ( <inline-formula><alternatives><mml:math display="inline"><mml:mi>T</mml:mi></mml:math><tex-math><![CDATA[T]]></tex-math></alternatives></inline-formula> ), mass ( <inline-formula><alternatives><mml:math display="inline"><mml:mi>M</mml:mi></mml:math><tex-math><![CDATA[M]]></tex-math></alternatives></inline-formula> ), length ( <inline-formula><alternatives><mml:math display="inline"><mml:mi>L</mml:mi></mml:math><tex-math><![CDATA[L]]></tex-math></alternatives></inline-formula> ), electric current ( <inline-formula><alternatives><mml:math display="inline"><mml:mi>I</mml:mi></mml:math><tex-math><![CDATA[I]]></tex-math></alternatives></inline-formula> ), thermodynamic temperature ( <inline-formula><alternatives><mml:math display="inline"><mml:mi mathvariant="normal">Θ</mml:mi></mml:math><tex-math><![CDATA[\Theta]]></tex-math></alternatives></inline-formula> ), amount of substance ( <inline-formula><alternatives><mml:math display="inline"><mml:mi>N</mml:mi></mml:math><tex-math><![CDATA[N]]></tex-math></alternatives></inline-formula> ), and luminous intensity ( <inline-formula><alternatives><mml:math display="inline"><mml:mi>J</mml:mi></mml:math><tex-math><![CDATA[J]]></tex-math></alternatives></inline-formula> ). In numerical simulations of physical phenomena, physical dimensions ensure the correctness of computations. Extending this concept to deep learning provides several advantages, we can enhance the reliability of model architectures by preventing invalid operations between physically incompatible quantities. This capability helps avoid subtle implementation errors and improves code readability and maintainability, especially in scientific and engineering applications where preserving physical meaning is critical.</p>
<p>PyTorch (<xref ref-type="bibr" rid="ref-12">Paszke <italic>et al.</italic>, 2019</xref>) is a deep learning framework that provides tensor operations and automatic differentiation capabilities. However, it does not natively support physical dimensions. To fill this gap, we develop Phlower, an open-source deep learning framework, and introduce <monospace>PhlowerTensor</monospace>, a wrapper class of PyTorch tensors and enables physical dimension tracking. This ensures that tensor operations adhere to dimensional consistency rules.</p>
<p>From an implementation perspective, <monospace>PhlowerTensor</monospace> holds an underlying PyTorch tensor, making conversion between PyTorch tensors and <monospace>PhlowerTensor</monospace> straightforward. Moreover, <monospace>PhlowerTensor</monospace> maintains compatibility with PyTorch’s autograd system and core tensor operations such as <monospace>sum()</monospace>, enabling seamless integration into existing PyTorch-based workflows with minimal code modifications. <xref ref-type="custom" rid="code-1" custom-type="code">Program 1</xref> illustrates its usage.</p>
<table-wrap id="table-1">
<label>Table 1:</label>
<caption>
<p>Physical Dimensions (<xref ref-type="bibr" rid="ref-16">Newell &amp; Tiesinga, 2019</xref>)</p>
</caption>
<table>
<thead>
<tr><th>quantity</th><th>Symbol</th></tr>
</thead>
<tbody>
<tr><td>time</td><td><inline-formula><alternatives><mml:math display="inline"><mml:mi>T</mml:mi></mml:math><tex-math><![CDATA[T]]></tex-math></alternatives></inline-formula></td></tr>
<tr><td>mass</td><td><inline-formula><alternatives><mml:math display="inline"><mml:mi>M</mml:mi></mml:math><tex-math><![CDATA[M]]></tex-math></alternatives></inline-formula></td></tr>
<tr><td>length</td><td><inline-formula><alternatives><mml:math display="inline"><mml:mi>L</mml:mi></mml:math><tex-math><![CDATA[L]]></tex-math></alternatives></inline-formula></td></tr>
<tr><td>electric current</td><td><inline-formula><alternatives><mml:math display="inline"><mml:mi>I</mml:mi></mml:math><tex-math><![CDATA[I]]></tex-math></alternatives></inline-formula></td></tr>
<tr><td>thermodynamic temperature</td><td><inline-formula><alternatives><mml:math display="inline"><mml:mi mathvariant="normal">Θ</mml:mi></mml:math><tex-math><![CDATA[\Theta]]></tex-math></alternatives></inline-formula></td></tr>
<tr><td>amount of substance</td><td><inline-formula><alternatives><mml:math display="inline"><mml:mi>N</mml:mi></mml:math><tex-math><![CDATA[N]]></tex-math></alternatives></inline-formula></td></tr>
<tr><td>luminous intensity</td><td><inline-formula><alternatives><mml:math display="inline"><mml:mi>J</mml:mi></mml:math><tex-math><![CDATA[J]]></tex-math></alternatives></inline-formula></td></tr>
</tbody>
</table>
</table-wrap>
<boxed-text id="code-1" content-type="code">
<label>Program 1:</label>
<code language="python">from phlower import phlower_tensor
import torch

# Example: Calculating kinetic energy (E = 0.5 * m * v^2)

# A mass (m) has dimensions M^1
mass = phlower_tensor(torch.rand(10, 1), dimension={"M": 1})

# A velocity (v) has dimensions L^1 T^-1
velocity = phlower_tensor(torch.rand(10, 3, 1), dimension={"L": 1, "T": -1})

kinetic_energy = 0.5 * mass * torch.sum(velocity ** 2, axis=-1)

print(kinetic_energy.dimension)
# Output: PhlowerDimensionTensor(T: -2.0, L: 2.0, M: 1.0, I: 0.0, Theta: 0.0, N: 0.0, J: 0.0)</code>
<caption>
<p>PhlowerTensor carrying physical dimensions</p>
</caption>
</boxed-text>
<p>In this paper, we will introduce Phlower’s key features and demonstrate how physical dimensions are handled in deep learning workflows. The remainder of this paper is organized as follows:</p>
<list list-type="bullet">
<list-item>
<p><xref ref-type="sec" rid="sec-2">Section 2</xref> introduces the core concept of Phlower and its key features. Defining <monospace>PhlowerTensor</monospace> and enforcing dimensional consistency are discussed, along with examples of tensor operations that maintain physical dimensions.</p>
</list-item><list-item>
<p><xref ref-type="sec" rid="sec-7">Section 3</xref> presents possible use cases of <monospace>PhlowerTensor</monospace> in deep learning applications, particularly in scientific machine learning and physics-informed models. It highlights how <monospace>PhlowerTensor</monospace> can prevent dimensional inconsistencies and enforce dimensional validity in feature engineering.</p>
</list-item><list-item>
<p><xref ref-type="sec" rid="sec-10">Section 4</xref> discusses additional features of Phlower, including YAML-based model definition and shape semantics. These features enhance the usability and flexibility of Phlower in deep learning workflows.</p>
</list-item><list-item>
<p><xref ref-type="sec" rid="sec-14">Section 5</xref> compares Phlower with related work, highlighting its unique features and advantages over existing libraries for handling physical dimensions in scientific computing and machine learning.</p>
</list-item>
</list>
</sec>
<sec id="sec-2">
<label>2</label>
<title>Core Concepts</title>
<sec id="sec-3">
<label>2.1</label>
<title>Design Philosophy</title>
<p>We design Phlower to extend PyTorch tensors with support for physical dimensions while maintaining full compatibility with existing PyTorch workflows.Its design is guided by the following key principles:</p>
<list list-type="bullet">
<list-item>
<p><bold>Dimensional Consistency</bold>: Phlower enforces dimensional consistency during tensor operations, ensuring that operations involving tensors with incompatible physical dimensions raise informative errors. This prevents subtle bugs and improves the reliability of deep learning models.</p>
</list-item><list-item>
<p><bold>Seamless Integration</bold>: Phlower is designed to integrate seamlessly with PyTorch, allowing users to leverage existing PyTorch functionalities while adding physical dimension tracking. This includes compatibility with PyTorch’s autograd system and core tensor operations.</p>
</list-item><list-item>
<p><bold>Lightweight Implementation</bold>: <monospace>PhlowerTensor</monospace> is implemented as a lightweight wrapper around PyTorch tensors, minimizing the overhead of using physical dimensions. This allows users to easily convert between PyTorch tensors and <monospace>PhlowerTensor</monospace> without significant performance impact.</p>
</list-item>
</list>
</sec>
<sec id="sec-4">
<label>2.2</label>
<title>Defining PhlowerTensor</title>
<p><xref ref-type="custom" rid="code-2" custom-type="code">Program 2</xref> shows how to create a <monospace>PhlowerTensor</monospace> from a PyTorch tensor. The <monospace>phlower_tensor</monospace> function takes a PyTorch tensor and a dictionary specifying the physical dimensions.</p>
<boxed-text id="code-2" content-type="code">
<label>Program 2:</label>
<code language="python">from phlower import phlower_tensor
import torch

# Create a PhlowerTensor with physical dimensions at each point
# Example: A tensor representing velocity with dimensions L^1 T^-1
velocity = phlower_tensor(torch.rand(10, 3), dimension={"L": 1, "T": -1})
print(velocity)

# Example: A tensor representing pressure with dimensions M^1 T^-2 L^-1
pressure = phlower_tensor(torch.rand(10, 1), dimension={"M": 1, "T": -2, "L": -1})
print(pressure)</code>
<caption>
<p>Create PhlowerTensor from PyTorch Tensor</p>
</caption>
</boxed-text>
</sec>
<sec id="sec-5">
<label>2.3</label>
<title>Dimensional Consistency</title>
<p><monospace>PhlowerTensor</monospace> enforces dimensional consistency during tensor operations. <xref ref-type="custom" rid="code-3" custom-type="code">Program 3</xref> demonstrates how <monospace>PhlowerTensor</monospace> ensures dimensional correctness when computing kinetic energy, defined as <inline-formula><alternatives><mml:math display="inline"><mml:mi>E</mml:mi><mml:mo>=</mml:mo><mml:mn>0.5</mml:mn><mml:mo>⋅</mml:mo><mml:mi>m</mml:mi><mml:mo>⋅</mml:mo><mml:msup><mml:mi mathvariant="bold">v</mml:mi><mml:mn>2</mml:mn></mml:msup></mml:math><tex-math><![CDATA[E = 0.5 \cdot m \cdot \mathbf{v}^2]]></tex-math></alternatives></inline-formula>, where <inline-formula><alternatives><mml:math display="inline"><mml:mi>m</mml:mi></mml:math><tex-math><![CDATA[m]]></tex-math></alternatives></inline-formula> is mass and <inline-formula><alternatives><mml:math display="inline"><mml:mi mathvariant="bold">v</mml:mi></mml:math><tex-math><![CDATA[\mathbf{v}]]></tex-math></alternatives></inline-formula> is velocity.</p>
<p>As illustrated in <xref ref-type="fig" rid="figure-1">Figure 1</xref>, this example assumes that each point is associated with a three-dimensional velocity vector and a scalar mass. The resulting kinetic energy has dimensions <inline-formula><alternatives><mml:math display="inline"><mml:msup><mml:mi>M</mml:mi><mml:mn>1</mml:mn></mml:msup><mml:msup><mml:mi>L</mml:mi><mml:mn>2</mml:mn></mml:msup><mml:msup><mml:mi>T</mml:mi><mml:mrow><mml:mo>−</mml:mo><mml:mn>2</mml:mn></mml:mrow></mml:msup></mml:math><tex-math><![CDATA[M^1 L^2 T^{-2}]]></tex-math></alternatives></inline-formula>, corresponding to the physical dimension of energy.</p>
<fig id="figure-1">
<label>Figure 1:</label>
<caption>
<p>Example of point clouds. Each point has mass and velocity.</p>
</caption>
<graphic mimetype="image" mime-subtype="png" xlink:href="files/figure1-51efde575008319a3b0eae6bf9cd7cc9.png"/>
</fig>
<boxed-text id="code-3" content-type="code">
<label>Program 3:</label>
<code language="python">from phlower import phlower_tensor
import torch

# Example: Calculating kinetic energy (E = 0.5 * m * v^2)

# Mass has dimensions M^1
mass = phlower_tensor(torch.rand(10, 1), dimension={"M": 1})

# Velocity has dimensions L^1 T^-1
velocity = phlower_tensor(torch.rand(10, 3, 1), dimension={"L": 1, "T": -1})

kinetic_energy = 0.5 * mass * torch.sum(velocity ** 2, axis=-1)

print(kinetic_energy.dimension)
# Output: PhlowerDimensionTensor(T: -2.0, L: 2.0, M: 1.0, I: 0.0, Theta: 0.0, N: 0.0, J: 0.0)</code>
<caption>
<p>Calculating kinetic energy with PhlowerTensor</p>
</caption>
</boxed-text>
<p>On the other hand, Phlower disallows operations involving incompatible physical dimensions. <xref ref-type="custom" rid="code-4" custom-type="code">Program 4</xref> shows <monospace>PhlowerTensor</monospace> raise an error when attempting to add a pressure tensor to a velocity tensor.</p>
<boxed-text id="code-4" content-type="code">
<label>Program 4:</label>
<code language="python"># Example: A tensor representing velocity with dimensions L^1 T^-1
velocity = phlower_tensor(torch.rand(10, 3),  dimension={"L": 1, "T": -1})

# Example: A tensor representing pressure with dimensions M^1 T^-2 L^-1
pressure = phlower_tensor(torch.rand(10, 1),  dimension={"M": 1, "T": -2, "L": -1})

# Attempting to add velocity and pressure tensors with incompatible dimensions
try:
    result = velocity + pressure
except ValueError as e:
    print(f"Error: {e}")
    # Output: Error: Add operation for different physical dimensions is not allowed.</code>
<caption>
<p>Attempting to add tensors with incompatible dimensions</p>
</caption>
</boxed-text>
<p>PhlowerTensor supports in-place operations (e.g., +=, *=) while enforcing dimensional consistency. <xref ref-type="custom" rid="code-5" custom-type="code">Program 5</xref> illustrates an example of in-place operations for <monospace>PhlowerTensor</monospace>.</p>
<boxed-text id="code-5" content-type="code">
<label>Program 5:</label>
<code language="python"># Example: In-place operation for non-dimensional tensor
# Objects other than PhlowerTensor (e.g., float) are treated as non-dimensional
non_dimensional_value = phlower_tensor(torch.rand(10, 3),  dimension={})
non_dimensional_value += 5.0 

# Example: A tensor representing pressure with dimensions M^1 T^-2 L^-1
pressure = phlower_tensor(torch.rand(10, 1),  dimension={"M": 1, "T": -2, "L": -1})

# In-place subtraction with compatible dimensions
pressure -= phlower_tensor(torch.tensor(1.0),  dimension={"M": 1, "T": -2, "L": -1})

# Attempting in-place addition with incompatible dimensions
try:
    pressure += 5.0
except ValueError as e:
    print(f"Error: {e}")
    # Output: Error: Add operation for different physical dimensions is not allowed.</code>
<caption>
<p>In-place operation with dimensions</p>
</caption>
</boxed-text>
</sec>
<sec id="sec-6">
<label>2.4</label>
<title>Array Operations</title>
<p>This section demonstrates how <monospace>PhlowerTensor</monospace> supports array operations while maintaining dimensional consistency.
For example, <xref ref-type="custom" rid="code-6" custom-type="code">Program 6</xref> shows that multiple velocity tensors can be stacked along a new dimension.
The resulting tensor remains <monospace>PhlowerTensor</monospace> with appropriate physical dimension, even though the standard <monospace>torch.stack</monospace> is called.</p>
<boxed-text id="code-6" content-type="code">
<label>Program 6:</label>
<code language="python">from phlower import phlower_tensor
import torch

# Example: Stacking velocity tensors with compatible dimensions
# Assuming we have multiple velocity tensors with dimensions L^1 T^-1
velocity1 = phlower_tensor(torch.rand(10, 3), dimension={"L": 1, "T": -1})
velocity2 = phlower_tensor(torch.rand(10, 3), dimension={"L": 1, "T": -1})

# Stacking along a new dimension (e.g., time)
stacked_velocity = torch.stack([velocity1, velocity2])
print(stacked_velocity.shape)
# Output: torch.Size([2, 10, 3])
print(stacked_velocity.dimension)
# Output: PhlowerTensor with dimensions L^1 T^-1 and shape (2, 10, 3)</code>
<caption>
<p>Stacking tensors with compatible dimensions</p>
</caption>
</boxed-text>
</sec>
</sec>
<sec id="sec-7">
<label>3</label>
<title>Use Cases</title>
<p>This section presents potential use cases of PhlowerTensor in scientific machine learning and physics-informed models. PhlowerTensor’s ability to track physical dimensions and enforce dimensional consistency makes it a valuable tool for ensuring the correctness of computations in these domains.</p>
<sec id="sec-8">
<label>3.1</label>
<title>Preventing Dimensional Inconsistencies in Physics-Informed Models</title>
<p>In physics-informed neural networks (<abbrev alt="Physics-Informed Neural Network">PINN</abbrev>s), the loss function often includes terms derived from differential equations. For example, when modeling a system governed by Navier-Stokes equations, the loss function is composed of terms like the continuity equation and momentum equations. These equations involve physical quantities such as velocity, pressure, and density, each with specific physical dimensions. PhlowerTensor can be used to ensure that these terms are dimensionally consistent, preventing errors that could arise from mixing quantities with incompatible dimensions.</p>
</sec>
<sec id="sec-9">
<label>3.2</label>
<title>Enforcing Dimensional Validity in Feature Engineering</title>
<p>Phlower can reject invalid operations in feature engineering (e.g., subtracting pressure from velocity) due to its enforcement of dimensional consistency. This capability is particularly useful in domains such as fluid dynamics (e.g., aerodynamic analysis of vehicles), where data includes a variety of physical quantities with different dimensions.</p>
</sec>
</sec>
<sec id="sec-10">
<label>4</label>
<title>Additional Features</title>
<sec id="sec-11">
<label>4.1</label>
<title>YAML-Based Definition</title>
<p>Phlower provides a YAML-based model definition system that allows users to define, configure, and reuse machine learning models efficiently. <xref ref-type="custom" rid="code-7" custom-type="code">Program 7</xref> shows an excerpt of an example YAML file. This feature simplifies experimentation by enabling users to modify model architectures and hyperparameters without changing the underlying code.</p>
<boxed-text id="code-7" content-type="code">
<label>Program 7:</label>
<code language="yaml">- nn_type: MLP
  name: ENCODER1
  input_keys:
    - feature1
  output_key: mlp1
  destinations:
    - Concat
  nn_parameters:
    nodes: [-1, 20, 200]
    activations: ["relu", "relu"]</code>
<caption>
<p>Example of YAML-based model definition in Phlower</p>
</caption>
</boxed-text>
</sec>
<sec id="sec-12">
<label>4.2</label>
<title>Shape Semantics</title>
<p>Each index in the shape of a <monospace>PhlowerTensor</monospace> carries semantic meaning, a concept referred to as <italic>shape semantics</italic> in Phlower. <xref ref-type="custom" rid="code-8" custom-type="code">Program 8</xref> illustrates how <monospace>PhlowerTensor</monospace> can represent time-series pressure using shape semantics. This positional information is crucial for ensuring that tensor operations remain semantically meaningful and consistent with the underlying physical model.</p>
<boxed-text id="code-8" content-type="code">
<label>Program 8:</label>
<code language="python">from phlower import phlower_tensor
import torch


# Example: PhlowerTensor representing pressure.
# Here, we assume that the number of time steps is 10, the number of spatial points is 100.
time_series_pressure = phlower_tensor(
    torch.rand(10, 100, 1),
    dimension={"M": 1, "T": -2, "L": -1},
    is_time_series=True,
)

print(time_series_pressure.is_time_series)
# Output: True

print(time_series_pressure.n_vertices())
# Output: 100

# Accessing the last time step of the time series
pressure_at_last_time_step = time_series_pressure[-1]

# Phlower automatically detects that accessed tensor is not a time series
print(pressure_at_last_time_step.is_time_series)
# Output: False</code>
<caption>
<p>Shape Semantics in PhlowerTensor</p>
</caption>
</boxed-text>
</sec>
<sec id="sec-13">
<label>4.3</label>
<title>Output of model structure</title>
<p>Phlower provides a feature to export the model structure in a <ext-link ext-link-type="uri" xlink:href="https://mermaid.js.org/">Mermaid</ext-link> diagram format, making it easier to integrate them into documentation. <xref ref-type="fig" rid="figure-2">Figure 2</xref> shows an example of model architecture diagram. This feature is useful for visualizing model structure and understanding the relationships between different components.</p>
<fig id="figure-2">
<label>Figure 2:</label>
<caption>
<p>Example of a model structure diagram generated by Phlower.</p>
</caption>
<graphic mimetype="image" mime-subtype="png" xlink:href="files/sample_model-0fafcadb4c04a30555396413302e6816.png"/>
</fig>
</sec>
</sec>
<sec id="sec-14">
<label>5</label>
<title>Related Work</title>
<p>Several libraries and frameworks have been developed to support physical dimensions in scientific computing.</p>
<list list-type="bullet">
<list-item>
<p><bold>Pint</bold> (<xref ref-type="bibr" rid="ref-13">Grecco, 2025</xref>): A Python library for handling physical quantities with units. It allows users to define quantities such as <monospace>5 meters</monospace> or <monospace>25 degrees Celsius</monospace>, and supports conversions between different unit systems, e.g., from meters to feet or from Celsius to Fahrenheit. Pint provides <monospace>Quantity</monospace> objects that encapsulate both the numeric value and its unit, and supports NumPy-like operations while preserving unit consistency.</p>
</list-item><list-item>
<p><bold>Python Quantities</bold> (<xref ref-type="bibr" rid="ref-14">Dale, 2025</xref>): A library that extends NumPy to support physical quantities with units. It enables dimensional analysis and unit conversions in scientific computations. <monospace>Python Quantities</monospace> is designed to be compatible with NumPy arrays, allowing seamless integration with NumPy operations.</p>
</list-item>
</list>
<p>In contrast to Pint or Python Quantities, Phlower has two key differences. First, it does not provide unit conversion functionalities; instead, it focuses on enforcing <bold>dimensional consistency</bold> in tensor operations. Second, <monospace>PhlowerTensor</monospace> represents physical dimensions as an exponent vector of physical quantities (such as mass, length, and time) and stores this metadata alongside a PyTorch tensor. This design enables seamless integration with PyTorch, supporting GPU acceleration and automatic differentiation while tracking and validating the physical dimensions of tensor computations.</p>
<p>Thus, while Pint and Python Quantities aim to provide general-purpose unit handling and conversions in scientific computing built on NumPy, Phlower is specifically designed to integrate dimension checking into deep learning workflows built on PyTorch.</p>
</sec>
<sec id="sec-15">
<label>6</label>
<title>Limitations</title>
<list list-type="bullet">
<list-item>
<p><bold>Runtime Overhead</bold>: Dimensional consistency is enforced at runtime, which introduces additional computational overhead. This may impact performance in scenarios where a large numbers of tensor operations are performed, particularly in real-time applications.</p>
</list-item><list-item>
<p><bold>Partial Compatibility with PyTorch</bold>: Although <monospace>PhlowerTensor</monospace> is designed to integrate with PyTorch, certain advanced features such as in-place operations or custom autograd functions may require manual adaptation or may not be fully supported.</p>
</list-item>
</list>
</sec>
<sec id="sec-16">
<label>7</label>
<title>Conclusion and Future Work</title>
<p>In traditional numerical simulations of physical phenomena, physical dimensions play a critical role in ensuring the correctness of computations. To bring this advantage into deep learning, Phlower integrates physical dimensional information into PyTorch tensor objects. By enforcing dimensional consistency, Phlower enables users to avoid errors and improve the reliability of their deep learning models. We believe that Phlower will serve as a valuable tool for researchers and engineers working at the intersection of deep learning and physical simulation.</p>
<p>Future work includes extending the library to support more complex physical models and enhancing the YAML-based model definition system.</p>
</sec>
</body>
<back>
<ref-list>
<ref id="ref-15">
<element-citation publication-type="journal">
<article-title>Physics-informed neural networks: A deep learning framework for solving forward and inverse problems involving nonlinear partial differential equations</article-title>
<person-group person-group-type="author">
<name><surname>Raissi</surname><given-names>M.</given-names></name>
<name><surname>Perdikaris</surname><given-names>P.</given-names></name>
<name><surname>Karniadakis</surname><given-names>G.E.</given-names></name>
</person-group><source>Journal of Computational Physics</source><year iso-8601-date="2019">2019</year><pub-id pub-id-type="doi">https://doi.org/10.1016/j.jcp.2018.10.045</pub-id><volume>378</volume><fpage>686</fpage><lpage>707</lpage>
<issn>0021-9991</issn>
</element-citation>
</ref>
<ref id="ref-12">
<element-citation publication-type="paper-conference">
<article-title>PyTorch: An Imperative Style, High-Performance Deep Learning Library</article-title>
<person-group person-group-type="author">
<name><surname>Paszke</surname><given-names>Adam</given-names></name>
<name><surname>Gross</surname><given-names>Sam</given-names></name>
<name><surname>Massa</surname><given-names>Francisco</given-names></name>
<name><surname>Lerer</surname><given-names>Adam</given-names></name>
<name><surname>Bradbury</surname><given-names>James</given-names></name>
<name><surname>Chanan</surname><given-names>Gregory</given-names></name>
<name><surname>Killeen</surname><given-names>Trevor</given-names></name>
<name><surname>Lin</surname><given-names>Zeming</given-names></name>
<name><surname>Gimelshein</surname><given-names>Natalia</given-names></name>
<name><surname>Antiga</surname><given-names>Luca</given-names></name>
<name><surname>Desmaison</surname><given-names>Alban</given-names></name>
<name><surname>Kopf</surname><given-names>Andreas</given-names></name>
<name><surname>Yang</surname><given-names>Edward</given-names></name>
<name><surname>DeVito</surname><given-names>Zachary</given-names></name>
<name><surname>Raison</surname><given-names>Martin</given-names></name>
<name><surname>Tejani</surname><given-names>Alykhan</given-names></name>
<name><surname>Chilamkurthy</surname><given-names>Sasank</given-names></name>
<name><surname>Steiner</surname><given-names>Benoit</given-names></name>
<name><surname>Fang</surname><given-names>Lu</given-names></name>
<name><surname>Bai</surname><given-names>Junjie</given-names></name>
<name><surname>Chintala</surname><given-names>Soumith</given-names></name>
</person-group><source>Advances in Neural Information Processing Systems</source><year iso-8601-date="2019">2019</year><pub-id pub-id-type="doi">https://doi.org/10.48550/arXiv.1912.01703</pub-id><volume>32</volume></element-citation>
</ref>
<ref id="ref-16">
<element-citation publication-type="report">
<article-title>The International System of Units (SI), 2019 Edition</article-title>
<person-group person-group-type="author">
<name><surname>Newell</surname><given-names>David</given-names></name>
<name><surname>Tiesinga</surname><given-names>Eite</given-names></name>
</person-group><year iso-8601-date="2019">2019</year><pub-id pub-id-type="doi">https://doi.org/10.6028/NIST.SP.330-2019</pub-id></element-citation>
</ref>
<ref id="ref-13">
<element-citation publication-type="document">
<article-title>Pint: Physical quantities package</article-title>
<person-group person-group-type="author">
<name><surname>Grecco</surname><given-names>Hernan E.</given-names></name>
</person-group><year iso-8601-date="2025">2025</year></element-citation>
</ref>
<ref id="ref-14">
<element-citation publication-type="document">
<article-title>Python Quantities: Support for physical quantities with units, based on NumPy</article-title>
<person-group person-group-type="author">
<name><surname>Dale</surname><given-names>Darren</given-names></name>
</person-group><year iso-8601-date="2025">2025</year></element-citation>
</ref>
</ref-list>
</back>
</article>
