<?xml version="1.0" encoding="UTF-8"?>
<!DOCTYPE article PUBLIC "-//NLM//DTD JATS (Z39.96) Journal Archiving and Interchange DTD with MathML3 v1.3 20210610//EN" "http://jats.nlm.nih.gov/publishing/1.3/JATS-archivearticle1-3-mathml3.dtd">
<article xmlns:mml="http://www.w3.org/1998/Math/MathML" xmlns:xlink="http://www.w3.org/1999/xlink" xmlns:xsi="http://www.w3.org/2001/XMLSchema-instance" xmlns:ali="http://www.niso.org/schemas/ali/1.0/" dtd-version="1.3" xml:lang="en" id="main">
<front>
<article-meta>
<article-id pub-id-type="doi">10.25080/ppgk2467</article-id>
<title-group>
<article-title>Redist, a python tool for model-agnostics binned-likelihood fits in High Energy Physics</article-title>
<alt-title alt-title-type="running-head">Redist, a python tool for High Energy Physics</alt-title>
</title-group>
<contrib-group>
<contrib contrib-type="author" corresp="yes">
<contrib-id contrib-id-type="orcid">https://orcid.org/0009-0000-1704-4139</contrib-id>
<name name-style="western"><surname>Colonna</surname><given-names>Marco</given-names></name>
<xref ref-type="aff" rid="aff-1"/>
<email>marco.colonna@cern.ch</email>
</contrib>
<contrib contrib-type="author">
<contrib-id contrib-id-type="orcid">https://orcid.org/0000-0001-8636-1621</contrib-id>
<name name-style="western"><surname>Albrecht</surname><given-names>Johannes</given-names></name>
<xref ref-type="aff" rid="aff-1"/>
<email>johannes.albrecht@tu-dortmund.de</email>
</contrib>
<contrib contrib-type="author">
<contrib-id contrib-id-type="orcid">https://orcid.org/0000-0001-8153-2719</contrib-id>
<name name-style="western"><surname>Bernlochner</surname><given-names>Florian</given-names></name>
<xref ref-type="aff" rid="aff-2"/>
<email>florian.bernlochner@uni-bonn.de</email>
</contrib>
<contrib contrib-type="author">
<contrib-id contrib-id-type="orcid">https://orcid.org/0000-0002-3643-4543</contrib-id>
<name name-style="western"><surname>Gärtner</surname><given-names>Lorenz</given-names></name>
<xref ref-type="aff" rid="aff-3"/>
<email>lorenz.gaertner@physik.uni-muenchen.de</email>
</contrib>
<contrib contrib-type="author">
<contrib-id contrib-id-type="orcid">https://orcid.org/0000-0002-9428-4715</contrib-id>
<name name-style="western"><surname>Mathad</surname><given-names>Abhijit</given-names></name>
<xref ref-type="aff" rid="aff-4"/>
<email>abhijit.mathad@cern.ch</email>
</contrib>
<contrib contrib-type="author">
<contrib-id contrib-id-type="orcid">https://orcid.org/0000-0002-1697-4999</contrib-id>
<name name-style="western"><surname>Mitreska</surname><given-names>Biljana</given-names></name>
<xref ref-type="aff" rid="aff-1"/>
<email>biljana.mitreska@cern.ch</email>
</contrib>
</contrib-group>
<aff id="aff-1">
<institution-wrap>
<institution>Technische Universität Dortmund</institution>
</institution-wrap>
</aff>
<aff id="aff-2">
<institution-wrap>
<institution>University of Bonn</institution>
</institution-wrap>
</aff>
<aff id="aff-3">
<institution-wrap>
<institution>Ludwig Maximilian University of Munich</institution>
</institution-wrap>
</aff>
<aff id="aff-4">
<institution-wrap>
<institution>CERN</institution>
</institution-wrap>
</aff>
<fpage>222</fpage><lpage>231</lpage>
<permissions>
<ali:free_to_read/>
<license xlink:href="https://creativecommons.org/licenses/by/4.0/">
<ali:license_ref>https://creativecommons.org/licenses/by/4.0/</ali:license_ref>
<license-p>This is an open access article distributed under the terms of the <ext-link ext-link-type="uri" xlink:href="http://creativecommons.org/licenses/by/4.0/">Creative Commons Attribution License</ext-link>, which permits unrestricted use, distribution, and reproduction in any medium, provided the original author and source are credited.</license-p>
</license>
</permissions>
<abstract>
<p>Current High Energy Physics measurements rely on analysing the data by using underlying theoretical assumptions in model building that do not account for possible deviations from the nominal model on which the assumptions are based.
This approach can introduce potential bias in parameter extraction and complicate the reinterpretation of measurements without fully reanalyzing the data.
Redist is a package for building model-agnostic binned-likelihood fits, allowing combination and enhancing the reinterpretation of datasets.
Redist allows direct inference of theoretical parameters of any beyond the Standard Model scenario through histogram reweighting, properly taking into account changes in kinematic distributions.
By leveraging truth-level observables and capturing correlations, Redist can be interfaced with different theoretical backends to connect theoretical parameters with the <italic>pyhf</italic> environment for fitting.
We present a Redist-HAMMER interface that has been developed to address direct Beyond the Standard Model measurements by reinterpreting existing datasets collected by various High Energy Physics collaborations, using the increasingly popular theoretical backend HAMMER. This enables model-agnostic interpretation of data—a crucial step for advancing precision flavor physics.
Further applications of the Redist package in different fields, along the lines of the Redist-HAMMER interface in High Energy Physics, to extend <italic>pyhf</italic> models are possible and straightforward to implement.</p>
</abstract>
<kwd-group>
<kwd>High Energy Physics</kwd>
<kwd>Flavour Physics</kwd>
<kwd>Model agnostic</kwd>
<kwd>Data reinterpretation</kwd>
</kwd-group>
</article-meta>
</front>
<body>
<sec id="sec-1">
<label>1</label>
<title>Introduction</title>
<p>As High Energy Physics (<abbrev alt="High Energy Physics">HEP</abbrev>) is entering a high-precision measurements era, minimizing assumptions about theoretical models in the data analysis becomes necessary for testing alternative interpretations on the same data.
Usually <abbrev alt="High Energy Physics">HEP</abbrev> analyses rely on theoretical assumptions, such as the Standard Model (<abbrev alt="Standard Model">SM</abbrev>) predictions or the shapes of simulated samples produced based on a set underlying kinematic assumptions.
These inherent dependencies make reinterpretation of datasets collected by the the LHCb (<xref ref-type="bibr" rid="ref-13">Collaboration, 2008</xref>) and Belle II (<xref ref-type="bibr" rid="ref-14">Brodzicka <italic>et al.</italic>, 2012</xref>) collaborations, leading the field of flavour physics, challenging.
To avoid necessarily generating simulated samples for each Beyond the Standard Model (<abbrev alt="Beyond the Standard Model">BSM</abbrev>) scenario, tools like the HAMMER (<xref ref-type="bibr" rid="ref-1">Bernlochner <italic>et al.</italic>, 2020</xref>) or the EOS (<xref ref-type="bibr" rid="ref-12">Dyk &amp; others, 2022</xref>) packages have been developed, giving access to frameworks to adjust simulation-derived models to arbitrary <abbrev alt="Beyond the Standard Model">BSM</abbrev> scenarios by reweighting the kinematic distributions of the particles to any assumption differing from the <abbrev alt="Standard Model">SM</abbrev>, also allowing to vary theoretical parameters of the chromodynamics of the events, known as Form Factors (<abbrev alt="Form Factor">FF</abbrev>s).
Handling <abbrev alt="Form Factor">FF</abbrev>s is very important specifically in the study of beauty-meson decays involving neutrinos in the final state.
The HAMMER interface, in particular, makes use of truth-level kinematic information, meaning the real momentum components and particle identity of the simulated particles, in the initial and final states to apply an event-by-event weighting.
It allows to vary the Form Factor parametrization, from the one that has been used in the simulation production to the one that is desired for the analysis.
The HAMMER interface also allows testing different <abbrev alt="Beyond the Standard Model">BSM</abbrev> scenarios by assigning weights to the events on the basis of the different NP contributions associated with the Effective Field Theory (<abbrev alt="Effective Field Theory">EFT</abbrev>) (<xref ref-type="bibr" rid="ref-9">Pich, 1998</xref>) operators listed in <xref ref-type="table" rid="table-1">Table 1</xref>.
In general for each operator two contributions to the Wilson Coefficients are defined respectively representing the real and imaginary parts of the Wilson Coefficient.</p>
<table-wrap id="table-1">
<label>Table 1:</label>
<caption>
<p>List of the <abbrev alt="Effective Field Theory">EFT</abbrev> operators implemented in HAMMER. The symbols <inline-formula><alternatives><mml:math display="inline"><mml:mi>u</mml:mi></mml:math><tex-math><![CDATA[u]]></tex-math></alternatives></inline-formula> and <inline-formula><alternatives><mml:math display="inline"><mml:mi>d</mml:mi></mml:math><tex-math><![CDATA[d]]></tex-math></alternatives></inline-formula> represent the up-like and the down-like quarks involved in the vertex, as the symbols <inline-formula><alternatives><mml:math display="inline"><mml:mi>l</mml:mi></mml:math><tex-math><![CDATA[l]]></tex-math></alternatives></inline-formula> and <inline-formula><alternatives><mml:math display="inline"><mml:mi>ν</mml:mi></mml:math><tex-math><![CDATA[\nu]]></tex-math></alternatives></inline-formula> represent the lepton and the neutrino. The pedestals <inline-formula><alternatives><mml:math display="inline"><mml:mi>R</mml:mi></mml:math><tex-math><![CDATA[R]]></tex-math></alternatives></inline-formula> and <inline-formula><alternatives><mml:math display="inline"><mml:mi>L</mml:mi></mml:math><tex-math><![CDATA[L]]></tex-math></alternatives></inline-formula> represent the chiral-state of the particles (right-, or left-handed). Any operator involving right-handed neutrinos implemented in HAMMER has been excluded from this list.</p>
</caption>
<table>
<thead>
<tr><th>Current type</th><th>WC Name</th><th>NP operator</th></tr>
</thead>
<tbody>
<tr><td>Standard Model</td><td><inline-formula><alternatives><mml:math display="inline"><mml:mi>S</mml:mi><mml:mi>M</mml:mi></mml:math><tex-math><![CDATA[SM]]></tex-math></alternatives></inline-formula></td><td><inline-formula><alternatives><mml:math display="inline"><mml:mrow><mml:mo fence="true">[</mml:mo><mml:mover accent="true"><mml:mi>u</mml:mi><mml:mo stretchy="true">‾</mml:mo></mml:mover><mml:msup><mml:mi>γ</mml:mi><mml:mi>μ</mml:mi></mml:msup><mml:msub><mml:mi>P</mml:mi><mml:mi>L</mml:mi></mml:msub><mml:mi>d</mml:mi><mml:mo fence="true">]</mml:mo></mml:mrow><mml:mrow><mml:mo fence="true">[</mml:mo><mml:mover accent="true"><mml:mi>l</mml:mi><mml:mo stretchy="true">‾</mml:mo></mml:mover><mml:msup><mml:mi>γ</mml:mi><mml:mi>μ</mml:mi></mml:msup><mml:msub><mml:mi>P</mml:mi><mml:mi>L</mml:mi></mml:msub><mml:mi>ν</mml:mi><mml:mo fence="true">]</mml:mo></mml:mrow></mml:math><tex-math><![CDATA[\left[\overline u\gamma^{\mu}P_L d\right] \left[\overline l\gamma^{\mu}P_L \nu\right]]]></tex-math></alternatives></inline-formula></td></tr>
<tr><td>Vector</td><td><inline-formula><alternatives><mml:math display="inline"><mml:msub><mml:mi>V</mml:mi><mml:mrow><mml:mi>q</mml:mi><mml:mi>L</mml:mi><mml:mi>l</mml:mi><mml:mi>L</mml:mi></mml:mrow></mml:msub></mml:math><tex-math><![CDATA[V_{qLlL}]]></tex-math></alternatives></inline-formula></td><td><inline-formula><alternatives><mml:math display="inline"><mml:mrow><mml:mo fence="true">[</mml:mo><mml:mover accent="true"><mml:mi>u</mml:mi><mml:mo stretchy="true">‾</mml:mo></mml:mover><mml:msup><mml:mi>γ</mml:mi><mml:mi>μ</mml:mi></mml:msup><mml:msub><mml:mi>P</mml:mi><mml:mi>L</mml:mi></mml:msub><mml:mi>d</mml:mi><mml:mo fence="true">]</mml:mo></mml:mrow><mml:mrow><mml:mo fence="true">[</mml:mo><mml:mover accent="true"><mml:mi>l</mml:mi><mml:mo stretchy="true">‾</mml:mo></mml:mover><mml:msup><mml:mi>γ</mml:mi><mml:mi>μ</mml:mi></mml:msup><mml:msub><mml:mi>P</mml:mi><mml:mi>L</mml:mi></mml:msub><mml:mi>ν</mml:mi><mml:mo fence="true">]</mml:mo></mml:mrow></mml:math><tex-math><![CDATA[\left[\overline u\gamma^{\mu}P_L d\right] \left[\overline l\gamma^{\mu}P_L \nu\right]]]></tex-math></alternatives></inline-formula></td></tr>
<tr><td/><td><inline-formula><alternatives><mml:math display="inline"><mml:msub><mml:mi>V</mml:mi><mml:mrow><mml:mi>q</mml:mi><mml:mi>R</mml:mi><mml:mi>l</mml:mi><mml:mi>L</mml:mi></mml:mrow></mml:msub></mml:math><tex-math><![CDATA[V_{qRlL}]]></tex-math></alternatives></inline-formula></td><td><inline-formula><alternatives><mml:math display="inline"><mml:mrow><mml:mo fence="true">[</mml:mo><mml:mover accent="true"><mml:mi>u</mml:mi><mml:mo stretchy="true">‾</mml:mo></mml:mover><mml:msup><mml:mi>γ</mml:mi><mml:mi>μ</mml:mi></mml:msup><mml:msub><mml:mi>P</mml:mi><mml:mi>R</mml:mi></mml:msub><mml:mi>d</mml:mi><mml:mo fence="true">]</mml:mo></mml:mrow><mml:mrow><mml:mo fence="true">[</mml:mo><mml:mover accent="true"><mml:mi>l</mml:mi><mml:mo stretchy="true">‾</mml:mo></mml:mover><mml:msup><mml:mi>γ</mml:mi><mml:mi>μ</mml:mi></mml:msup><mml:msub><mml:mi>P</mml:mi><mml:mi>L</mml:mi></mml:msub><mml:mi>ν</mml:mi><mml:mo fence="true">]</mml:mo></mml:mrow></mml:math><tex-math><![CDATA[\left[\overline u\gamma^{\mu}P_R d\right] \left[\overline l\gamma^{\mu}P_L \nu\right]]]></tex-math></alternatives></inline-formula></td></tr>
<tr><td>Scalar</td><td><inline-formula><alternatives><mml:math display="inline"><mml:msub><mml:mi>S</mml:mi><mml:mrow><mml:mi>q</mml:mi><mml:mi>L</mml:mi><mml:mi>l</mml:mi><mml:mi>L</mml:mi></mml:mrow></mml:msub></mml:math><tex-math><![CDATA[S_{qLlL}]]></tex-math></alternatives></inline-formula></td><td><inline-formula><alternatives><mml:math display="inline"><mml:mrow><mml:mo fence="true">[</mml:mo><mml:mover accent="true"><mml:mi>u</mml:mi><mml:mo stretchy="true">‾</mml:mo></mml:mover><mml:msub><mml:mi>P</mml:mi><mml:mi>L</mml:mi></mml:msub><mml:mi>d</mml:mi><mml:mo fence="true">]</mml:mo></mml:mrow><mml:mrow><mml:mo fence="true">[</mml:mo><mml:mover accent="true"><mml:mi>l</mml:mi><mml:mo stretchy="true">‾</mml:mo></mml:mover><mml:msub><mml:mi>P</mml:mi><mml:mi>L</mml:mi></mml:msub><mml:mi>ν</mml:mi><mml:mo fence="true">]</mml:mo></mml:mrow></mml:math><tex-math><![CDATA[\left[\overline u P_L d\right] \left[\overline l P_L \nu\right]]]></tex-math></alternatives></inline-formula></td></tr>
<tr><td/><td><inline-formula><alternatives><mml:math display="inline"><mml:msub><mml:mi>S</mml:mi><mml:mrow><mml:mi>q</mml:mi><mml:mi>R</mml:mi><mml:mi>l</mml:mi><mml:mi>L</mml:mi></mml:mrow></mml:msub></mml:math><tex-math><![CDATA[S_{qRlL}]]></tex-math></alternatives></inline-formula></td><td><inline-formula><alternatives><mml:math display="inline"><mml:mrow><mml:mo fence="true">[</mml:mo><mml:mover accent="true"><mml:mi>u</mml:mi><mml:mo stretchy="true">‾</mml:mo></mml:mover><mml:msub><mml:mi>P</mml:mi><mml:mi>R</mml:mi></mml:msub><mml:mi>d</mml:mi><mml:mo fence="true">]</mml:mo></mml:mrow><mml:mrow><mml:mo fence="true">[</mml:mo><mml:mover accent="true"><mml:mi>l</mml:mi><mml:mo stretchy="true">‾</mml:mo></mml:mover><mml:msub><mml:mi>P</mml:mi><mml:mi>L</mml:mi></mml:msub><mml:mi>ν</mml:mi><mml:mo fence="true">]</mml:mo></mml:mrow></mml:math><tex-math><![CDATA[\left[\overline u P_R d\right] \left[\overline l P_L \nu\right]]]></tex-math></alternatives></inline-formula></td></tr>
<tr><td>Tensor</td><td><inline-formula><alternatives><mml:math display="inline"><mml:msub><mml:mi>T</mml:mi><mml:mrow><mml:mi>q</mml:mi><mml:mi>L</mml:mi><mml:mi>l</mml:mi><mml:mi>L</mml:mi></mml:mrow></mml:msub></mml:math><tex-math><![CDATA[T_{qLlL}]]></tex-math></alternatives></inline-formula></td><td><inline-formula><alternatives><mml:math display="inline"><mml:mrow><mml:mo fence="true">[</mml:mo><mml:mover accent="true"><mml:mi>u</mml:mi><mml:mo stretchy="true">‾</mml:mo></mml:mover><mml:msub><mml:mi>σ</mml:mi><mml:mrow><mml:mi>μ</mml:mi><mml:mi>ν</mml:mi></mml:mrow></mml:msub><mml:msub><mml:mi>P</mml:mi><mml:mi>L</mml:mi></mml:msub><mml:mi>d</mml:mi><mml:mo fence="true">]</mml:mo></mml:mrow><mml:mrow><mml:mo fence="true">[</mml:mo><mml:mover accent="true"><mml:mi>l</mml:mi><mml:mo stretchy="true">‾</mml:mo></mml:mover><mml:msub><mml:mi>σ</mml:mi><mml:mrow><mml:mi>μ</mml:mi><mml:mi>ν</mml:mi></mml:mrow></mml:msub><mml:msub><mml:mi>P</mml:mi><mml:mi>L</mml:mi></mml:msub><mml:mi>ν</mml:mi><mml:mo fence="true">]</mml:mo></mml:mrow></mml:math><tex-math><![CDATA[\left[\overline u \sigma_{\mu\nu} P_L d\right] \left[\overline l \sigma_{\mu\nu} P_L \nu\right]]]></tex-math></alternatives></inline-formula></td></tr>
</tbody>
</table>
</table-wrap>
<p>Python is becoming increasingly popular in High Energy Physics (<abbrev alt="High Energy Physics">HEP</abbrev>) analysis due to its flexibility, ease of use and the growing number of scientific tool implemented on it.
At the same time, the HAMMER package is gaining traction in the community as a powerful framework to reinterpret previously analyzed datasets and explore <abbrev alt="Beyond the Standard Model">BSM</abbrev> scenarios through <abbrev alt="Form Factor">FF</abbrev>s reweighting.
The Redist-HAMMER (<ext-link ext-link-type="uri" xlink:href="https://github.com/lorenzennio/redist">github repository</ext-link>) is the first full Pythonic interface between the HAMMER package and a fitting environment, by integrating it with the <italic>pyhf</italic> framework (<xref ref-type="bibr" rid="ref-4">Heinrich <italic>et al.</italic>, n.d.</xref>) (<xref ref-type="bibr" rid="ref-5">Heinrich <italic>et al.</italic>, 2021</xref>).
This allows HAMMER-processed samples to be used directly within <italic>pyhf</italic>’s binned-likelihood models (<xref ref-type="bibr" rid="ref-7">Cranmer <italic>et al.</italic>, 2012</xref>), via the Redist modifiers of the likelihood, encoding the <abbrev alt="Beyond the Standard Model">BSM</abbrev> and <abbrev alt="Form Factor">FF</abbrev> dependence of the shapes as defined by the HAMMER theoretical backend.
Other efforts, such as the RooHammerModel (<xref ref-type="bibr" rid="ref-2">García Pardiñas <italic>et al.</italic>, 2022</xref>), have been spent to address similar functionalities in the C++-based RooFit-HistFactory framework (<xref ref-type="bibr" rid="ref-6">Verkerke &amp; Kirkby, 2003</xref>).
Redist-HAMMER builds on this idea by bringing it into the Python ecosystem, providing a flexible reinterpretation tool that supports combination and fitting workflows entirely in Python allowing for an easy to start interface to apply reinterpretation of <abbrev alt="High Energy Physics">HEP</abbrev> datasets.</p>
<p>The structure of this document is as follows: <xref ref-type="sec" rid="sec-2">Section 2</xref> describes the Redist environment and the custom modifier functionalities implemented as an extension of <italic>pyhf</italic>, <xref ref-type="sec" rid="sec-3">Section 3</xref> describes the Redist-HAMMER interface to <italic>pyhf</italic> with a specific focus on the methods to start coding with it and perform simple fits, <xref ref-type="sec" rid="sec-4">Section 4</xref> shows a set of proof of usage of the package discussing advantages of the methods that are used, finally <xref ref-type="sec" rid="sec-5">Section 5</xref> provides an outlook on further implementation of the Redist package in <abbrev alt="High Energy Physics">HEP</abbrev> and in multiple different fields of science.</p>
</sec>
<sec id="sec-2">
<label>2</label>
<title>The <italic>pyhf</italic> and the Redist package</title>
<p>The <italic>pyhf</italic> package implements a very popular model building method for binned-likelihood fits.
The most generic binned-likelihood can be written as the product of three components:</p>
<disp-formula id="eq-1">
<alternatives><mml:math display="block"><mml:mi>L</mml:mi><mml:mo>=</mml:mo><mml:msub><mml:mi>L</mml:mi><mml:mrow><mml:mi>d</mml:mi><mml:mi>a</mml:mi><mml:mi>t</mml:mi><mml:mi>a</mml:mi></mml:mrow></mml:msub><mml:mo>⋅</mml:mo><mml:msub><mml:mi>C</mml:mi><mml:mrow><mml:mi>e</mml:mi><mml:mi>x</mml:mi><mml:mi>p</mml:mi></mml:mrow></mml:msub><mml:mo>⋅</mml:mo><mml:msub><mml:mi>C</mml:mi><mml:mrow><mml:mi>t</mml:mi><mml:mi>h</mml:mi></mml:mrow></mml:msub></mml:math><tex-math><![CDATA[L=L_{data} \cdot C_{exp} \cdot C_{th}]]></tex-math></alternatives>
<label>(1)</label>
</disp-formula>
<p>defined respectively as the data likelihood, <inline-formula><alternatives><mml:math display="inline"><mml:msub><mml:mi>L</mml:mi><mml:mrow><mml:mi>d</mml:mi><mml:mi>a</mml:mi><mml:mi>t</mml:mi><mml:mi>a</mml:mi></mml:mrow></mml:msub></mml:math><tex-math><![CDATA[L_{data}]]></tex-math></alternatives></inline-formula>, and two components introducing the experimental and theoretical constraints, <inline-formula><alternatives><mml:math display="inline"><mml:msub><mml:mi>C</mml:mi><mml:mrow><mml:mi>e</mml:mi><mml:mi>x</mml:mi><mml:mi>p</mml:mi></mml:mrow></mml:msub></mml:math><tex-math><![CDATA[C_{exp}]]></tex-math></alternatives></inline-formula> and <inline-formula><alternatives><mml:math display="inline"><mml:msub><mml:mi>C</mml:mi><mml:mrow><mml:mi>t</mml:mi><mml:mi>h</mml:mi></mml:mrow></mml:msub></mml:math><tex-math><![CDATA[C_{th}]]></tex-math></alternatives></inline-formula>.
<inline-formula><alternatives><mml:math display="inline"><mml:msub><mml:mi>L</mml:mi><mml:mrow><mml:mi>d</mml:mi><mml:mi>a</mml:mi><mml:mi>t</mml:mi><mml:mi>a</mml:mi></mml:mrow></mml:msub></mml:math><tex-math><![CDATA[L_{data}]]></tex-math></alternatives></inline-formula> is defined, according to the binned nature of the model, as the product of Poisson probabilities of the yields observed in data, <inline-formula><alternatives><mml:math display="inline"><mml:mi>n</mml:mi></mml:math><tex-math><![CDATA[n]]></tex-math></alternatives></inline-formula>, and the expected number of events, <inline-formula><alternatives><mml:math display="inline"><mml:mi>ν</mml:mi></mml:math><tex-math><![CDATA[\nu]]></tex-math></alternatives></inline-formula>:</p>
<disp-formula id="eq-2">
<alternatives><mml:math display="block"><mml:msub><mml:mi>L</mml:mi><mml:mrow><mml:mi>d</mml:mi><mml:mi>a</mml:mi><mml:mi>t</mml:mi><mml:mi>a</mml:mi></mml:mrow></mml:msub><mml:mo stretchy="false">(</mml:mo><mml:mi>n</mml:mi><mml:mo separator="true">;</mml:mo><mml:mi>η</mml:mi><mml:mo separator="true">,</mml:mo><mml:mi>χ</mml:mi><mml:mo stretchy="false">)</mml:mo><mml:mo>=</mml:mo><mml:munder><mml:mo>∏</mml:mo><mml:mrow><mml:mi>c</mml:mi><mml:mo>∈</mml:mo><mml:mtext>channel</mml:mtext></mml:mrow></mml:munder><mml:munder><mml:mo>∏</mml:mo><mml:mrow><mml:mi>b</mml:mi><mml:mo>∈</mml:mo><mml:mtext>bins</mml:mtext></mml:mrow></mml:munder><mml:mi>P</mml:mi><mml:mi>o</mml:mi><mml:mi>i</mml:mi><mml:mi>s</mml:mi><mml:mo stretchy="false">(</mml:mo><mml:msub><mml:mi>n</mml:mi><mml:mrow><mml:mi>c</mml:mi><mml:mi>b</mml:mi></mml:mrow></mml:msub><mml:mi mathvariant="normal">∣</mml:mi><mml:msub><mml:mi>ν</mml:mi><mml:mrow><mml:mi>c</mml:mi><mml:mi>b</mml:mi></mml:mrow></mml:msub><mml:mo stretchy="false">(</mml:mo><mml:mi>η</mml:mi><mml:mo separator="true">,</mml:mo><mml:mi>χ</mml:mi><mml:mo stretchy="false">)</mml:mo><mml:mo stretchy="false">)</mml:mo></mml:math><tex-math><![CDATA[L_{data}(n;\eta,\chi)=\prod_{c \in \text{channel}}\prod_{b \in \text{bins}} Pois(n_{cb} | \nu_{cb}(\eta,\chi))]]></tex-math></alternatives>
<label>(2)</label>
</disp-formula>
<p>where each channel represents a different and disjoint binned distribution and bins correspond to the histogram bins.
The rates <inline-formula><alternatives><mml:math display="inline"><mml:mi>ν</mml:mi></mml:math><tex-math><![CDATA[\nu]]></tex-math></alternatives></inline-formula> are functions of constrained and unconstrained parameters, respectively defined as <inline-formula><alternatives><mml:math display="inline"><mml:mi>η</mml:mi></mml:math><tex-math><![CDATA[\eta]]></tex-math></alternatives></inline-formula> and <inline-formula><alternatives><mml:math display="inline"><mml:mi>χ</mml:mi></mml:math><tex-math><![CDATA[\chi]]></tex-math></alternatives></inline-formula>.
The constraints applied on the <inline-formula><alternatives><mml:math display="inline"><mml:mi>χ</mml:mi></mml:math><tex-math><![CDATA[\chi]]></tex-math></alternatives></inline-formula> parameters might come from both experimental or theoretical priors, whose definition in the likelihood is contained in the <inline-formula><alternatives><mml:math display="inline"><mml:msub><mml:mi>C</mml:mi><mml:mrow><mml:mi>e</mml:mi><mml:mi>x</mml:mi><mml:mi>p</mml:mi></mml:mrow></mml:msub></mml:math><tex-math><![CDATA[C_{exp}]]></tex-math></alternatives></inline-formula> and <inline-formula><alternatives><mml:math display="inline"><mml:msub><mml:mi>C</mml:mi><mml:mrow><mml:mi>t</mml:mi><mml:mi>h</mml:mi></mml:mrow></mml:msub></mml:math><tex-math><![CDATA[C_{th}]]></tex-math></alternatives></inline-formula> terms:</p>
<disp-formula id="eq-3">
<alternatives><mml:math display="block"><mml:msub><mml:mi>C</mml:mi><mml:mi>i</mml:mi></mml:msub><mml:mo>=</mml:mo><mml:munder><mml:mo>∏</mml:mo><mml:mrow><mml:mi>χ</mml:mi><mml:mo>∈</mml:mo><mml:msub><mml:mi>χ</mml:mi><mml:mi>i</mml:mi></mml:msub></mml:mrow></mml:munder><mml:msub><mml:mi>c</mml:mi><mml:mi>χ</mml:mi></mml:msub><mml:mo stretchy="false">(</mml:mo><mml:msub><mml:mi>a</mml:mi><mml:mi>χ</mml:mi></mml:msub><mml:mi mathvariant="normal">∣</mml:mi><mml:mi>χ</mml:mi><mml:mo stretchy="false">)</mml:mo></mml:math><tex-math><![CDATA[C_{i}=\prod_{\chi \in \chi_{i}} c_{\chi}(a_{\chi}|\chi)]]></tex-math></alternatives>
<label>(3)</label>
</disp-formula>
<p>where the index <inline-formula><alternatives><mml:math display="inline"><mml:mi>i</mml:mi></mml:math><tex-math><![CDATA[i]]></tex-math></alternatives></inline-formula> represents the two types of constraints, and <inline-formula><alternatives><mml:math display="inline"><mml:mi>a</mml:mi></mml:math><tex-math><![CDATA[a]]></tex-math></alternatives></inline-formula> represents the auxiliary data enforcing the constraints.</p>
<p>The <italic>pyhf</italic> package requires the rates <inline-formula><alternatives><mml:math display="inline"><mml:mi>ν</mml:mi></mml:math><tex-math><![CDATA[\nu]]></tex-math></alternatives></inline-formula> of the different contributions of the model to be defined as the expected number of events taken from simulation, allowing the definition of a set of modifiers which will change the rates in the fit on the depencence of the given degrees of freedom.
Different types of modifiers are already defined in <italic>pyhf</italic>, so that the event rate for a given channel <inline-formula><alternatives><mml:math display="inline"><mml:mi>c</mml:mi></mml:math><tex-math><![CDATA[c]]></tex-math></alternatives></inline-formula> and bin <inline-formula><alternatives><mml:math display="inline"><mml:mi>b</mml:mi></mml:math><tex-math><![CDATA[b]]></tex-math></alternatives></inline-formula> is defined as:</p>
<disp-formula id="eq-4">
<alternatives><mml:math display="block"><mml:msub><mml:mi>ν</mml:mi><mml:mrow><mml:mi>c</mml:mi><mml:mi>b</mml:mi></mml:mrow></mml:msub><mml:mo>=</mml:mo><mml:munder><mml:mo>∑</mml:mo><mml:mrow><mml:mi>s</mml:mi><mml:mo>∈</mml:mo><mml:mi>s</mml:mi><mml:mi>a</mml:mi><mml:mi>m</mml:mi><mml:mi>p</mml:mi><mml:mi>l</mml:mi><mml:mi>e</mml:mi><mml:mi>s</mml:mi></mml:mrow></mml:munder><mml:munder><mml:mo>∏</mml:mo><mml:mrow><mml:mi>k</mml:mi><mml:mo>∈</mml:mo><mml:mi>k</mml:mi></mml:mrow></mml:munder><mml:msub><mml:mi>k</mml:mi><mml:mrow><mml:mi>s</mml:mi><mml:mi>c</mml:mi><mml:mi>b</mml:mi></mml:mrow></mml:msub><mml:mo stretchy="false">(</mml:mo><mml:mi>η</mml:mi><mml:mo separator="true">,</mml:mo><mml:mi>χ</mml:mi><mml:mo stretchy="false">)</mml:mo><mml:mo>×</mml:mo><mml:mo stretchy="false">(</mml:mo><mml:msubsup><mml:mi>ν</mml:mi><mml:mrow><mml:mi>s</mml:mi><mml:mi>c</mml:mi><mml:mi>b</mml:mi></mml:mrow><mml:mn>0</mml:mn></mml:msubsup><mml:mo stretchy="false">(</mml:mo><mml:mi>η</mml:mi><mml:mo separator="true">,</mml:mo><mml:mi>χ</mml:mi><mml:mo stretchy="false">)</mml:mo><mml:mo>+</mml:mo><mml:munder><mml:mo>∑</mml:mo><mml:mrow><mml:mi mathvariant="normal">Δ</mml:mi><mml:mo>∈</mml:mo><mml:mi mathvariant="normal">Δ</mml:mi></mml:mrow></mml:munder><mml:msub><mml:mi mathvariant="normal">Δ</mml:mi><mml:mrow><mml:mi>s</mml:mi><mml:mi>c</mml:mi><mml:mi>b</mml:mi></mml:mrow></mml:msub><mml:mo stretchy="false">(</mml:mo><mml:mi>η</mml:mi><mml:mo separator="true">,</mml:mo><mml:mi>χ</mml:mi><mml:mo stretchy="false">)</mml:mo><mml:mo stretchy="false">)</mml:mo></mml:math><tex-math><![CDATA[\nu_{cb}=\sum_{s\in samples} \prod_{k \in k} k_{scb}(\eta,\chi) \times (\nu_{scb}^0 (\eta,\chi) + \sum_{\Delta \in \Delta} \Delta_{scb}(\eta,\chi))]]></tex-math></alternatives>
<label>(4)</label>
</disp-formula>
<p>where samples represents the set of contributions appearing in the same channel, <inline-formula><alternatives><mml:math display="inline"><mml:msup><mml:mi>ν</mml:mi><mml:mn>0</mml:mn></mml:msup></mml:math><tex-math><![CDATA[\nu^0]]></tex-math></alternatives></inline-formula> is the initial event rate, and <inline-formula><alternatives><mml:math display="inline"><mml:mi>k</mml:mi></mml:math><tex-math><![CDATA[k]]></tex-math></alternatives></inline-formula> and <inline-formula><alternatives><mml:math display="inline"><mml:mi mathvariant="normal">Δ</mml:mi></mml:math><tex-math><![CDATA[\Delta]]></tex-math></alternatives></inline-formula> are respectively multiplicative and additive modifiers.
One challenge with defining the rates in terms of the modifiers is that it may be complicated to capture more intricate dependencies, particularly if the degrees of freedom <inline-formula><alternatives><mml:math display="inline"><mml:mi>η</mml:mi></mml:math><tex-math><![CDATA[\eta]]></tex-math></alternatives></inline-formula> and <inline-formula><alternatives><mml:math display="inline"><mml:mi>χ</mml:mi></mml:math><tex-math><![CDATA[\chi]]></tex-math></alternatives></inline-formula> are expressed as the NP coefficients from the HAMMER package or as <abbrev alt="Form Factor">FF</abbrev> parameters.</p>
<p>The Redist package (<xref ref-type="bibr" rid="ref-3">Gärtner <italic>et al.</italic>, 2024</xref>) addresses this problem with a reinterpretation method where the binned event counts are updated on the basis of the new kinematic assumptions.
The method has been implemented in the <italic>pyhf</italic> fitting interface through the definition of a custom modifier of the likelihood: a modifier varying event rates, computed by custom functions or external theoretical backends.
The Pythonic interface of the HAMMER package has been used to build an interface between HAMMER and a generic Python-based fitting interface, while the Redist package has been implemented with a new custom modifier to use the HAMMER-weighted histograms in the definition of the <italic>pyhf</italic> models.</p>
<p>This implementation of Redist-HAMMER allows us to make use of the HAMMER package directly in our fits and is a valuable example of how the Redist weighting method can be applied easily to specific cases by interfacing <abbrev alt="High Energy Physics">HEP</abbrev> theory packages to the <italic>pyhf</italic> fitting environment.</p>
</sec>
<sec id="sec-3">
<label>3</label>
<title>The Redist-HAMMER interface</title>
<p>The Redist-HAMMER follows a deliberately nested class structure, where each class is responsible for a narrowly defined task, adhering to the principle of single responsibility.
Higher-level classes delegate specific subtasks to lower-level components, which are composed as objects within them.
This design, while seemingly convoluted, promotes clarity, testability and separation of concerns by ensuring that each layer handles only its designated function and relies on contained objects for more granular operations.
This modular, layered structure enables to effectively apply both unit and integration testing to validate each class’s behavior both in isolation and in collaboration with the other components.
The structure of the package and its purpose, with respect to the HAMMER interface and <italic>pyhf</italic>, are summarized in <xref ref-type="fig" rid="figure-1">Figure 1</xref>.</p>
<fig id="figure-1">
<label>Figure 1:</label>
<caption>
<p>System diagram of the Redist package allowing HAMMER processed samples to be used in <italic>pyhf</italic> inference. The nested structure of the Redist-HAMMER interface is summarized.</p>
</caption>
<graphic mimetype="image" mime-subtype="png" xlink:href="files/figure1-c8210a9acea0307eedc4c93f68d60420.png"/>
</fig>
<p>The most inner object in the nested structure is the HammerCacher, a class that uses the Python HAMMER interface functions to read from a file a HAMMER-processed histograms, which are created applying HAMMER to the simulations and contain the HAMMER weighting parameters (generally ~10-20 new degrees of freedom for describing the <abbrev alt="Form Factor">FF</abbrev> parametrization and <abbrev alt="Beyond the Standard Model">BSM</abbrev> injection) and the mathematical tools to extrapolate the variations of the shape as function of them.
The HammerCacher stores the bin content of the HAMMER-processed histogram and updates it on the basis of any set of NP and <abbrev alt="Form Factor">FF</abbrev> parameters that were defined at HAMMER processing time.
To avoid useless iterations with the HAMMER weighting, a caching procedure for the values of the parameters has been used: the values of the NP and <abbrev alt="Form Factor">FF</abbrev> parameters are stored, and the histogram bin content is updated only when the parameters are effectively varied.
Multiple HammerCacher instances can be embedded in the same object and their parameters varied at the same time using the MultiHammerCacher.
In addition the HammerNuisWrapper is defined as the one that contains a HammerCacher and attaches a set of multiplicative parameters to vary the bin content of the HAMMER histogram.
A similar structure has been built to include non-HAMMER-weighted contributions in the model, meaning regular histograms produced from <abbrev alt="High Energy Physics">HEP</abbrev> simulations; the shapes of these contributions are defined by reading a file, and from the set of multiplicative parameters—representing, for example, the yields.
Each NuisWrapper is further contained in a Template class, which defines an object allowing access to the bin content of the contributions and enabling changes to the parameters.
The Template class also contains options to generate toy samples or to return the whole template histogram for a specific injection of parameters.
Multiple Templates are stored in a single Fitter object, which is used to represent what in <italic>pyhf</italic> would be defined as a Channel, and it is used to interface the preceding nested structure of classes to Redist.</p>
<p>An additional class named Reader is taking care of model construction using the configurations included in a single JSON file:</p>
<code language="json">{
  "B02DstTauNu": {
    "fileNames": ["File_containing_a_histogram.dat"],
    "histoname": "Name_of_the_histogram",
    "ffscheme": {
      "name":"SchemeBLPRXP",
      "Process":"BtoD*",
      "SchemeVar":"BLPRXPVar"
    },
    "wcscheme": "BtoCMuNu",
    "scalefactor": 1.0,
    "formfactors": {
      "delta_RhoSq": 1.5,
      "delta_cSt": 2.0
    },
    "wilsoncoefficients": {
      "SM": [1.0,0.0],
      "S_qLlL": [0.0,0.0]
    },
    "nuisance": {
      "Luminosity": 1.
    },
    "ishammerweighted": true,
    "injectNP":true,
    "axistitles": [
      "title"
    ],
    "strides":[1],
    "binning": [[0.0, 10.0]]
  }
}</code>
<p>The path to the file containing the HAMMER-processed histogram is specified, together with all the information required to read the histogram—namely, the name and the <abbrev alt="Form Factor">FF</abbrev> scheme used in the HAMMER processing.
Other options are included to define the HAMMER parameters to be handled and to organize a multi-channel model, such as “injectNP” to tag some of the contributions as purely <abbrev alt="Standard Model">SM</abbrev>, or “ishammerweighted” to distinguish contributions that are not HAMMER-processed.
A scalefactor is attached to the contributions to apply a fixed pre-scaling to the yield of the contributions.
Finally, information useful at plotting time, such as axis titles and binnings, is included.</p>
<p>Given a JSON file structured as the one above, a Fitter can be easily produced simply by using the Reader object, letting the machinery compose the nested structure on top of which the Fitter sits:</p>
<code language="python">import pyhf
import json
from redist import modifier
from redist import modifier_hammer

reader = modifier_hammer.Reader("config.json")
fitter = reader.createFitter(True) # True enables a Verbose creation of the Fitter</code>
<p>then the Fitter object allows easy handling of the HAMMER-processed contributions and their degrees of freedom—for example, generating pseudo-data where, for a given injection of NP and <abbrev alt="Form Factor">FF</abbrev> parameters, a binned distribution is produced according to a Poissonian distribution for each bin:</p>
<code language="python">params_0 = {"SM" : 1.,"Re_S_qLlL" : 0.,"Im_S_qLlL" : 0. ,
            "delta_RhoSq" : 0.,"delta_cSt" : 0. ,
            "Luminosity": 1.}
toy_data = fitter.get_template(0).generate_toy(**params_0) 
# generate_toy() produces according to a Poisson distribution 
# generate_template() to produce the exact value without fluctuations
fitter.upload_data(toy_data) # store a toy_data to be accessed as fitter._data</code>
<p>Given these very simple ingredients, it is now straightforward to operatively apply the Redist method by defining the custom modifier_hammer class, inheriting from the original modifier, interfacing it with the Fitter.
The original modifier class can be easily adapted in the same way to any other interface.</p>
</sec>
<sec id="sec-4">
<label>4</label>
<title>Using HAMMER in <italic>pyhf</italic></title>
<p>Finally it is possible to operatively apply the Redist weighting method in <italic>pyhf</italic>.
A static reference distribution needs to be defined, together with an alternative distribution that is a function of the parameters of interest:</p>
<code language="python">SM_distribution = fitter.get_template(0).generate_toy(**params_0)

def SM_B02DstTauNu():
  return SM_distribution

def NP_B02DstTauNu(**kwargs):
  params_NP = {"SM": 1.,
               "Re_S_qLlL": **kwargs["Re_S_qLlL"],
               "Im_S_qLlL": **kwargs["Im_S_qLlL"],
               "delta_RhoSq": **kwargs["delta_RhoSq"],
               "delta_cSt": **kwargs["delta_cSt"],
               "Luminosity": 1.}
  NP_distribution = fitter.get_template(0).generate_template(**params_NP)
  return NP_distribution</code>
<p>these functions will effectively be used to create the custom modifier and vary the shape of the histogram by multiplying the initial distribution by the ratio of the two functions:</p>
<disp-formula id="eq-5">
<alternatives><mml:math display="block"><mml:mi>M</mml:mi><mml:mo stretchy="false">(</mml:mo><mml:mover accent="true"><mml:mi>p</mml:mi><mml:mo>⃗</mml:mo></mml:mover><mml:mo stretchy="false">)</mml:mo><mml:mo>=</mml:mo><mml:mi>M</mml:mi><mml:mo stretchy="false">(</mml:mo><mml:mover accent="true"><mml:msub><mml:mi>p</mml:mi><mml:mn>0</mml:mn></mml:msub><mml:mo>⃗</mml:mo></mml:mover><mml:mo stretchy="false">)</mml:mo><mml:mo>×</mml:mo><mml:mfrac><mml:mrow><mml:mi>f</mml:mi><mml:mo stretchy="false">(</mml:mo><mml:mover accent="true"><mml:mi>p</mml:mi><mml:mo>⃗</mml:mo></mml:mover><mml:mo stretchy="false">)</mml:mo></mml:mrow><mml:mrow><mml:msub><mml:mi>f</mml:mi><mml:mn>0</mml:mn></mml:msub><mml:mo stretchy="false">(</mml:mo><mml:mover accent="true"><mml:msub><mml:mi>p</mml:mi><mml:mn>0</mml:mn></mml:msub><mml:mo>⃗</mml:mo></mml:mover><mml:mo stretchy="false">)</mml:mo></mml:mrow></mml:mfrac></mml:math><tex-math><![CDATA[M(\vec{p}) = M(\vec{p_0}) \times \frac{f(\vec{p})}{f_0(\vec{p_0})}]]></tex-math></alternatives>
<label>(5)</label>
</disp-formula>
<p>where <inline-formula><alternatives><mml:math display="inline"><mml:mi>M</mml:mi><mml:mo stretchy="false">(</mml:mo><mml:mover accent="true"><mml:mi>p</mml:mi><mml:mo>⃗</mml:mo></mml:mover><mml:mo stretchy="false">)</mml:mo></mml:math><tex-math><![CDATA[M(\vec{p})]]></tex-math></alternatives></inline-formula> is the shape of the template as a function of the parameters <inline-formula><alternatives><mml:math display="inline"><mml:mover accent="true"><mml:mi>p</mml:mi><mml:mo>⃗</mml:mo></mml:mover></mml:math><tex-math><![CDATA[\vec{p}]]></tex-math></alternatives></inline-formula>, <inline-formula><alternatives><mml:math display="inline"><mml:msub><mml:mi>f</mml:mi><mml:mn>0</mml:mn></mml:msub></mml:math><tex-math><![CDATA[f_0]]></tex-math></alternatives></inline-formula> is the reference hypothesis distribution, and <inline-formula><alternatives><mml:math display="inline"><mml:mi>f</mml:mi></mml:math><tex-math><![CDATA[f]]></tex-math></alternatives></inline-formula> is the alternative distribution.
A set of parameters is then defined and the custom modifier created.
The custom modifier is assigned a name to distinguish it from other types of standard modifiers and is added later to an already existing, but not custom, <italic>pyhf</italic> model through the <italic>expand_pdf</italic> attribute:</p>
<code language="python">new_params = {
  "Re_S_qLlL": {
      "inits": (0.0,),
      "bounds": ((-3.0, 3.0),),
      "paramset_type": "unconstrained"
  },
  "Im_S_qLlL": {
      "inits": (0.0,),
      "bounds": ((-3.0, 3.0),),
      "paramset_type": "unconstrained"
  },
  "delta_RhoSq": {
      "inits": (0.0,),
      "bounds": ((-3.0, 3.0),),
      "paramset_type": "unconstrained"
  },
  "delta_cSt": {
      "inits": (0.0,),
      "bounds": ((-3.0, 3.0),),
      "paramset_type": "unconstrained"
  }
}

cmod = modifier_hammer.Modifier_Hammer(
  new_params,
  NP_B02DstTauNu,
  SM_B02DstTauNu,
  name="mod_B02DstTauNu"
)

spec = {
  "channels": [
      {
          "name": "RDsMuonic",
          "samples": [
              {
                  "name": "B02DstTauNu",
                  "data": SM_distribution.tolist(),
                  "modifiers": [
                      {
                          "name": "mu",
                          "type": "normfactor",
                          "data": None,
                      }
                  ],
              },
          ]
      }
  ]
}
model = pyhf.Model(spec)
custom_mod_B02DstTauNu = {
  "name": "mod_B02DstTauNu_theory",
  "type": "mod_B02DstTauNu",
  "data": {"expr": "mod_B02DstTauNu_weight_fn"},
}
expanded_pyhf = {**cmod_B02DstTauNu.expanded_pyhf}
model = modifier.add_to_model(
  model,
  ["RDsMuonic"],
  ["B02DstTauNu"],
  expanded_pyhf,
  custom_mod_B02DstTauNu
)</code>
<p>The <italic>pyhf</italic> model contains and handles degrees of freedom associated with HAMMER-processed histograms for model-agnostic fits and reinterpretation.
More generically, following the same prescription, the <italic>pyhf</italic> model is able to handle arbitrarily complex degrees of freedom where the effect of changing the templates is completely determined by the initial and alternative hypothesis we define as simple python functions.</p>
<p>This method has direct application in <abbrev alt="High Energy Physics">HEP</abbrev> analysis, in particular for the reinterpretation of semileptonic analyses.
Taking, for example, the semileptonic modes of the beauty mesons <inline-formula><alternatives><mml:math display="inline"><mml:mover accent="true"><mml:msup><mml:mi>B</mml:mi><mml:mn>0</mml:mn></mml:msup><mml:mo stretchy="true">‾</mml:mo></mml:mover><mml:mo>→</mml:mo><mml:msup><mml:mi>D</mml:mi><mml:mrow><mml:mo>∗</mml:mo><mml:mo>+</mml:mo></mml:mrow></mml:msup><mml:msup><mml:mi>μ</mml:mi><mml:mo lspace="0em" rspace="0em">−</mml:mo></mml:msup><mml:mover accent="true"><mml:msub><mml:mi>ν</mml:mi><mml:mi>μ</mml:mi></mml:msub><mml:mo stretchy="true">‾</mml:mo></mml:mover></mml:math><tex-math><![CDATA[\overline{B^0} \to D^{*+}\mu^{-}\overline{\nu_{\mu}}]]></tex-math></alternatives></inline-formula> and <inline-formula><alternatives><mml:math display="inline"><mml:mover accent="true"><mml:msup><mml:mi>B</mml:mi><mml:mn>0</mml:mn></mml:msup><mml:mo stretchy="true">‾</mml:mo></mml:mover><mml:mo>→</mml:mo><mml:msup><mml:mi>D</mml:mi><mml:mrow><mml:mo>∗</mml:mo><mml:mo>+</mml:mo></mml:mrow></mml:msup><mml:msup><mml:mi>τ</mml:mi><mml:mo lspace="0em" rspace="0em">−</mml:mo></mml:msup><mml:mover accent="true"><mml:msub><mml:mi>ν</mml:mi><mml:mi>τ</mml:mi></mml:msub><mml:mo stretchy="true">‾</mml:mo></mml:mover></mml:math><tex-math><![CDATA[\overline{B^0} \to D^{*+}\tau^{-}\overline{\nu_{\tau}}]]></tex-math></alternatives></inline-formula>, notably, tension exists between the expected ratio of the abundance of the two decay modes and the measured ratio of the respective Branching Fractions (BF):</p>
<disp-formula id="eq-6">
<alternatives><mml:math display="block"><mml:mi>R</mml:mi><mml:mo stretchy="false">(</mml:mo><mml:msup><mml:mi>D</mml:mi><mml:mo>∗</mml:mo></mml:msup><mml:mo stretchy="false">)</mml:mo><mml:mo>=</mml:mo><mml:mfrac><mml:mrow><mml:mtext>BF</mml:mtext><mml:mo stretchy="false">(</mml:mo><mml:mover accent="true"><mml:msup><mml:mi>B</mml:mi><mml:mn>0</mml:mn></mml:msup><mml:mo stretchy="true">‾</mml:mo></mml:mover><mml:mo>→</mml:mo><mml:msup><mml:mi>D</mml:mi><mml:mrow><mml:mo>∗</mml:mo><mml:mo>+</mml:mo></mml:mrow></mml:msup><mml:msup><mml:mi>τ</mml:mi><mml:mo lspace="0em" rspace="0em">−</mml:mo></mml:msup><mml:mover accent="true"><mml:msub><mml:mi>ν</mml:mi><mml:mi>τ</mml:mi></mml:msub><mml:mo stretchy="true">‾</mml:mo></mml:mover><mml:mo stretchy="false">)</mml:mo></mml:mrow><mml:mrow><mml:mtext>BF</mml:mtext><mml:mo stretchy="false">(</mml:mo><mml:mover accent="true"><mml:msup><mml:mi>B</mml:mi><mml:mn>0</mml:mn></mml:msup><mml:mo stretchy="true">‾</mml:mo></mml:mover><mml:mo>→</mml:mo><mml:msup><mml:mi>D</mml:mi><mml:mrow><mml:mo>∗</mml:mo><mml:mo>+</mml:mo></mml:mrow></mml:msup><mml:msup><mml:mi>μ</mml:mi><mml:mo lspace="0em" rspace="0em">−</mml:mo></mml:msup><mml:mover accent="true"><mml:msub><mml:mi>ν</mml:mi><mml:mi>μ</mml:mi></mml:msub><mml:mo stretchy="true">‾</mml:mo></mml:mover><mml:mo stretchy="false">)</mml:mo></mml:mrow></mml:mfrac></mml:math><tex-math><![CDATA[R(D^*)=\frac{\text{BF}(\overline{B^0} \to D^{*+}\tau^{-}\overline{\nu_{\tau}})}{\text{BF}(\overline{B^0} \to D^{*+}\mu^{-}\overline{\nu_{\mu}})}]]></tex-math></alternatives>
<label>(6)</label>
</disp-formula>
<p>has been observed (<xref ref-type="bibr" rid="ref-10">Banerjee <italic>et al.</italic>, 2024</xref>).
The Redist method, implemented with the theoretical HAMMER backend, allows to disentangle the tension and study the <abbrev alt="Beyond the Standard Model">BSM</abbrev> processes in these decays in an innovative and model-independent way.
The HAMMER-weighted sample can be accessed, and a template fit can be applied to study the sensitivity on the parameters of interest given a certain statistical power, defined by the number of events of the template dataset used in the fit.
The phase space of the real and imaginary parts of the Wilson Coefficient associated with a scalar-like NP contribution, coupling particles and antiparticles in the same chiral state, has been inspected using a template generated with the RapidSim tool (<xref ref-type="bibr" rid="ref-8">Cowan <italic>et al.</italic>, 2017</xref>) and containing <inline-formula><alternatives><mml:math display="inline"><mml:msup><mml:mi>B</mml:mi><mml:mn>0</mml:mn></mml:msup><mml:mo>→</mml:mo><mml:msup><mml:mi>D</mml:mi><mml:mo lspace="0em" rspace="0em">∗</mml:mo></mml:msup><mml:mi>τ</mml:mi><mml:msub><mml:mi>ν</mml:mi><mml:mi>τ</mml:mi></mml:msub></mml:math><tex-math><![CDATA[B^0 \to D^{*}\tau\nu_{\tau}]]></tex-math></alternatives></inline-formula> events.
The fit has been done using a pseudo-dataset identical to the template itself, with different injections of NP, to demonstrate the application of the Redist-HAMMER interface in a small and simple sensitivity study context.
This represents a simple and practical example of a use case in flavour physics data analysis, demonstrating the functionalities of maximum-likelihood-fits, generation of pseudodatasets and phase space scanning for confidence level determination.</p>
<p>A Negative-Logarithmic-Likelihood (NLL) fit is performed to find the optimal point, then further fits are applied over a grid of points in the phase space of the real and imaginary parts of the NP Wilson Coefficients.
For each point, the NP Wilson Coefficients are fixed, while the rest of the parameters, for instance the <abbrev alt="Standard Model">SM</abbrev> contributions, are free to float to maximize the NLL.
If the grid of phase space is defined with sufficiently fine granularity, this method allows inferring 2-Dimensional (2D) Confidence Intervals (CI) correctly, taking into account correlations among the parameters as shown in  <xref ref-type="fig" rid="figure-2">Figure 2</xref>.</p>
<fig id="figure-2">
<label>Figure 2:</label>
<caption>
<p>Negative-Log-Likelihood phase-space scan of the scalar Wilson Coefficient on a template-dataset with no NP injection (left) and on a template dataset with the NP injection of <inline-formula><alternatives><mml:math display="inline"><mml:mi>R</mml:mi><mml:mi>e</mml:mi><mml:mo stretchy="false">(</mml:mo><mml:msub><mml:mi>S</mml:mi><mml:mrow><mml:mi>q</mml:mi><mml:mi>L</mml:mi><mml:mi>l</mml:mi><mml:mi>L</mml:mi></mml:mrow></mml:msub><mml:mo stretchy="false">)</mml:mo><mml:mo>=</mml:mo><mml:mn>0.2</mml:mn></mml:math><tex-math><![CDATA[Re(S_{qLlL})=0.2]]></tex-math></alternatives></inline-formula> and <inline-formula><alternatives><mml:math display="inline"><mml:mi>I</mml:mi><mml:mi>m</mml:mi><mml:mo stretchy="false">(</mml:mo><mml:msub><mml:mi>S</mml:mi><mml:mrow><mml:mi>q</mml:mi><mml:mi>L</mml:mi><mml:mi>l</mml:mi><mml:mi>L</mml:mi></mml:mrow></mml:msub><mml:mo stretchy="false">)</mml:mo><mml:mo>=</mml:mo><mml:mn>0.8</mml:mn></mml:math><tex-math><![CDATA[Im(S_{qLlL})=0.8]]></tex-math></alternatives></inline-formula> (right). The confidence levels correspontent to 1, 3 and 5 standard deviations are overlaid to both the scans. Both the fits correctly identify the injected New Physics values showing the effectiveness of the method.</p>
</caption>
<graphic mimetype="image" mime-subtype="png" xlink:href="files/figure2-b4a5c98e8f5bb1c8f78446802c86fb93.png"/>
</fig>
<p>In fact, the custom modifiers applying the weighting can be mixed with the already existing shape modifiers in <italic>pyhf</italic>.
This is particularly important as, generically speaking, multiple templates will compose a single channel, and some of them might not be derived from HAMMER-processed histograms, and might require other parameters for the fit.
Shape modifiers like the standard histosys of <italic>pyhf</italic> can also be assigned to the HAMMER-weighted derived templates, for example to represent the variation of a different parameter, or to embed the impact of one of the HAMMER parameters that is not explicitly set free to float in the fit by defining the model as:</p>
<code language="python">spec = {
  "channels": [
      {
          "name": "RDsMuonic",
          "samples": [
              {
                  "name": "B02DstTauNu",
                  "data": SM_distribution.tolist(),
                  "modifiers": [
                      {
                          "name": "mu",
                          "type": "normfactor",
                          "data": None,
                      },
                      {
                        "name": "my_histosys",
                        "type": "histosys",
                        "data": {"hi_data": hi_temp.tolist(), "lo_data": lo_temp.tolist()},
                      }
                  ],
              },
          ]
      }
  ]
}</code>
<p>where the hi_temp and lo_temp are obtained from the shapes of the contributions with different <abbrev alt="Form Factor">FF</abbrev>s or WCs injected.
An example of this usage, where the two alternative shapes hi_temp and lo_temp have been defined with respect to different injections of a <abbrev alt="Form Factor">FF</abbrev> parameter (<inline-formula><alternatives><mml:math display="inline"><mml:mi mathvariant="normal">Δ</mml:mi><mml:msup><mml:mi>ρ</mml:mi><mml:mn>2</mml:mn></mml:msup></mml:math><tex-math><![CDATA[\Delta\rho^2]]></tex-math></alternatives></inline-formula>), is shown in <xref ref-type="fig" rid="figure-3">Figure 3</xref>.</p>
<fig id="figure-3">
<label>Figure 3:</label>
<caption>
<p>Distributions of a 1-dimensional <italic>pyhf</italic> template for different values of the <italic>histsys</italic> modifier, defined with respect to two different injection of values of the <inline-formula><alternatives><mml:math display="inline"><mml:msup><mml:mi>ρ</mml:mi><mml:mn>2</mml:mn></mml:msup></mml:math><tex-math><![CDATA[\rho^2]]></tex-math></alternatives></inline-formula> <abbrev alt="Form Factor">FF</abbrev> parameter in HAMMER. Redist-HAMMER allows the integration of the theoretical uncertainty on the Form Factor parameter as a standard <italic>histosys</italic> nuisance parameter in <italic>pyhf</italic>.</p>
</caption>
<graphic mimetype="image" mime-subtype="png" xlink:href="files/figure3-f94485b42fa652d6f580c9a35abfdbc1.png"/>
</fig>
</sec>
<sec id="sec-5">
<label>5</label>
<title>Outlook</title>
<p>We present the Redist-HAMMER interface, an extension of the already existing Redist module to interface HAMMER with the fitting environment of <italic>pyhf</italic>.
The package has been developed to address the challenge of direct NP measurements through the reinterpretation of the LHCb and Belle datasets, which will be a crucial step for getting a further and deeper understanding of tensions of <abbrev alt="High Energy Physics">HEP</abbrev> measurements with <abbrev alt="Standard Model">SM</abbrev> predictions.
The module offers the possibility of easily handling very complex parameters, such as the Wilson Coefficients and the Form Factors, using the HAMMER package as theoretical backend.</p>
<p>Allowing for a correct reinterpretation of data also opens the possibility of combining different datasets in a single coherent fitting environment.
The Redist-HAMMER interface has been validated, and studies on the benefits of a coherent combination in a simultaneous fit of different datasets, representing different decay modes, are currently ongoing.
By combining different datasets in a simultaneous fit, the degrees of freedom that are shared lead to an enhancement of the sensitivity and possibly to the cancellation of biases that might arise in a post-fit average of different results.</p>
<p>Redist-HAMMER offers a simple and fully pythonic approach to otherwise very complex problems and has already been used to validate other studies on the Wilson Coefficients, such as the recent, and currently in development, simulation-based interface of ROOT.</p>
<p>What has been shown in this document represents one of the many applications, in <abbrev alt="High Energy Physics">HEP</abbrev> and beyond, of the Redist weighting method for model building.
Future efforts will integrate other popular theoretical backends in flavour physics like Flavio (<xref ref-type="bibr" rid="ref-11">Straub, 2018</xref>), finally allowing data analysts effortless use of, and possibly toggling between, all the different packages.</p>
<p>Fields outside <abbrev alt="High Energy Physics">HEP</abbrev> can benefit from the Redist method for building model-independent fits, enabling interpretation of observed patterns in complex systems without relying on predefined models.</p>
</sec>
</body>
<back>
<ref-list>
<ref id="ref-13">
<element-citation publication-type="journal">
<article-title>The LHCb Detector at the LHC</article-title>
<person-group person-group-type="author">
<name><surname>Collaboration</surname><given-names>LHCb</given-names></name>
</person-group><source>JINST</source><year iso-8601-date="2008">2008</year><pub-id pub-id-type="doi">10.1088/1748-0221/3/08/S08005</pub-id><volume>3</volume><fpage>S08005</fpage></element-citation>
</ref>
<ref id="ref-14">
<element-citation publication-type="document">
<article-title>Physics achievements from the Belle experiment</article-title>
<person-group person-group-type="author">
<name><surname>Brodzicka</surname><given-names>Jolanta</given-names></name>
<name><surname>Browder</surname><given-names>Thomas</given-names></name>
<name><surname>Chang</surname><given-names>Paoti</given-names></name>
<name><surname>Eidelman</surname><given-names>Simon</given-names></name>
<name><surname>Golob</surname><given-names>Bostjan</given-names></name>
<name><surname>Hayasaka</surname><given-names>Kiyoshi</given-names></name>
<name><surname>Hayashii</surname><given-names>Hisaki</given-names></name>
<name><surname>Iijima</surname><given-names>Toru</given-names></name>
<name><surname>Inami</surname><given-names>Kenji</given-names></name>
<name><surname>Kinoshita</surname><given-names>Kay</given-names></name>
<name><surname>Kwon</surname><given-names>Youngjoon</given-names></name>
<name><surname>Miyabayashi</surname><given-names>Kenkichi</given-names></name>
<name><surname>Mohanty</surname><given-names>Gagan</given-names></name>
<name><surname>Nakao</surname><given-names>Mikihiko</given-names></name>
<name><surname>Nakazawa</surname><given-names>Hideyuki</given-names></name>
<name><surname>Olsen</surname><given-names>Stephen</given-names></name>
<name><surname>Sakai</surname><given-names>Yoshihide</given-names></name>
<name><surname>Schwanda</surname><given-names>Christoph</given-names></name>
<name><surname>Schwartz</surname><given-names>Alan</given-names></name>
<name><surname>Trabelsi</surname><given-names>Karim</given-names></name>
<name><surname>Uehara</surname><given-names>Sadaharu</given-names></name>
<name><surname>Uno</surname><given-names>Shoji</given-names></name>
<name><surname>Watanabe</surname><given-names>Yasushi</given-names></name>
<name><surname>Zupanc</surname><given-names>Anze</given-names></name>
<name><surname>Belle Collaboration</surname></name>
</person-group><source>Progress of Theoretical and Experimental Physics</source><year iso-8601-date="2012">2012</year><pub-id pub-id-type="doi">10.1093/ptep/pts072</pub-id><volume>2012</volume><fpage>04D001</fpage>
<issn>2050-3911</issn>
</element-citation>
</ref>
<ref id="ref-1">
<element-citation publication-type="journal">
<article-title>Das ist der HAMMER: consistent new physics interpretations of semileptonic decays</article-title>
<person-group person-group-type="author">
<name><surname>Bernlochner</surname><given-names>Florian U.</given-names></name>
<name><surname>Duell</surname><given-names>Stephan</given-names></name>
<name><surname>Ligeti</surname><given-names>Zoltan</given-names></name>
<name><surname>Papucci</surname><given-names>Michele</given-names></name>
<name><surname>Robinson</surname><given-names>Dean J.</given-names></name>
</person-group><source>The European Physical Journal C</source><year iso-8601-date="2020">2020</year><pub-id pub-id-type="doi">10.1140/epjc/s10052-020-8304-0</pub-id><volume>80</volume><issue>9</issue>
<issn>1434-6052</issn>
</element-citation>
</ref>
<ref id="ref-12">
<element-citation publication-type="journal">
<article-title>EOS: a software for flavor physics phenomenology</article-title>
<person-group person-group-type="author">
<name><surname>Dyk</surname><given-names>Danny</given-names></name>
<name><surname>others</surname></name>
</person-group><source>Eur. Phys. J. C</source><year iso-8601-date="2022">2022</year><pub-id pub-id-type="doi">10.1140/epjc/s10052-022-10177-4</pub-id><volume>82</volume><issue>6</issue><fpage>569</fpage></element-citation>
</ref>
<ref id="ref-9">
<element-citation publication-type="document">
<article-title>Effective Field Theory</article-title>
<person-group person-group-type="author">
<name><surname>Pich</surname><given-names>A.</given-names></name>
</person-group><year iso-8601-date="1998">1998</year><pub-id pub-id-type="doi">https://doi.org/10.48550/arXiv.hep-ph/9806303</pub-id></element-citation>
</ref>
<ref id="ref-4">
<element-citation publication-type="software">
<article-title>pyhf: v0.7.6</article-title>
<person-group person-group-type="author">
<name><surname>Heinrich</surname><given-names>Lukas</given-names></name>
<name><surname>Feickert</surname><given-names>Matthew</given-names></name>
<name><surname>Stark</surname><given-names>Giordon</given-names></name>
</person-group><pub-id pub-id-type="doi">10.5281/zenodo.1169739</pub-id></element-citation>
</ref>
<ref id="ref-5">
<element-citation publication-type="journal">
<article-title>pyhf: pure-Python implementation of HistFactory statistical models</article-title>
<person-group person-group-type="author">
<name><surname>Heinrich</surname><given-names>Lukas</given-names></name>
<name><surname>Feickert</surname><given-names>Matthew</given-names></name>
<name><surname>Stark</surname><given-names>Giordon</given-names></name>
<name><surname>Cranmer</surname><given-names>Kyle</given-names></name>
</person-group><source>Journal of Open Source Software</source><year iso-8601-date="2021">2021</year><pub-id pub-id-type="doi">10.21105/joss.02823</pub-id><volume>6</volume><issue>58</issue><fpage>2823</fpage></element-citation>
</ref>
<ref id="ref-7">
<element-citation publication-type="journal">
<article-title>HistFactory: A tool for creating statistical models for use with RooFit and RooStats</article-title>
<person-group person-group-type="author">
<name><surname>Cranmer</surname><given-names>Kyle</given-names></name>
<name><surname>Lewis</surname><given-names>George</given-names></name>
<name><surname>Moneta</surname><given-names>Lorenzo</given-names></name>
<name><surname>Shibata</surname><given-names>Akira</given-names></name>
<name><surname>Verkerke</surname><given-names>Wouter</given-names></name>
</person-group><year iso-8601-date="2012">2012</year><pub-id pub-id-type="doi">10.17181/CERN-OPEN-2012-016</pub-id></element-citation>
</ref>
<ref id="ref-2">
<element-citation publication-type="journal">
<article-title>RooHammerModel: interfacing the HAMMER software tool with HistFactory and RooFit</article-title>
<person-group person-group-type="author">
<name><surname>García Pardiñas</surname><given-names>J.</given-names></name>
<name><surname>Meloni</surname><given-names>S.</given-names></name>
<name><surname>Grillo</surname><given-names>L.</given-names></name>
<name><surname>Owen</surname><given-names>P.</given-names></name>
<name><surname>Calvi</surname><given-names>M.</given-names></name>
<name><surname>Serra</surname><given-names>N.</given-names></name>
</person-group><source>Journal of Instrumentation</source><year iso-8601-date="2022">2022</year><pub-id pub-id-type="doi">10.1088/1748-0221/17/04/t04006</pub-id><volume>17</volume><issue>04</issue><fpage>T04006</fpage>
<issn>1748-0221</issn>
</element-citation>
</ref>
<ref id="ref-6">
<element-citation publication-type="journal">
<article-title>The RooFit toolkit for data modeling</article-title>
<person-group person-group-type="author">
<name><surname>Verkerke</surname><given-names>Wouter</given-names></name>
<name><surname>Kirkby</surname><given-names>David P.</given-names></name>
</person-group><source>eConf</source><year iso-8601-date="2003">2003</year><pub-id pub-id-type="doi">https://doi.org/10.48550/arXiv.physics/0306116</pub-id><volume>C0303241</volume><fpage>MOLT007</fpage></element-citation>
</ref>
<ref id="ref-3">
<element-citation publication-type="journal">
<article-title>Constructing model-agnostic likelihoods, a method for the reinterpretation of particle physics results</article-title>
<person-group person-group-type="author">
<name><surname>Gärtner</surname><given-names>Lorenz</given-names></name>
<name><surname>Hartmann</surname><given-names>Nikolai</given-names></name>
<name><surname>Heinrich</surname><given-names>Lukas</given-names></name>
<name><surname>Horstmann</surname><given-names>Malin</given-names></name>
<name><surname>Kuhr</surname><given-names>Thomas</given-names></name>
<name><surname>Reboud</surname><given-names>Méril</given-names></name>
<name><surname>Stefkova</surname><given-names>Slavomira</given-names></name>
<name><surname>Dyk</surname><given-names>Danny</given-names></name>
</person-group><source>The European Physical Journal C</source><year iso-8601-date="2024">2024</year><pub-id pub-id-type="doi">10.1140/epjc/s10052-024-13038-4</pub-id><volume>84</volume><issue>7</issue>
<issn>1434-6052</issn>
</element-citation>
</ref>
<ref id="ref-10">
<element-citation publication-type="document">
<article-title>Averages of b-hadron, c-hadron, and τ-lepton properties as of 2023</article-title>
<person-group person-group-type="author">
<name><surname>Banerjee</surname><given-names>Sw.</given-names></name>
<name><surname>Ben-Haim</surname><given-names>E.</given-names></name>
<name><surname>Bernlochner</surname><given-names>F.</given-names></name>
<name><surname>Bertholet</surname><given-names>E.</given-names></name>
<name><surname>Bona</surname><given-names>M.</given-names></name>
<name><surname>Bozek</surname><given-names>A.</given-names></name>
<name><surname>Bozzi</surname><given-names>C.</given-names></name>
<name><surname>Brodzicka</surname><given-names>J.</given-names></name>
<name><surname>Chobanova</surname><given-names>V.</given-names></name>
<name><surname>Chrzaszcz</surname><given-names>M.</given-names></name>
<name><surname>Egede</surname><given-names>U.</given-names></name>
<name><surname>Gersabeck</surname><given-names>M.</given-names></name>
<name><surname>Goldenzweig</surname><given-names>P.</given-names></name>
<name><surname>Gharbi</surname><given-names>N.</given-names></name>
<name><surname>Grillo</surname><given-names>L.</given-names></name>
<name><surname>Hayasaka</surname><given-names>K.</given-names></name>
<name><surname>Humair</surname><given-names>T.</given-names></name>
<name><surname>Johnson</surname><given-names>D.</given-names></name>
<name><surname>Kuhr</surname><given-names>T.</given-names></name>
<name><surname>Leroy</surname><given-names>O.</given-names></name>
<name><surname>Lusiani</surname><given-names>A.</given-names></name>
<name><surname>Ma</surname><given-names>H. L.</given-names></name>
<name><surname>Margoni</surname><given-names>M.</given-names></name>
<name><surname>Mizuk</surname><given-names>R.</given-names></name>
<name><surname>Naik</surname><given-names>P.</given-names></name>
<name><surname>Petri</surname><given-names>T. Nanut</given-names></name>
<name><surname>Castro</surname><given-names>A. Pereiro</given-names></name>
<name><surname>Prim</surname><given-names>M.</given-names></name>
<name><surname>Roney</surname><given-names>M.</given-names></name>
<name><surname>Rotondo</surname><given-names>M.</given-names></name>
<name><surname>Schneider</surname><given-names>O.</given-names></name>
<name><surname>Schwanda</surname><given-names>C.</given-names></name>
<name><surname>Schwartz</surname><given-names>A. J.</given-names></name>
<name><surname>Serrano</surname><given-names>J.</given-names></name>
<name><surname>Shwartz</surname><given-names>B.</given-names></name>
<name><surname>Soffer</surname><given-names>A.</given-names></name>
<name><surname>Whitehead</surname><given-names>M.</given-names></name>
<name><surname>Yelton</surname><given-names>J.</given-names></name>
</person-group><year iso-8601-date="2024">2024</year><pub-id pub-id-type="doi">https://doi.org/10.48550/arXiv.2411.18639</pub-id></element-citation>
</ref>
<ref id="ref-8">
<element-citation publication-type="journal">
<article-title>RapidSim: An application for the fast simulation of heavy-quark hadron decays</article-title>
<person-group person-group-type="author">
<name><surname>Cowan</surname><given-names>G.A.</given-names></name>
<name><surname>Craik</surname><given-names>D.C.</given-names></name>
<name><surname>Needham</surname><given-names>M.D.</given-names></name>
</person-group><source>Computer Physics Communications</source><year iso-8601-date="2017">2017</year><pub-id pub-id-type="doi">10.1016/j.cpc.2017.01.029</pub-id><volume>214</volume><fpage>239</fpage><lpage>246</lpage>
<issn>0010-4655</issn>
</element-citation>
</ref>
<ref id="ref-11">
<element-citation publication-type="document">
<article-title>flavio: a Python package for flavour and precision phenomenology in the Standard Model and beyond</article-title>
<person-group person-group-type="author">
<name><surname>Straub</surname><given-names>David M.</given-names></name>
</person-group><year iso-8601-date="2018">2018</year><pub-id pub-id-type="doi">https://doi.org/10.48550/arXiv.1810.08132</pub-id></element-citation>
</ref>
</ref-list>
</back>
</article>
