<?xml version="1.0" encoding="UTF-8"?>
<!DOCTYPE article PUBLIC "-//NLM//DTD JATS (Z39.96) Journal Archiving and Interchange DTD with MathML3 v1.3 20210610//EN" "http://jats.nlm.nih.gov/publishing/1.3/JATS-archivearticle1-3-mathml3.dtd">
<article xmlns:mml="http://www.w3.org/1998/Math/MathML" xmlns:xlink="http://www.w3.org/1999/xlink" xmlns:xsi="http://www.w3.org/2001/XMLSchema-instance" xmlns:ali="http://www.niso.org/schemas/ali/1.0/" dtd-version="1.3" xml:lang="en" id="main">
<front>
<article-meta>
<article-id pub-id-type="doi">10.25080/XHDR4700</article-id>
<title-group>
<article-title>Mamba Models a possible replacement for Transformers?</article-title>
<subtitle>A Memory-Efficient Approach for Scientific Computing</subtitle>
</title-group>
<contrib-group>
<contrib contrib-type="author">
<contrib-id contrib-id-type="orcid">https://orcid.org/0009-0002-4791-9244</contrib-id>
<name name-style="western"><surname>Das</surname><given-names>Suvrakamal</given-names></name>
<xref ref-type="aff" rid="aff-1"/>
<email>subhrokomol@gmail.com</email>
</contrib>
<contrib contrib-type="author">
<contrib-id contrib-id-type="orcid">https://orcid.org/0009-0003-9327-4712</contrib-id>
<name name-style="western"><surname>Sen</surname><given-names>Rounak</given-names></name>
<xref ref-type="aff" rid="aff-1"/>
<email>rony000013@gmail.com</email>
</contrib>
<contrib contrib-type="author" corresp="yes">
<contrib-id contrib-id-type="orcid">https://orcid.org/0009-0003-6153-3177</contrib-id>
<name name-style="western"><surname>Devendiran</surname><given-names>Saikrishna</given-names></name>
<xref ref-type="aff" rid="aff-2"/>
<email>dsaikrishna200r@gmail.com</email>
</contrib>
</contrib-group>
<aff id="aff-1">
<institution-wrap>
<institution>Maulana Abul Kalam Azad University Institute of Technology, West Bengal</institution>
</institution-wrap>
</aff>
<aff id="aff-2">
<institution-wrap>
<institution>Amrita School of Computing, Amritapuri</institution>
</institution-wrap>
</aff>
<fpage>332</fpage><lpage>344</lpage>
<permissions>
<ali:free_to_read/>
<license xlink:href="https://creativecommons.org/licenses/by/4.0/">
<ali:license_ref>https://creativecommons.org/licenses/by/4.0/</ali:license_ref>
<license-p>This is an open access article distributed under the terms of the <ext-link ext-link-type="uri" xlink:href="http://creativecommons.org/licenses/by/4.0/">Creative Commons Attribution License</ext-link>, which permits unrestricted use, distribution, and reproduction in any medium, provided the original author and source are credited.</license-p>
</license>
</permissions>
<abstract>
<p>The quest for more efficient and faster deep learning models has led to the development of various alternatives to Transformers, one of which is the Mamba model. This paper provides a comprehensive comparison between Mamba models and Transformers, focusing on their architectural differences, performance metrics, and underlying mechanisms. It analyzes and synthesizes findings from extensive research conducted by various authors on these models. The synergy between Mamba models and the SciPy ecosystem enhances their integration into science. By providing an in-depth comparison using Python and its scientific ecosystem, this paper aims to clarify the strengths and weaknesses of Mamba models relative to Transformers. It offers the results obtained along with some thoughts on the possible ramifications for future research and applications in a range of academic and professional fields.</p>
</abstract>
<kwd-group>
<kwd>Mamba Models</kwd>
<kwd>Solid State Models</kwd>
<kwd>Transformers</kwd>
<kwd>Flash Attention</kwd>
<kwd>LLMs</kwd>
</kwd-group>
</article-meta>
</front>
<body>
<sec id="sec-1">
<label>1</label>
<title>Introduction</title>
<p>The rapid advancements in deep learning have led to transformative breakthroughs across various domains, from natural language processing to computer vision. However, the quest for more efficient and scalable models remains a central challenge, especially when dealing with long sequences exhibiting long-range dependencies. Transformers, while achieving remarkable performance in numerous tasks, often suffer from high computational complexity and memory usage, particularly when handling long sequences.</p>
<p>This paper delves into the emerging field of State Space Models (<abbrev alt="State Space Models">SSM</abbrev>s) as a promising alternative to Transformers for efficiently capturing long-range dependencies in sequential data. We provide a comprehensive comparison between the recently developed Mamba model, based on <abbrev alt="State Space Models">SSM</abbrev>s, and the widely adopted Transformer architecture, highlighting their architectural differences, performance characteristics, and underlying mechanisms.</p>
<p>We begin by exploring the fundamental principles of <abbrev alt="State Space Models">SSM</abbrev>s, emphasizing their ability to represent and model continuous-time systems through a latent state vector. We then introduce the HiPPO framework, which extends <abbrev alt="State Space Models">SSM</abbrev>s to effectively handle long-range dependencies by leveraging the properties of orthogonal polynomials. This leads us to the discretization of continuous-time <abbrev alt="State Space Models">SSM</abbrev>s into discrete-time representations, enabling their implementation as recurrent models.</p>
<p>Building upon this foundation, we introduce the Structured State Space (<abbrev alt="Structured State-Space Sequence Models">S4</abbrev>) model, which addresses the computational limitations of traditional <abbrev alt="State Space Models">SSM</abbrev> implementations by employing a novel parameterization and efficient algorithms. <abbrev alt="Structured State-Space Sequence Models">S4</abbrev>’s Normal Plus Low-Rank (<abbrev alt="Normal Plus Low-Rank">NPLR</abbrev>) decomposition allows for stable and efficient diagonalization of the state matrix, leading to significant improvements in computational complexity.</p>
<p>We then discuss the Mamba model, which leverages the selective <abbrev alt="State Space Models">SSM</abbrev> approach to capture long-range dependencies in sequences. The Mamba architecture combines aspects of <abbrev alt="Recurrent Neural Networks">RNNs</abbrev>, <abbrev alt="Convolutional Neural Networks">CNNs</abbrev>, and classical state space models, offering a unique blend of efficiency and expressivity.</p>
<p>The paper then presents a detailed comparison of Mamba and Transformer architectures, highlighting their core components, computational characteristics, and performance implications. We demonstrate the advantages of Mamba in terms of computational efficiency, memory usage, and sequence handling, underscoring its potential for tackling complex scientific and industrial problems.</p>
<p>Finally, we explore the potential applications and future directions of Mamba models, particularly in the context of scientific computing and data analysis. We highlight the synergy between Mamba and the SciPy ecosystem, underscoring its ability to enhance the efficiency and scalability of scientific computing workflows and drive novel scientific discoveries.</p>
</sec>
<sec id="sec-2">
<label>2</label>
<title>State Space Models</title>
<p>The central goal of machine learning is to develop models capable of efficiently processing sequential data across a range of modalities and tasks (<xref ref-type="bibr" rid="ref-31">Albert Gu, Tri Dao, 2024</xref>). This is particularly challenging when dealing with <bold>long sequences</bold>, especially those exhibiting <bold>long-range dependencies (<abbrev alt="Long Range Dependencies">LRD</abbrev>s)</bold> – where information from distant past time steps significantly influences the current state or future predictions. Examples of such sequences abound in real-world applications, including speech, video, medical, time series, and natural language. However, traditional models struggle to effectively handle such long sequences.</p>
<p><bold>Recurrent Neural Networks (<abbrev alt="Recurrent Neural Networks">RNNs</abbrev>)</bold> (<xref ref-type="bibr" rid="ref-1">Sherstinsky, 2020</xref>), often considered the natural choice for sequential data, are inherently stateful and require only constant computation per time step. However, they are slow to train and suffer from the well-known “<bold>vanishing gradient problem</bold>”, which limits their ability to capture <abbrev alt="Long Range Dependencies">LRD</abbrev>s. <bold>Convolutional Neural Networks (<abbrev alt="Convolutional Neural Networks">CNNs</abbrev>)</bold> (<xref ref-type="bibr" rid="ref-14">O'Shea &amp; Nash, 2015</xref>), while efficient for parallelizable training, are not inherently sequential and struggle with long context lengths, resulting in more expensive inference. <bold>Transformers</bold> (<xref ref-type="bibr" rid="ref-3">Vaswani <italic>et al.</italic>, 2023</xref>), despite their recent success in various tasks, typically require specialized architectures and attention mechanisms to handle <abbrev alt="Long Range Dependencies">LRD</abbrev>s, which significantly increase computational complexity and memory usage.</p>
<p>A promising alternative for tackling <abbrev alt="Long Range Dependencies">LRD</abbrev>s in long sequences is <bold>State Space Models (<abbrev alt="State Space Models">SSM</abbrev>s)</bold> (<xref ref-type="bibr" rid="ref-7">Gu <italic>et al.</italic>, 2022</xref>), a foundational mathematical framework deeply rooted in diverse scientific disciplines like control theory and computational neuroscience. <abbrev alt="State Space Models">SSM</abbrev>s provide a continuous-time representation of a system’s state and evolution, offering a powerful paradigm for capturing <abbrev alt="Long Range Dependencies">LRD</abbrev>s. While <abbrev alt="State Space Models">SSM</abbrev>s and <abbrev alt="Structured State-Space Sequence Models">S4</abbrev>s does not prevent the vanishing gradient problem but it reduces the impact with the help of HiPPO framework and <abbrev alt="Normal Plus Low-Rank">NPLR</abbrev> Parametrization. They represent a system’s behavior in terms of its internal <bold>state</bold> and how this state evolves over time. <abbrev alt="State Space Models">SSM</abbrev>s are widely used in various fields, including control theory, signal processing, and computational neuroscience.</p>
<sec id="sec-3">
<label>2.1</label>
<title>Continuous-time Representation</title>
<p>The continuous-time <abbrev alt="State Space Models">SSM</abbrev> describes a system’s evolution using differential equations. It maps a continuous-time input signal <inline-formula><alternatives><mml:math display="inline"><mml:mi>u</mml:mi><mml:mo stretchy="false">(</mml:mo><mml:mi>t</mml:mi><mml:mo stretchy="false">)</mml:mo></mml:math><tex-math><![CDATA[u(t)]]></tex-math></alternatives></inline-formula> to an output signal <inline-formula><alternatives><mml:math display="inline"><mml:mi>y</mml:mi><mml:mo stretchy="false">(</mml:mo><mml:mi>t</mml:mi><mml:mo stretchy="false">)</mml:mo></mml:math><tex-math><![CDATA[y(t)]]></tex-math></alternatives></inline-formula> through a latent state <inline-formula><alternatives><mml:math display="inline"><mml:mi>x</mml:mi><mml:mo stretchy="false">(</mml:mo><mml:mi>t</mml:mi><mml:mo stretchy="false">)</mml:mo></mml:math><tex-math><![CDATA[x(t)]]></tex-math></alternatives></inline-formula>. The state is an internal representation that captures the system’s history and influences its future behavior.</p>
<p>The core equations of the continuous-time <abbrev alt="State Space Models">SSM</abbrev> are:</p>
<list list-type="bullet">
<list-item>
<p><bold>State Evolution:</bold>
  </p>
<disp-formula id="eq-1">
<alternatives><mml:math display="block"><mml:msup><mml:mi>x</mml:mi><mml:mo mathvariant="normal" lspace="0em" rspace="0em">′</mml:mo></mml:msup><mml:mo stretchy="false">(</mml:mo><mml:mi>t</mml:mi><mml:mo stretchy="false">)</mml:mo><mml:mo>=</mml:mo><mml:mi>A</mml:mi><mml:mi>x</mml:mi><mml:mo stretchy="false">(</mml:mo><mml:mi>t</mml:mi><mml:mo stretchy="false">)</mml:mo><mml:mo>+</mml:mo><mml:mi>B</mml:mi><mml:mi>u</mml:mi><mml:mo stretchy="false">(</mml:mo><mml:mi>t</mml:mi><mml:mo stretchy="false">)</mml:mo></mml:math><tex-math><![CDATA[{x'(t) = Ax(t) + Bu(t)}]]></tex-math></alternatives>
<label>(1)</label>
</disp-formula>
</list-item><list-item>
<p><bold>Output Generation:</bold>
  </p>
<disp-formula id="eq-2">
<alternatives><mml:math display="block"><mml:mi>y</mml:mi><mml:mo stretchy="false">(</mml:mo><mml:mi>t</mml:mi><mml:mo stretchy="false">)</mml:mo><mml:mo>=</mml:mo><mml:mi>C</mml:mi><mml:mi>x</mml:mi><mml:mo stretchy="false">(</mml:mo><mml:mi>t</mml:mi><mml:mo stretchy="false">)</mml:mo><mml:mo>+</mml:mo><mml:mi>D</mml:mi><mml:mi>u</mml:mi><mml:mo stretchy="false">(</mml:mo><mml:mi>t</mml:mi><mml:mo stretchy="false">)</mml:mo></mml:math><tex-math><![CDATA[{y(t) = Cx(t) + Du(t)}]]></tex-math></alternatives>
<label>(2)</label>
</disp-formula>
</list-item>
</list>
<p>where:</p>
<list list-type="bullet">
<list-item>
<p><inline-formula><alternatives><mml:math display="inline"><mml:mi>x</mml:mi><mml:mo stretchy="false">(</mml:mo><mml:mi>t</mml:mi><mml:mo stretchy="false">)</mml:mo></mml:math><tex-math><![CDATA[x(t)]]></tex-math></alternatives></inline-formula> is the state vector at time <inline-formula><alternatives><mml:math display="inline"><mml:mi>t</mml:mi></mml:math><tex-math><![CDATA[t]]></tex-math></alternatives></inline-formula>, belonging to a <inline-formula><alternatives><mml:math display="inline"><mml:mi>N</mml:mi></mml:math><tex-math><![CDATA[N]]></tex-math></alternatives></inline-formula>-dimensional space.</p>
</list-item><list-item>
<p><inline-formula><alternatives><mml:math display="inline"><mml:mi>u</mml:mi><mml:mo stretchy="false">(</mml:mo><mml:mi>t</mml:mi><mml:mo stretchy="false">)</mml:mo></mml:math><tex-math><![CDATA[u(t)]]></tex-math></alternatives></inline-formula> is the input signal at time <inline-formula><alternatives><mml:math display="inline"><mml:mi>t</mml:mi></mml:math><tex-math><![CDATA[t]]></tex-math></alternatives></inline-formula>.</p>
</list-item><list-item>
<p><inline-formula><alternatives><mml:math display="inline"><mml:mi>y</mml:mi><mml:mo stretchy="false">(</mml:mo><mml:mi>t</mml:mi><mml:mo stretchy="false">)</mml:mo></mml:math><tex-math><![CDATA[y(t)]]></tex-math></alternatives></inline-formula> is the output signal at time <inline-formula><alternatives><mml:math display="inline"><mml:mi>t</mml:mi></mml:math><tex-math><![CDATA[t]]></tex-math></alternatives></inline-formula>.</p>
</list-item><list-item>
<p><inline-formula><alternatives><mml:math display="inline"><mml:mi>A</mml:mi></mml:math><tex-math><![CDATA[A]]></tex-math></alternatives></inline-formula> is the state matrix, controlling the evolution of the state vector <inline-formula><alternatives><mml:math display="inline"><mml:mi>x</mml:mi><mml:mo stretchy="false">(</mml:mo><mml:mi>t</mml:mi><mml:mo stretchy="false">)</mml:mo></mml:math><tex-math><![CDATA[x(t)]]></tex-math></alternatives></inline-formula>.</p>
</list-item><list-item>
<p><inline-formula><alternatives><mml:math display="inline"><mml:mi>B</mml:mi></mml:math><tex-math><![CDATA[B]]></tex-math></alternatives></inline-formula> is the control matrix, mapping the input signal <inline-formula><alternatives><mml:math display="inline"><mml:mi>u</mml:mi><mml:mo stretchy="false">(</mml:mo><mml:mi>t</mml:mi><mml:mo stretchy="false">)</mml:mo></mml:math><tex-math><![CDATA[u(t)]]></tex-math></alternatives></inline-formula> to the state space.</p>
</list-item><list-item>
<p><inline-formula><alternatives><mml:math display="inline"><mml:mi>C</mml:mi></mml:math><tex-math><![CDATA[C]]></tex-math></alternatives></inline-formula> is the output matrix, projecting the state vector <inline-formula><alternatives><mml:math display="inline"><mml:mi>x</mml:mi><mml:mo stretchy="false">(</mml:mo><mml:mi>t</mml:mi><mml:mo stretchy="false">)</mml:mo></mml:math><tex-math><![CDATA[x(t)]]></tex-math></alternatives></inline-formula> onto the output space.</p>
</list-item><list-item>
<p><inline-formula><alternatives><mml:math display="inline"><mml:mi>D</mml:mi></mml:math><tex-math><![CDATA[D]]></tex-math></alternatives></inline-formula> is the command matrix, directly mapping the input signal <inline-formula><alternatives><mml:math display="inline"><mml:mi>u</mml:mi><mml:mo stretchy="false">(</mml:mo><mml:mi>t</mml:mi><mml:mo stretchy="false">)</mml:mo></mml:math><tex-math><![CDATA[u(t)]]></tex-math></alternatives></inline-formula> to the output. (For simplicity, we often assume <inline-formula><alternatives><mml:math display="inline"><mml:mi>D</mml:mi></mml:math><tex-math><![CDATA[D]]></tex-math></alternatives></inline-formula> = 0, as <inline-formula><alternatives><mml:math display="inline"><mml:mi>D</mml:mi><mml:mi>u</mml:mi><mml:mo stretchy="false">(</mml:mo><mml:mi>t</mml:mi><mml:mo stretchy="false">)</mml:mo></mml:math><tex-math><![CDATA[Du(t)]]></tex-math></alternatives></inline-formula> can be viewed as a skip connection.)</p>
</list-item>
</list>
<p>This system of equations defines a continuous-time mapping from input <inline-formula><alternatives><mml:math display="inline"><mml:mi>u</mml:mi><mml:mo stretchy="false">(</mml:mo><mml:mi>t</mml:mi><mml:mo stretchy="false">)</mml:mo></mml:math><tex-math><![CDATA[u(t)]]></tex-math></alternatives></inline-formula> to output <inline-formula><alternatives><mml:math display="inline"><mml:mi>y</mml:mi><mml:mo stretchy="false">(</mml:mo><mml:mi>t</mml:mi><mml:mo stretchy="false">)</mml:mo></mml:math><tex-math><![CDATA[y(t)]]></tex-math></alternatives></inline-formula> through a latent state <inline-formula><alternatives><mml:math display="inline"><mml:mi>x</mml:mi><mml:mo stretchy="false">(</mml:mo><mml:mi>t</mml:mi><mml:mo stretchy="false">)</mml:mo></mml:math><tex-math><![CDATA[x(t)]]></tex-math></alternatives></inline-formula>. The state matrix <inline-formula><alternatives><mml:math display="inline"><mml:mi>A</mml:mi></mml:math><tex-math><![CDATA[A]]></tex-math></alternatives></inline-formula> plays a crucial role in determining the dynamics of the system and its ability to capture long-range dependencies.</p>
</sec>
<sec id="sec-4">
<label>2.2</label>
<title>HiPPO Framework for Long-Range Dependencies</title>
<p>Despite their theoretical elegance, naive applications of <abbrev alt="State Space Models">SSM</abbrev>s often struggle with long sequences. This is due to the inherent limitations of simple linear differential equations in capturing long-range dependencies (<abbrev alt="Long Range Dependencies">LRD</abbrev>s). To overcome this, the <bold>High-Order Polynomial Projection Operator (HiPPO)</bold> (<xref ref-type="bibr" rid="ref-6">Gu <italic>et al.</italic>, 2020</xref>) framework provides a principled approach for designing <abbrev alt="State Space Models">SSM</abbrev>s specifically suited for <abbrev alt="Long Range Dependencies">LRD</abbrev>s.</p>
<p>HiPPO focuses on finding specific state matrices <inline-formula><alternatives><mml:math display="inline"><mml:mi>A</mml:mi></mml:math><tex-math><![CDATA[A]]></tex-math></alternatives></inline-formula> that allow the state vector <inline-formula><alternatives><mml:math display="inline"><mml:mi>x</mml:mi><mml:mo stretchy="false">(</mml:mo><mml:mi>t</mml:mi><mml:mo stretchy="false">)</mml:mo></mml:math><tex-math><![CDATA[x(t)]]></tex-math></alternatives></inline-formula> to effectively memorize the history of the input signal <inline-formula><alternatives><mml:math display="inline"><mml:mi>u</mml:mi><mml:mo stretchy="false">(</mml:mo><mml:mi>t</mml:mi><mml:mo stretchy="false">)</mml:mo></mml:math><tex-math><![CDATA[u(t)]]></tex-math></alternatives></inline-formula>. It achieves this by leveraging the properties of orthogonal polynomials. The HiPPO framework derives several structured state matrices, including:</p>
<list list-type="bullet">
<list-item>
<p><bold>HiPPO-LegT (Translated Legendre):</bold> Based on Legendre polynomials, this matrix enables the state to capture the history of the input within sliding windows of a fixed size.</p>
</list-item><list-item>
<p><bold>HiPPO-LagT (Translated Laguerre):</bold> Based on Laguerre polynomials, this matrix allows the state to capture a weighted history of the input, where older information decays exponentially.</p>
</list-item><list-item>
<p><bold>HiPPO-LegS (Scaled Legendre):</bold> Based on Legendre polynomials, this matrix captures the history of the input with respect to a linearly decaying weight.</p>
</list-item>
</list>
</sec>
<sec id="sec-5">
<label>2.3</label>
<title>Discrete-time <abbrev alt="State Space Models">SSM</abbrev>: Recurrent Representation</title>
<p>To apply <abbrev alt="State Space Models">SSM</abbrev>s on discrete-time data sequences (<inline-formula><alternatives><mml:math display="inline"><mml:msub><mml:mi>u</mml:mi><mml:mn>0</mml:mn></mml:msub></mml:math><tex-math><![CDATA[u_0]]></tex-math></alternatives></inline-formula>, <inline-formula><alternatives><mml:math display="inline"><mml:msub><mml:mi>u</mml:mi><mml:mn>1</mml:mn></mml:msub></mml:math><tex-math><![CDATA[u_1]]></tex-math></alternatives></inline-formula>, ...), it’s necessary to discretize the continuous-time model. This involves converting the differential equations into difference equations, where the state and input are defined at discrete time steps. One common discretization method is the <bold>bilinear transform</bold>, also known as the <bold>Tustin method</bold>. This transform approximates the derivative <inline-formula><alternatives><mml:math display="inline"><mml:msup><mml:mi>x</mml:mi><mml:mo mathvariant="normal" lspace="0em" rspace="0em">′</mml:mo></mml:msup><mml:mo stretchy="false">(</mml:mo><mml:mi>t</mml:mi><mml:mo stretchy="false">)</mml:mo></mml:math><tex-math><![CDATA[x'(t)]]></tex-math></alternatives></inline-formula> by a weighted average of the state values at two consecutive time steps, introducing a <bold>step size</bold> δ that represents the time interval between samples.</p>
<p><abbrev alt="State Space Models">SSM</abbrev>s <xref ref-type="fig" rid="figure-1">Figure 1</xref> typically require integration within a broader neural network architecture due to their limited inherent capabilities. From a high-level perspective, <abbrev alt="State Space Models">SSM</abbrev>s exhibit functional similarities to linear Recurrent Neural Networks (<abbrev alt="Recurrent Neural Networks">RNNs</abbrev>). Both architectures process sequential input tokens, transforming and combining the previous hidden state representation with the embedding of the current input. This iterative processing characteristic aligns <abbrev alt="State Space Models">SSM</abbrev>s with the sequential nature of <abbrev alt="Recurrent Neural Networks">RNNs</abbrev>.</p>
<p><abbrev alt="State Space Models">SSM</abbrev>s have 4 sets of matrices and parameters to process the input namely</p>
<disp-formula id="eq-3">
<alternatives><mml:math display="block"><mml:mi mathvariant="normal">Δ</mml:mi><mml:mo separator="true">,</mml:mo><mml:mi>A</mml:mi><mml:mo separator="true">,</mml:mo><mml:mi>B</mml:mi><mml:mo separator="true">,</mml:mo><mml:mi>C</mml:mi></mml:math><tex-math><![CDATA[\Delta, A, B, C]]></tex-math></alternatives>
<label>(3)</label>
</disp-formula>
<p>where:</p>
<list list-type="bullet">
<list-item>
<p>Δ acts as a gating factor, selectively weighting the contribution of matrices <inline-formula><alternatives><mml:math display="inline"><mml:mi>A</mml:mi></mml:math><tex-math><![CDATA[A]]></tex-math></alternatives></inline-formula> and <inline-formula><alternatives><mml:math display="inline"><mml:mi>B</mml:mi></mml:math><tex-math><![CDATA[B]]></tex-math></alternatives></inline-formula> at each step. This allows the model to dynamically adjust the influence of past hidden states and current inputs.</p>
</list-item><list-item>
<p><inline-formula><alternatives><mml:math display="inline"><mml:mi>A</mml:mi></mml:math><tex-math><![CDATA[A]]></tex-math></alternatives></inline-formula> represents the state transition matrix. When modulated by Δ, it governs the propagation of information from the previous hidden state to the current hidden state.</p>
</list-item><list-item>
<p><inline-formula><alternatives><mml:math display="inline"><mml:mi>B</mml:mi></mml:math><tex-math><![CDATA[B]]></tex-math></alternatives></inline-formula> denotes the input matrix. After modulation by Δ, it determines how the current input is integrated into the hidden state.</p>
</list-item><list-item>
<p><inline-formula><alternatives><mml:math display="inline"><mml:mi>C</mml:mi></mml:math><tex-math><![CDATA[C]]></tex-math></alternatives></inline-formula> serves as the output matrix. It maps the hidden state to the model’s output, effectively transforming the internal representations into a desired output space.</p>
</list-item>
</list>
<fig id="figure-1">
<label>Figure 1:</label>
<caption>
<p>This diagram illustrates the architecture of the Selective State Space Model (<abbrev alt="State Space Models">SSM</abbrev>). Each input sequence (blue boxes) is processed by an <abbrev alt="State Space Models">SSM</abbrev> layer (green) after being multiplied by matrix <inline-formula><alternatives><mml:math display="inline"><mml:mover accent="true"><mml:mi>B</mml:mi><mml:mo stretchy="true">‾</mml:mo></mml:mover></mml:math><tex-math><![CDATA[\overline{B}]]></tex-math></alternatives></inline-formula>. The state space module (<abbrev alt="State Space Models">SSM</abbrev>) handles sequential data and captures long-range dependencies, after which the output (yellow boxes) undergoes a transformation by matrix <inline-formula><alternatives><mml:math display="inline"><mml:mover accent="true"><mml:mi>C</mml:mi><mml:mo stretchy="true">‾</mml:mo></mml:mover></mml:math><tex-math><![CDATA[\overline{C}]]></tex-math></alternatives></inline-formula>. The final outputs (red boxes) are combined to produce the model’s output <inline-formula><alternatives><mml:math display="inline"><mml:mi>y</mml:mi></mml:math><tex-math><![CDATA[y]]></tex-math></alternatives></inline-formula>. This setup emphasizes the modular and repetitive nature of <abbrev alt="State Space Models">SSM</abbrev> layers, highlighting their role in sequence modeling.</p>
</caption>
<graphic mimetype="image" mime-subtype="svg" xlink:href="files/ssm-4d924e30fdd656bbfd3a0435c6fd61ff.svg"/>
</fig>
<p>The discretization technique facilitates the transformation of continuous differential equations into discrete time-step representations, leveraging the Δ matrix to decompose the infinitely continuous process into a discrete time-stepped process, thereby reducing computational complexity. In this approach, the <inline-formula><alternatives><mml:math display="inline"><mml:mi>A</mml:mi></mml:math><tex-math><![CDATA[A]]></tex-math></alternatives></inline-formula> and <inline-formula><alternatives><mml:math display="inline"><mml:mi>B</mml:mi></mml:math><tex-math><![CDATA[B]]></tex-math></alternatives></inline-formula> steps undergo discretization through the following equations:</p>
<disp-formula id="eq-4">
<alternatives><mml:math display="block"><mml:mover accent="true"><mml:mi>A</mml:mi><mml:mo stretchy="true">‾</mml:mo></mml:mover><mml:mo>=</mml:mo><mml:mi>exp</mml:mi><mml:mo>⁡</mml:mo><mml:mo stretchy="false">(</mml:mo><mml:mi mathvariant="normal">Δ</mml:mi><mml:mi>A</mml:mi><mml:mo stretchy="false">)</mml:mo></mml:math><tex-math><![CDATA[\overline{A} = \exp(\Delta A)]]></tex-math></alternatives>
<label>(4)</label>
</disp-formula>
<disp-formula id="eq-5">
<alternatives><mml:math display="block"><mml:mover accent="true"><mml:mi>B</mml:mi><mml:mo stretchy="true">‾</mml:mo></mml:mover><mml:mo>=</mml:mo><mml:mo stretchy="false">(</mml:mo><mml:mi mathvariant="normal">Δ</mml:mi><mml:mi>A</mml:mi><mml:msup><mml:mo stretchy="false">)</mml:mo><mml:mrow><mml:mo>−</mml:mo><mml:mn>1</mml:mn></mml:mrow></mml:msup><mml:mo stretchy="false">(</mml:mo><mml:mi>exp</mml:mi><mml:mo>⁡</mml:mo><mml:mo stretchy="false">(</mml:mo><mml:mi mathvariant="normal">Δ</mml:mi><mml:mi>A</mml:mi><mml:mo stretchy="false">)</mml:mo><mml:mo>−</mml:mo><mml:mi>I</mml:mi><mml:mo stretchy="false">)</mml:mo><mml:mo>⋅</mml:mo><mml:mi mathvariant="normal">Δ</mml:mi><mml:mi>B</mml:mi></mml:math><tex-math><![CDATA[\overline{B} = (\Delta A)^{-1} (\exp(\Delta A) - I) \cdot \Delta B]]></tex-math></alternatives>
<label>(5)</label>
</disp-formula>
<p>This discretization scheme effectively reduces the continuous differential equation to a series of discrete time steps, enabling numerical approximations to be computed iteratively. By segmenting the continuous process into finite increments, the computational burden is alleviated, rendering the problem more tractable for numerical analysis and simulation.</p>
</sec>
<sec id="sec-6">
<label>2.4</label>
<title>Training <abbrev alt="State Space Models">SSM</abbrev>s</title>
<p>While the recurrent representation provides a computationally efficient way to perform inference with an <abbrev alt="State Space Models">SSM</abbrev>, it is not optimal for training due to its sequential nature. To overcome this, <abbrev alt="State Space Models">SSM</abbrev> leverages the connections between linear time-invariant (LTI) <abbrev alt="State Space Models">SSM</abbrev>s and convolution.
The convolutional representation allows for efficient parallel training using Fast Fourier Transform (FFT) algorithms. However, the main challenge lies in computing the <abbrev alt="State Space Models">SSM</abbrev> convolution kernel <inline-formula><alternatives><mml:math display="inline"><mml:mi>K</mml:mi></mml:math><tex-math><![CDATA[K]]></tex-math></alternatives></inline-formula>. Computing it naively with <inline-formula><alternatives><mml:math display="inline"><mml:mi>L</mml:mi></mml:math><tex-math><![CDATA[L]]></tex-math></alternatives></inline-formula> successive matrix multiplications by <inline-formula><alternatives><mml:math display="inline"><mml:mi>A</mml:mi></mml:math><tex-math><![CDATA[A]]></tex-math></alternatives></inline-formula> results in <inline-formula><alternatives><mml:math display="inline"><mml:mi>O</mml:mi><mml:mo stretchy="false">(</mml:mo><mml:msup><mml:mi>N</mml:mi><mml:mn>2</mml:mn></mml:msup><mml:mo>∗</mml:mo><mml:mi>L</mml:mi><mml:mo stretchy="false">)</mml:mo></mml:math><tex-math><![CDATA[O(N^2*L)]]></tex-math></alternatives></inline-formula> operations and <inline-formula><alternatives><mml:math display="inline"><mml:mi>O</mml:mi><mml:mo stretchy="false">(</mml:mo><mml:mi>N</mml:mi><mml:mi>L</mml:mi><mml:mo stretchy="false">)</mml:mo></mml:math><tex-math><![CDATA[O(NL)]]></tex-math></alternatives></inline-formula> memory – a significant computational bottleneck for long sequences.</p>
<p>The state-space models (<abbrev alt="State Space Models">SSM</abbrev>s) compute the output using a linear recurrent neural network (RNN) architecture, which operates on a hidden state Δ. In this formulation, the hidden state propagates through a linear equation of the following form:</p>
<disp-formula id="eq-6">
<alternatives><mml:math display="block"><mml:msub><mml:mi>h</mml:mi><mml:mi>t</mml:mi></mml:msub><mml:mo>=</mml:mo><mml:mover accent="true"><mml:mi>A</mml:mi><mml:mo stretchy="true">‾</mml:mo></mml:mover><mml:msub><mml:mi>h</mml:mi><mml:mrow><mml:mi>t</mml:mi><mml:mo>−</mml:mo><mml:mn>1</mml:mn></mml:mrow></mml:msub><mml:mo>+</mml:mo><mml:mover accent="true"><mml:mi>B</mml:mi><mml:mo stretchy="true">‾</mml:mo></mml:mover><mml:msub><mml:mi>x</mml:mi><mml:mi>t</mml:mi></mml:msub></mml:math><tex-math><![CDATA[h_t = \overline{A} h_{t-1} + \overline{B} x_t]]></tex-math></alternatives>
<label>(6)</label>
</disp-formula>
<p>where</p>
<list list-type="bullet">
<list-item>
<p><inline-formula><alternatives><mml:math display="inline"><mml:msub><mml:mi>h</mml:mi><mml:mi>t</mml:mi></mml:msub></mml:math><tex-math><![CDATA[h_t]]></tex-math></alternatives></inline-formula> is hidden state matrix at time step t</p>
</list-item><list-item>
<p><inline-formula><alternatives><mml:math display="inline"><mml:msub><mml:mi>x</mml:mi><mml:mi>t</mml:mi></mml:msub></mml:math><tex-math><![CDATA[x_t]]></tex-math></alternatives></inline-formula> is input vector at time t</p>
</list-item>
</list>
<p>The initial hidden state <inline-formula><alternatives><mml:math display="inline"><mml:msub><mml:mi>h</mml:mi><mml:mn>0</mml:mn></mml:msub></mml:math><tex-math><![CDATA[h_0]]></tex-math></alternatives></inline-formula> is computed as:</p>
<disp-formula id="eq-7">
<alternatives><mml:math display="block"><mml:msub><mml:mi>h</mml:mi><mml:mn>0</mml:mn></mml:msub><mml:mo>=</mml:mo><mml:mover accent="true"><mml:mi>A</mml:mi><mml:mo stretchy="true">‾</mml:mo></mml:mover><mml:msub><mml:mi>h</mml:mi><mml:mrow><mml:mo>−</mml:mo><mml:mn>1</mml:mn></mml:mrow></mml:msub><mml:mo>+</mml:mo><mml:mover accent="true"><mml:mi>B</mml:mi><mml:mo stretchy="true">‾</mml:mo></mml:mover><mml:msub><mml:mi>x</mml:mi><mml:mn>0</mml:mn></mml:msub><mml:mo>=</mml:mo><mml:mover accent="true"><mml:mi>B</mml:mi><mml:mo stretchy="true">‾</mml:mo></mml:mover><mml:msub><mml:mi>x</mml:mi><mml:mn>0</mml:mn></mml:msub></mml:math><tex-math><![CDATA[h_0 = \overline{A} h_{-1} + \overline{B} x_0 = \overline{B} x_0]]></tex-math></alternatives>
<label>(7)</label>
</disp-formula>
<p>Subsequently, the hidden state at the next time step, <inline-formula><alternatives><mml:math display="inline"><mml:msub><mml:mi>h</mml:mi><mml:mn>1</mml:mn></mml:msub></mml:math><tex-math><![CDATA[h_1]]></tex-math></alternatives></inline-formula>, is obtained through the recursion:</p>
<disp-formula id="eq-8">
<alternatives><mml:math display="block"><mml:msub><mml:mi>h</mml:mi><mml:mn>1</mml:mn></mml:msub><mml:mo>=</mml:mo><mml:mover accent="true"><mml:mi>A</mml:mi><mml:mo stretchy="true">‾</mml:mo></mml:mover><mml:msub><mml:mi>h</mml:mi><mml:mn>0</mml:mn></mml:msub><mml:mo>+</mml:mo><mml:mover accent="true"><mml:mi>B</mml:mi><mml:mo stretchy="true">‾</mml:mo></mml:mover><mml:msub><mml:mi>x</mml:mi><mml:mn>1</mml:mn></mml:msub><mml:mo>=</mml:mo><mml:mover accent="true"><mml:mi>A</mml:mi><mml:mo stretchy="true">‾</mml:mo></mml:mover><mml:mover accent="true"><mml:mi>B</mml:mi><mml:mo stretchy="true">‾</mml:mo></mml:mover></mml:math><tex-math><![CDATA[h_1 = \overline{A} h_0 + \overline{B} x_1 = \overline{A} \overline{B}]]></tex-math></alternatives>
<label>(8)</label>
</disp-formula>
<p>The output <inline-formula><alternatives><mml:math display="inline"><mml:msub><mml:mi>Y</mml:mi><mml:mi>t</mml:mi></mml:msub></mml:math><tex-math><![CDATA[Y_t]]></tex-math></alternatives></inline-formula> is then calculated from the hidden state <inline-formula><alternatives><mml:math display="inline"><mml:msub><mml:mi>h</mml:mi><mml:mi>t</mml:mi></mml:msub></mml:math><tex-math><![CDATA[h_t]]></tex-math></alternatives></inline-formula> using the following linear transformation:</p>
<disp-formula id="eq-9">
<alternatives><mml:math display="block"><mml:msub><mml:mi>y</mml:mi><mml:mi>t</mml:mi></mml:msub><mml:mo>=</mml:mo><mml:mi>C</mml:mi><mml:msub><mml:mi>h</mml:mi><mml:mi>t</mml:mi></mml:msub></mml:math><tex-math><![CDATA[y_t = C h_t]]></tex-math></alternatives>
<label>(9)</label>
</disp-formula>
<list list-type="bullet">
<list-item>
<p>C is the output control matrix</p>
</list-item><list-item>
<p><inline-formula><alternatives><mml:math display="inline"><mml:msub><mml:mi>y</mml:mi><mml:mi>t</mml:mi></mml:msub></mml:math><tex-math><![CDATA[y_t]]></tex-math></alternatives></inline-formula> is output vector at time t</p>
</list-item><list-item>
<p><inline-formula><alternatives><mml:math display="inline"><mml:msub><mml:mi>h</mml:mi><mml:mi>t</mml:mi></mml:msub></mml:math><tex-math><![CDATA[h_t]]></tex-math></alternatives></inline-formula> is the Internal hidden state at time t</p>
</list-item>
</list>
<disp-formula id="eq-10">
<alternatives><mml:math display="block"><mml:mtable rowspacing="0.25em" columnalign="right left" columnspacing="0em"><mml:mtr><mml:mtd><mml:mstyle scriptlevel="0" displaystyle="true"><mml:msub><mml:mi>y</mml:mi><mml:mn>0</mml:mn></mml:msub></mml:mstyle></mml:mtd><mml:mtd><mml:mstyle scriptlevel="0" displaystyle="true"><mml:mrow><mml:mrow/><mml:mo>=</mml:mo><mml:mi>C</mml:mi><mml:msub><mml:mi>h</mml:mi><mml:mn>0</mml:mn></mml:msub><mml:mo>=</mml:mo><mml:mi>C</mml:mi><mml:mover accent="true"><mml:mi>B</mml:mi><mml:mo stretchy="true">‾</mml:mo></mml:mover><mml:msub><mml:mi>x</mml:mi><mml:mn>0</mml:mn></mml:msub></mml:mrow></mml:mstyle></mml:mtd></mml:mtr><mml:mtr><mml:mtd><mml:mstyle scriptlevel="0" displaystyle="true"><mml:msub><mml:mi>y</mml:mi><mml:mn>1</mml:mn></mml:msub></mml:mstyle></mml:mtd><mml:mtd><mml:mstyle scriptlevel="0" displaystyle="true"><mml:mrow><mml:mrow/><mml:mo>=</mml:mo><mml:mi>C</mml:mi><mml:msub><mml:mi>h</mml:mi><mml:mn>1</mml:mn></mml:msub><mml:mo>=</mml:mo><mml:mi>C</mml:mi><mml:mover accent="true"><mml:mi>A</mml:mi><mml:mo stretchy="true">‾</mml:mo></mml:mover><mml:mover accent="true"><mml:mi>B</mml:mi><mml:mo stretchy="true">‾</mml:mo></mml:mover><mml:msub><mml:mi>x</mml:mi><mml:mn>0</mml:mn></mml:msub><mml:mo>+</mml:mo><mml:mi>C</mml:mi><mml:mover accent="true"><mml:mi>B</mml:mi><mml:mo stretchy="true">‾</mml:mo></mml:mover><mml:msub><mml:mi>x</mml:mi><mml:mn>1</mml:mn></mml:msub></mml:mrow></mml:mstyle></mml:mtd></mml:mtr><mml:mtr><mml:mtd><mml:mstyle scriptlevel="0" displaystyle="true"><mml:msub><mml:mi>y</mml:mi><mml:mn>2</mml:mn></mml:msub></mml:mstyle></mml:mtd><mml:mtd><mml:mstyle scriptlevel="0" displaystyle="true"><mml:mrow><mml:mrow/><mml:mo>=</mml:mo><mml:mi>C</mml:mi><mml:msup><mml:mover accent="true"><mml:mi>A</mml:mi><mml:mo stretchy="true">‾</mml:mo></mml:mover><mml:mn>2</mml:mn></mml:msup><mml:mover accent="true"><mml:mi>B</mml:mi><mml:mo stretchy="true">‾</mml:mo></mml:mover><mml:msub><mml:mi>x</mml:mi><mml:mn>0</mml:mn></mml:msub><mml:mo>+</mml:mo><mml:mi>C</mml:mi><mml:mover accent="true"><mml:mi>A</mml:mi><mml:mo stretchy="true">‾</mml:mo></mml:mover><mml:mover accent="true"><mml:mi>B</mml:mi><mml:mo stretchy="true">‾</mml:mo></mml:mover><mml:msub><mml:mi>x</mml:mi><mml:mn>1</mml:mn></mml:msub><mml:mo>+</mml:mo><mml:mi>C</mml:mi><mml:mover accent="true"><mml:mi>B</mml:mi><mml:mo stretchy="true">‾</mml:mo></mml:mover><mml:msub><mml:mi>x</mml:mi><mml:mn>2</mml:mn></mml:msub></mml:mrow></mml:mstyle></mml:mtd></mml:mtr><mml:mtr><mml:mtd><mml:mstyle scriptlevel="0" displaystyle="true"><mml:mrow/></mml:mstyle></mml:mtd><mml:mtd><mml:mstyle scriptlevel="0" displaystyle="true"><mml:mrow><mml:mrow/><mml:mi><mml:mi mathvariant="normal">⋮</mml:mi><mml:mpadded height="0em" voffset="0em"><mml:mspace mathbackground="black" width="0em" height="1.5em"/></mml:mpadded></mml:mi></mml:mrow></mml:mstyle></mml:mtd></mml:mtr><mml:mtr><mml:mtd><mml:mstyle scriptlevel="0" displaystyle="true"><mml:msub><mml:mi>y</mml:mi><mml:mi>t</mml:mi></mml:msub></mml:mstyle></mml:mtd><mml:mtd><mml:mstyle scriptlevel="0" displaystyle="true"><mml:mrow><mml:mrow/><mml:mo>=</mml:mo><mml:mi>C</mml:mi><mml:msup><mml:mover accent="true"><mml:mi>A</mml:mi><mml:mo stretchy="true">‾</mml:mo></mml:mover><mml:mi>t</mml:mi></mml:msup><mml:mover accent="true"><mml:mi>B</mml:mi><mml:mo stretchy="true">‾</mml:mo></mml:mover><mml:msub><mml:mi>x</mml:mi><mml:mn>0</mml:mn></mml:msub><mml:mo>+</mml:mo><mml:mi>C</mml:mi><mml:msup><mml:mover accent="true"><mml:mi>A</mml:mi><mml:mo stretchy="true">‾</mml:mo></mml:mover><mml:mrow><mml:mi>t</mml:mi><mml:mo>−</mml:mo><mml:mn>1</mml:mn></mml:mrow></mml:msup><mml:mover accent="true"><mml:mi>B</mml:mi><mml:mo stretchy="true">‾</mml:mo></mml:mover><mml:msub><mml:mi>x</mml:mi><mml:mn>1</mml:mn></mml:msub><mml:mo>+</mml:mo><mml:mo>…</mml:mo><mml:mo>+</mml:mo><mml:mi>C</mml:mi><mml:mover accent="true"><mml:mi>A</mml:mi><mml:mo stretchy="true">‾</mml:mo></mml:mover><mml:mover accent="true"><mml:mi>B</mml:mi><mml:mo stretchy="true">‾</mml:mo></mml:mover><mml:msub><mml:mi>x</mml:mi><mml:mrow><mml:mi>t</mml:mi><mml:mo>−</mml:mo><mml:mn>1</mml:mn></mml:mrow></mml:msub><mml:mo>+</mml:mo><mml:mi>C</mml:mi><mml:mover accent="true"><mml:mi>B</mml:mi><mml:mo stretchy="true">‾</mml:mo></mml:mover><mml:msub><mml:mi>x</mml:mi><mml:mi>t</mml:mi></mml:msub></mml:mrow></mml:mstyle></mml:mtd></mml:mtr></mml:mtable></mml:math><tex-math><![CDATA[\begin{align*} y_0 &= C h_0 = C \overline{B} x_0 \\ y_1 &= C h_1 = C \overline{A} \overline{B} x_0 + C \overline{B} x_1 \\ y_2 &= C \overline{A}^2 \overline{B} x_0 + C \overline{A} \overline{B} x_1 + C \overline{B} x_2 \\ &\vdots\\ y_t &= C \overline{A}^t \overline{B} x_0 + C \overline{A}^{t-1} \overline{B} x_1 + \ldots + C \overline{A} \overline{B} x_{t-1} + C \overline{B} x_t \end{align*}]]></tex-math></alternatives>
<label>(10)</label>
</disp-formula>
<disp-formula id="eq-11">
<alternatives><mml:math display="block"><mml:mi>Y</mml:mi><mml:mo>=</mml:mo><mml:mi>K</mml:mi><mml:mo>⋅</mml:mo><mml:mi>X</mml:mi></mml:math><tex-math><![CDATA[Y = K \cdot X]]></tex-math></alternatives>
<label>(11)</label>
</disp-formula>
<p>where :</p>
<list list-type="bullet">
<list-item>
<p><inline-formula><alternatives><mml:math display="inline"><mml:mi>X</mml:mi></mml:math><tex-math><![CDATA[X]]></tex-math></alternatives></inline-formula> is the input matrix <italic>i.e.</italic> <inline-formula><alternatives><mml:math display="inline"><mml:mo stretchy="false">[</mml:mo><mml:msub><mml:mi>x</mml:mi><mml:mn>0</mml:mn></mml:msub><mml:mo separator="true">,</mml:mo><mml:msub><mml:mi>x</mml:mi><mml:mn>1</mml:mn></mml:msub><mml:mo separator="true">,</mml:mo><mml:mo>…</mml:mo><mml:mo separator="true">,</mml:mo><mml:msub><mml:mi>x</mml:mi><mml:mi>L</mml:mi></mml:msub><mml:mo stretchy="false">]</mml:mo></mml:math><tex-math><![CDATA[[x_0, x_1, \ldots, x_L]]]></tex-math></alternatives></inline-formula></p>
</list-item><list-item>
<p><inline-formula><alternatives><mml:math display="inline"><mml:mi>K</mml:mi><mml:mo>=</mml:mo><mml:mrow><mml:mo fence="true">(</mml:mo><mml:mi>C</mml:mi><mml:mover accent="true"><mml:mi>B</mml:mi><mml:mo stretchy="true">‾</mml:mo></mml:mover><mml:mo separator="true">,</mml:mo><mml:mtext/><mml:mi>C</mml:mi><mml:mover accent="true"><mml:mi>A</mml:mi><mml:mo stretchy="true">‾</mml:mo></mml:mover><mml:mover accent="true"><mml:mi>B</mml:mi><mml:mo stretchy="true">‾</mml:mo></mml:mover><mml:mo separator="true">,</mml:mo><mml:mtext/><mml:mo>…</mml:mo><mml:mo separator="true">,</mml:mo><mml:mtext/><mml:mi>C</mml:mi><mml:msup><mml:mover accent="true"><mml:mi>A</mml:mi><mml:mo stretchy="true">‾</mml:mo></mml:mover><mml:mrow><mml:mi>L</mml:mi><mml:mo>−</mml:mo><mml:mn>1</mml:mn></mml:mrow></mml:msup><mml:mover accent="true"><mml:mi>B</mml:mi><mml:mo stretchy="true">‾</mml:mo></mml:mover><mml:mo fence="true">)</mml:mo></mml:mrow></mml:math><tex-math><![CDATA[K = \left( C \overline{B}, \, C \overline{A} \overline{B}, \, \ldots, \, C \overline{A}^{L-1} \overline{B} \right)]]></tex-math></alternatives></inline-formula></p>
</list-item>
</list>
<p>This linear RNN architecture effectively captures the temporal relationships present in sequential data and thus enabling the model to learn and ensure the propagation of the key-relevant information through the recurrent connections. This linear formulation has led to scalable implementations, which in turn take use of matrix operations’ computing efficiency.</p>
</sec>
</sec>
<sec id="sec-7">
<label>3</label>
<title><abbrev alt="Structured State-Space Sequence Models">S4</abbrev>: A Structured State Space Model</title>
<p>The theoretical advantages of State Space Models (<abbrev alt="State Space Models">SSM</abbrev>s) (<xref ref-type="bibr" rid="ref-7">Gu <italic>et al.</italic>, 2022</xref>) for handling long sequences, particularly their ability to capture long-range dependencies, make them a promising alternative to traditional sequence models. However, the computational limitations of existing <abbrev alt="State Space Models">SSM</abbrev> implementations, such as the <abbrev alt="Linear State Space Layer">LSSL</abbrev>, hinder their widespread adoption.
The Structured State Space (<abbrev alt="Structured State-Space Sequence Models">S4</abbrev>) model aims to overcome these limitations by introducing novel parameterization (<xref ref-type="bibr" rid="ref-8">Gu <italic>et al.</italic>, 2022</xref>) and efficient algorithms that preserve the theoretical strengths of <abbrev alt="State Space Models">SSM</abbrev>s (<xref ref-type="bibr" rid="ref-32">Albert Gu, Karan Goel, Christopher Ré, 2021</xref>) .</p>
</sec>
<sec id="sec-8">
<label>4</label>
<title>Diagonalization Problem</title>
<p>The core computational bottleneck in <abbrev alt="State Space Models">SSM</abbrev>s stems from repeated matrix multiplication by the state matrix <inline-formula><alternatives><mml:math display="inline"><mml:mi>A</mml:mi></mml:math><tex-math><![CDATA[A]]></tex-math></alternatives></inline-formula> when calculating the convolution kernel <inline-formula><alternatives><mml:math display="inline"><mml:mi>K</mml:mi></mml:math><tex-math><![CDATA[K]]></tex-math></alternatives></inline-formula>. If <inline-formula><alternatives><mml:math display="inline"><mml:mi>A</mml:mi></mml:math><tex-math><![CDATA[A]]></tex-math></alternatives></inline-formula> were a diagonal matrix, this computation would become significantly more tractable. Diagonal matrices allow for efficient power calculations as well as multiplication by a vector, resulting in a time complexity of <inline-formula><alternatives><mml:math display="inline"><mml:mi>O</mml:mi><mml:mo stretchy="false">(</mml:mo><mml:mi>N</mml:mi><mml:mo stretchy="false">)</mml:mo></mml:math><tex-math><![CDATA[O(N)]]></tex-math></alternatives></inline-formula> for <inline-formula><alternatives><mml:math display="inline"><mml:mi>N</mml:mi></mml:math><tex-math><![CDATA[N]]></tex-math></alternatives></inline-formula> dimensions.</p>
<p>Diagonalization involves finding a change of basis that transforms <inline-formula><alternatives><mml:math display="inline"><mml:mi>A</mml:mi></mml:math><tex-math><![CDATA[A]]></tex-math></alternatives></inline-formula> into a diagonal form. However, this approach faces significant challenges when <inline-formula><alternatives><mml:math display="inline"><mml:mi>A</mml:mi></mml:math><tex-math><![CDATA[A]]></tex-math></alternatives></inline-formula> is <bold>non-normal</bold>. Non-normal matrices have complex eigenstructures, which can lead to several problems:</p>
<list list-type="bullet">
<list-item>
<p><bold>Numerically unstable diagonalization:</bold> Diagonalizing non-normal matrices can be numerically unstable, especially for large matrices. This is because the eigenvectors may be highly sensitive to small errors in the matrix, leading to large errors in the computed eigenvalues and eigenvectors.</p>
</list-item><list-item>
<p><bold>Exponentially large entries:</bold> The diagonalization of some non-normal matrices, including the HiPPO matrices, can involve matrices with entries that grow exponentially with the dimension <inline-formula><alternatives><mml:math display="inline"><mml:mi>N</mml:mi></mml:math><tex-math><![CDATA[N]]></tex-math></alternatives></inline-formula>. This can lead to overflow issues during computation and render the diagonalization infeasible in practice.</p>
</list-item>
</list>
<p>Therefore, naive diagonalization of non-normal matrices in <abbrev alt="State Space Models">SSM</abbrev>s is not a viable solution for efficient computation.</p>
</sec>
<sec id="sec-9">
<label>5</label>
<title>The <abbrev alt="Structured State-Space Sequence Models">S4</abbrev> Parameterization: Normal Plus Low-Rank (<abbrev alt="Normal Plus Low-Rank">NPLR</abbrev>)</title>
<p><abbrev alt="Structured State-Space Sequence Models">S4</abbrev> overcomes the challenges of directly diagonalizing non-normal matrices by introducing a novel parameterization (<xref ref-type="bibr" rid="ref-8">Gu <italic>et al.</italic>, 2022</xref>). It decomposes the state matrix <italic>A</italic> into a sum of a <bold>normal matrix</bold> and a <bold>low-rank term</bold>. This decomposition allows for efficient computation while preserving the structure necessary to handle long-range dependencies. The <abbrev alt="Structured State-Space Sequence Models">S4</abbrev> parameterization is expressed as follows:</p>
<list list-type="bullet">
<list-item>
<p><abbrev alt="State Space Models">SSM</abbrev> convolution kernel</p>
</list-item>
</list>
<disp-formula id="eq-12">
<alternatives><mml:math display="block"><mml:mtext/><mml:mover accent="true"><mml:mi>K</mml:mi><mml:mo stretchy="true">‾</mml:mo></mml:mover><mml:mo>=</mml:mo><mml:msub><mml:mi>κ</mml:mi><mml:mi>L</mml:mi></mml:msub><mml:mo stretchy="false">(</mml:mo><mml:mover accent="true"><mml:mi>A</mml:mi><mml:mo stretchy="true">‾</mml:mo></mml:mover><mml:mo separator="true">,</mml:mo><mml:mover accent="true"><mml:mi>B</mml:mi><mml:mo stretchy="true">‾</mml:mo></mml:mover><mml:mo separator="true">,</mml:mo><mml:mover accent="true"><mml:mi>C</mml:mi><mml:mo stretchy="true">‾</mml:mo></mml:mover><mml:mo stretchy="false">)</mml:mo><mml:mtext>   for   </mml:mtext><mml:mi>A</mml:mi><mml:mo>=</mml:mo><mml:mi>V</mml:mi><mml:mi mathvariant="normal">Λ</mml:mi><mml:msup><mml:mi>V</mml:mi><mml:mo>∗</mml:mo></mml:msup><mml:mo>−</mml:mo><mml:mi>P</mml:mi><mml:msup><mml:mi>Q</mml:mi><mml:mi>T</mml:mi></mml:msup></mml:math><tex-math><![CDATA[~~~~~~~~ \overline K = \kappa _L(\overline A, \overline B, \overline C) \text{~~~for~~~} A = V \Lambda V^* − P Q^T]]></tex-math></alternatives>
<label>(12)</label>
</disp-formula>
<p>where:</p>
<list list-type="bullet">
<list-item>
<p><italic>V</italic> is a unitary matrix that diagonalizes the normal matrix.</p>
</list-item><list-item>
<p><italic>Λ</italic> is a diagonal matrix containing the eigenvalues of the normal matrix.</p>
</list-item><list-item>
<p><italic>P</italic> and <italic>Q</italic> are low-rank matrices that capture the non-normal component.</p>
</list-item><list-item>
<p>These matrices HiPPO - <inline-formula><alternatives><mml:math display="inline"><mml:mi>L</mml:mi><mml:mi>e</mml:mi><mml:mi>g</mml:mi><mml:mi>S</mml:mi><mml:mo separator="true">,</mml:mo><mml:mi>L</mml:mi><mml:mi>e</mml:mi><mml:mi>g</mml:mi><mml:mi>T</mml:mi><mml:mo separator="true">,</mml:mo><mml:mi>L</mml:mi><mml:mi>a</mml:mi><mml:mi>g</mml:mi><mml:mi>T</mml:mi></mml:math><tex-math><![CDATA[LegS, LegT, LagT]]></tex-math></alternatives></inline-formula> all satisfy <inline-formula><alternatives><mml:math display="inline"><mml:mi>r</mml:mi></mml:math><tex-math><![CDATA[r]]></tex-math></alternatives></inline-formula> = 1 or <inline-formula><alternatives><mml:math display="inline"><mml:mi>r</mml:mi></mml:math><tex-math><![CDATA[r]]></tex-math></alternatives></inline-formula> = 2.</p>
</list-item>
</list>
<p>This decomposition allows for efficient computation because:</p>
<list list-type="bullet">
<list-item>
<p><bold>Normal matrices are efficiently diagonalizable:</bold> Normal matrices can be diagonalized stably and efficiently using unitary transformations.</p>
</list-item><list-item>
<p><bold>Low-rank corrections are tractable:</bold> The low-rank term can be corrected using the Woodbury identity, a powerful tool for inverting matrices perturbed by low-rank terms.</p>
</list-item>
</list>
</sec>
<sec id="sec-10">
<label>6</label>
<title><abbrev alt="Structured State-Space Sequence Models">S4</abbrev> Algorithms and Complexity</title>
<p><abbrev alt="Structured State-Space Sequence Models">S4</abbrev> leverages its <abbrev alt="Normal Plus Low-Rank">NPLR</abbrev> parameterization to develop efficient algorithms for computing both the recurrent representation (<inline-formula><alternatives><mml:math display="inline"><mml:mi>A</mml:mi></mml:math><tex-math><![CDATA[A]]></tex-math></alternatives></inline-formula>) and the convolutional kernel (<inline-formula><alternatives><mml:math display="inline"><mml:mi>K</mml:mi></mml:math><tex-math><![CDATA[K]]></tex-math></alternatives></inline-formula>).</p>
<sec id="sec-11">
<label>6.1</label>
<title><abbrev alt="Structured State-Space Sequence Models">S4</abbrev> Recurrence</title>
<p>The bilinear transform is used to discretize the state matrix in order to construct the <abbrev alt="Structured State-Space Sequence Models">S4</abbrev> recurrent representation. The important thing to note is that, because of the Woodbury identity, the inverse of a <abbrev alt="Diagonal Plus Low Rank">DPLR</abbrev> matrix does not result in any change in the matrix. Therefore, the discretized state matrix is the product of two <abbrev alt="Diagonal Plus Low Rank">DPLR</abbrev> matrices, allowing for efficient matrix-vector multiplication in O(N) time.</p>
</sec>
<sec id="sec-12">
<label>6.2</label>
<title>Parallel Associative Scan</title>
<p>The linear recurrent behavior inherent in the previous formulation is not efficiently implementable on GPU architectures, which favor parallel computing paradigms. This limitation renders convolutions inefficient in such environments. To address this challenge, the parallel associative scan technique is employed, which introduces a prefix sum-like operation to scan for all prefix sums. Although inherently sequential, this approach leverages an efficient parallel algorithm model to parallelize the <abbrev alt="State Space Models">SSM</abbrev> convolution, resulting in a significant performance boost. The parallel associative scan method exhibits linear time and space complexity, making it a computationally efficient solution.</p>
<p><abbrev alt="State Space Models">SSM</abbrev></p>
<disp-formula id="eq-13">
<alternatives><mml:math display="block"><mml:msub><mml:mi>y</mml:mi><mml:mi>t</mml:mi></mml:msub><mml:mo>=</mml:mo><mml:mi>C</mml:mi><mml:msup><mml:mover accent="true"><mml:mi>A</mml:mi><mml:mo stretchy="true">‾</mml:mo></mml:mover><mml:mi>t</mml:mi></mml:msup><mml:mover accent="true"><mml:mi>B</mml:mi><mml:mo stretchy="true">‾</mml:mo></mml:mover><mml:msub><mml:mi>x</mml:mi><mml:mn>0</mml:mn></mml:msub><mml:mo>+</mml:mo><mml:mi>C</mml:mi><mml:msup><mml:mover accent="true"><mml:mi>A</mml:mi><mml:mo stretchy="true">‾</mml:mo></mml:mover><mml:mrow><mml:mi>t</mml:mi><mml:mo>−</mml:mo><mml:mn>1</mml:mn></mml:mrow></mml:msup><mml:mover accent="true"><mml:mi>B</mml:mi><mml:mo stretchy="true">‾</mml:mo></mml:mover><mml:msub><mml:mi>x</mml:mi><mml:mn>1</mml:mn></mml:msub><mml:mo>+</mml:mo><mml:mo>…</mml:mo><mml:mo>+</mml:mo><mml:mi>C</mml:mi><mml:mover accent="true"><mml:mi>A</mml:mi><mml:mo stretchy="true">‾</mml:mo></mml:mover><mml:mover accent="true"><mml:mi>B</mml:mi><mml:mo stretchy="true">‾</mml:mo></mml:mover><mml:msub><mml:mi>x</mml:mi><mml:mrow><mml:mi>t</mml:mi><mml:mo>−</mml:mo><mml:mn>1</mml:mn></mml:mrow></mml:msub><mml:mo>+</mml:mo><mml:mi>C</mml:mi><mml:mover accent="true"><mml:mi>B</mml:mi><mml:mo stretchy="true">‾</mml:mo></mml:mover><mml:msub><mml:mi>x</mml:mi><mml:mi>t</mml:mi></mml:msub></mml:math><tex-math><![CDATA[y_t = C \overline{A}^t \overline{B} x_0 + C \overline{A}^{t-1} \overline{B} x_1 + \ldots + C \overline{A} \overline{B} x_{t-1} + C \overline{B} x_t]]></tex-math></alternatives>
<label>(13)</label>
</disp-formula>
<p>Selective <abbrev alt="State Space Models">SSM</abbrev></p>
<disp-formula id="eq-14">
<alternatives><mml:math display="block"><mml:mtable rowspacing="0.25em" columnalign="right left" columnspacing="0em"><mml:mtr><mml:mtd><mml:mstyle scriptlevel="0" displaystyle="true"><mml:msub><mml:mi>y</mml:mi><mml:mi>t</mml:mi></mml:msub></mml:mstyle></mml:mtd><mml:mtd><mml:mstyle scriptlevel="0" displaystyle="true"><mml:mrow><mml:mrow/><mml:mo>=</mml:mo><mml:msub><mml:mi>C</mml:mi><mml:mn>0</mml:mn></mml:msub><mml:msup><mml:mover accent="true"><mml:mi>A</mml:mi><mml:mo stretchy="true">‾</mml:mo></mml:mover><mml:mi>t</mml:mi></mml:msup><mml:msub><mml:mover accent="true"><mml:mi>B</mml:mi><mml:mo stretchy="true">‾</mml:mo></mml:mover><mml:mn>0</mml:mn></mml:msub><mml:msub><mml:mi>x</mml:mi><mml:mn>0</mml:mn></mml:msub><mml:mo>+</mml:mo><mml:msub><mml:mi>C</mml:mi><mml:mn>1</mml:mn></mml:msub><mml:msup><mml:mover accent="true"><mml:mi>A</mml:mi><mml:mo stretchy="true">‾</mml:mo></mml:mover><mml:mrow><mml:mi>t</mml:mi><mml:mo>−</mml:mo><mml:mn>1</mml:mn></mml:mrow></mml:msup><mml:msub><mml:mover accent="true"><mml:mi>B</mml:mi><mml:mo stretchy="true">‾</mml:mo></mml:mover><mml:mn>1</mml:mn></mml:msub><mml:msub><mml:mi>x</mml:mi><mml:mn>1</mml:mn></mml:msub><mml:mo>+</mml:mo><mml:mo>…</mml:mo></mml:mrow></mml:mstyle></mml:mtd></mml:mtr><mml:mtr><mml:mtd><mml:mstyle scriptlevel="0" displaystyle="true"><mml:mrow/></mml:mstyle></mml:mtd><mml:mtd><mml:mstyle scriptlevel="0" displaystyle="true"><mml:mrow><mml:mrow/><mml:mspace width="1em"/><mml:mtext>input-dependent </mml:mtext><mml:mi>B</mml:mi><mml:mtext> and </mml:mtext><mml:mi>C</mml:mi><mml:mtext> matrix</mml:mtext></mml:mrow></mml:mstyle></mml:mtd></mml:mtr></mml:mtable></mml:math><tex-math><![CDATA[\begin{align*} y_t &= C_0 \overline{A}^t \overline{B}_0 x_0 + C_1 \overline{A}^{t-1} \overline{B}_1 x_1 + \ldots \\ &\quad \text{input-dependent } B \text{ and } C \text{ matrix} \end{align*}]]></tex-math></alternatives>
<label>(14)</label>
</disp-formula>
<p>By leveraging the parallel associative scan technique (<xref ref-type="bibr" rid="ref-15">Lim <italic>et al.</italic>, 2024</xref>), the selective <abbrev alt="State Space Models">SSM</abbrev> formulation can be efficiently implemented on parallel architectures, such as GPUs. This approach enables the exploitation of the inherent parallelism in the computation, leading to significant performance gains, particularly for large-scale applications and time-series data processing tasks.</p>
</sec>
<sec id="sec-13">
<label>6.3</label>
<title><abbrev alt="Structured State-Space Sequence Models">S4</abbrev> Convolution</title>
<p><abbrev alt="Structured State-Space Sequence Models">S4</abbrev>’s convolutional representation is computed through a series of steps:</p>
<list list-type="order">
<list-item>
<p><bold><abbrev alt="State Space Models">SSM</abbrev> Generating Function:</bold> Instead of directly computing the convolution kernel <inline-formula><alternatives><mml:math display="inline"><mml:mi>K</mml:mi></mml:math><tex-math><![CDATA[K]]></tex-math></alternatives></inline-formula>, <abbrev alt="Structured State-Space Sequence Models">S4</abbrev> calculates its spectrum by evaluating its truncated generating function. The generating function allows for efficiently expressing powers of <inline-formula><alternatives><mml:math display="inline"><mml:mi>A</mml:mi></mml:math><tex-math><![CDATA[A]]></tex-math></alternatives></inline-formula> as a single matrix inverse.</p>
</list-item><list-item>
<p><bold>Woodbury Correction:</bold> The Woodbury identity is used to correct the low-rank term in the generating function, reducing the problem to evaluating the generating function for a diagonal matrix.</p>
</list-item><list-item>
<p><bold>Cauchy Kernel:</bold> The generating function for a diagonal matrix is equivalent to computing a Cauchy kernel, which is a well-studied problem with efficient, numerically stable algorithms.</p>
</list-item>
</list>
<p>This process reduces the complexity of computing the convolution kernel <inline-formula><alternatives><mml:math display="inline"><mml:mi>K</mml:mi></mml:math><tex-math><![CDATA[K]]></tex-math></alternatives></inline-formula> to <inline-formula><alternatives><mml:math display="inline"><mml:mi>O</mml:mi><mml:mo stretchy="false">(</mml:mo><mml:mi>N</mml:mi><mml:mo>+</mml:mo><mml:mi>L</mml:mi><mml:mo stretchy="false">)</mml:mo></mml:math><tex-math><![CDATA[O(N + L)]]></tex-math></alternatives></inline-formula> operations and <inline-formula><alternatives><mml:math display="inline"><mml:mi>O</mml:mi><mml:mo stretchy="false">(</mml:mo><mml:mi>N</mml:mi><mml:mo>+</mml:mo><mml:mi>L</mml:mi><mml:mo stretchy="false">)</mml:mo></mml:math><tex-math><![CDATA[O(N + L)]]></tex-math></alternatives></inline-formula> memory, significantly improving upon the <abbrev alt="Linear State Space Layer">LSSL</abbrev>’s complexity.</p>
</sec>
<sec id="sec-14">
<label>6.4</label>
<title><abbrev alt="Structured State-Space Sequence Models">S4</abbrev> Architecture Details</title>
<p>The <abbrev alt="Structured State-Space Sequence Models">S4</abbrev> layer, as defined by its <abbrev alt="Normal Plus Low-Rank">NPLR</abbrev> parameterization, implements a mapping from a 1-D input sequence to a 1-D output sequence. To handle multiple features, the <abbrev alt="Structured State-Space Sequence Models">S4</abbrev> architecture utilizes <inline-formula><alternatives><mml:math display="inline"><mml:mi>H</mml:mi></mml:math><tex-math><![CDATA[H]]></tex-math></alternatives></inline-formula> independent copies of the <abbrev alt="Structured State-Space Sequence Models">S4</abbrev> layer, each processing one feature dimension. These outputs are then mixed using a position-wise linear layer, similar to a depthwise-separable convolution. This architecture allows for efficient computation while preserving the ability to capture relationships between different features.</p>
<p>Non-linear activation functions are typically added between <abbrev alt="Structured State-Space Sequence Models">S4</abbrev> layers to enhance the model’s expressivity, further paralleling the structure of <abbrev alt="Convolutional Neural Networks">CNNs</abbrev>. Thus, the overall deep <abbrev alt="Structured State-Space Sequence Models">S4</abbrev> model resembles a depthwise-separable CNN, but with global convolution kernels that effectively capture long-range dependencies.</p>
<p>In summary, <abbrev alt="Structured State-Space Sequence Models">S4</abbrev> offers a structured and efficient approach to <abbrev alt="State Space Models">SSM</abbrev>s, overcoming the limitations of previous implementations while preserving their theoretical strengths. Its <abbrev alt="Normal Plus Low-Rank">NPLR</abbrev> parameterization allows for stable and efficient computation, while its efficient algorithms significantly reduce computational complexity. <abbrev alt="Structured State-Space Sequence Models">S4</abbrev>’s ability to handle multiple features and its resemblance to <abbrev alt="Convolutional Neural Networks">CNNs</abbrev> further contribute to its versatility and potential as a powerful general sequence modeling solution.</p>
</sec>
</sec>
<sec id="sec-15">
<label>7</label>
<title>Mamba Model Architecture</title>
<p>One Mamba Layer (<xref ref-type="bibr" rid="ref-2">Gu &amp; Dao, 2023</xref>) <xref ref-type="fig" rid="figure-2">Figure 2</xref> is composed of a selective state-space module and several auxiliary layers. Initially, a linear layer doubles the dimensionality of the input token embedding, increasing the dimensionality from 64 to 128. This higher dimensionality provides the network with an expanded representational space, potentially enabling the separation of previously inseparable classes.
Subsequently, a canonical 1D convolution layer processes the output of the previous layer, manipulating the dimensions within the linearly upscaled 128-dimensional vector. This convolution layer employs the <bold>SiLU (Sigmoid-weighted Linear Unit)</bold> activation function (<xref ref-type="bibr" rid="ref-13">Elfwing <italic>et al.</italic>, 2017</xref>). The output of the convolution is then processed by the selective state-space module, which operates akin to a linear recurrent neural network (RNN).</p>
<fig id="figure-2">
<label>Figure 2:</label>
<caption>
<p>This diagram represents the Mamba architecture, illustrating the flow from input through convolutional and sequence transformation layers, with nonlinear activation functions, to produce the final output via linear projection.</p>
</caption>
<graphic mimetype="image" mime-subtype="svg" xlink:href="files/mamba-6782b7dd2900c05c98ff905d1694d4e8.svg"/>
</fig>
<p>Mamba then performs a gated multiplication operation. The input is passed through another linear layer and an activation function, and the resulting output is multiplied element-wise with the output of the <abbrev alt="Structured State-Space Sequence Models">S4</abbrev> module. The authors’ intuition behind this operation is that the multiplication serves as a measure of similarity between the output of the <abbrev alt="State Space Models">SSM</abbrev> module, which contains information from previous tokens, and the embedding of the current token. Finally, a linear layer reduces the dimensionality from 128 back to 64.
To construct the complete Mamba architecture, multiple layers are stacked on top of one another, similar to the Transformer architecture, where Transformer layers are stacked sequentially.</p>
</sec>
<sec id="sec-16">
<label>8</label>
<title>Key Differences Between Mamba and Transformer Architectures</title>
<p>In this section, we present a detailed comparison of the Mamba and Transformer architectures. We focus on their core components, computational characteristics, and performance implications. Visualizations and equations are provided to illustrate these differences clearly.</p>
<p>Self attention, feed forward Neural Networks, normalization, residual layers and so on.</p>
<sec id="sec-17">
<label>8.1</label>
<title>Architecture Overview</title>
<sec id="sec-18">
<label>8.1.1</label>
<title>Transformer Architecture</title>
<p>Transformers <xref ref-type="fig" rid="figure-3">Figure 3</xref> rely heavily on attention mechanisms to model dependencies between input and output sequences. A better understanding of the code will be of great help (<xref ref-type="bibr" rid="ref-33">Ashish Vaswani, Noam Shazeer, Niki Parmar, Jakob Uszkoreit, Llion Jones, Aidan N. Gomez, Lukasz Kaiser, Illia Polosukhin, 2017</xref>).</p>
<p>The core components include:</p>
<list list-type="bullet">
<list-item>
<p><bold>Multi-Head Self-Attention</bold>: Allows the model to focus on different parts of the input sequence.</p>
</list-item><list-item>
<p><bold>Position-wise Feed-Forward Networks</bold>: Applied to each position separately.</p>
</list-item><list-item>
<p><bold>Positional Encoding</bold>: Adds information about the position of each token in the sequence, as Transformers lack inherent sequential information due to the parallel nature of their processing.</p>
</list-item>
</list>
<fig id="figure-3">
<label>Figure 3:</label>
<caption>
<p>This diagram illustrates the transformer model architecture, featuring encoder and decoder layers with multi-head attention mechanisms, positional encoding, and feed-forward networks, culminating in output probabilities via a softmax layer.</p>
</caption>
<graphic mimetype="image" mime-subtype="webp" xlink:href="files/transformer-bd9fc20976323f317922d4d7959ac236.webp"/>
</fig>
</sec>
<sec id="sec-19">
<label>8.1.2</label>
<title>Mamba Architecture</title>
<p>Mamba models <xref ref-type="fig" rid="figure-2">Figure 2</xref> are based on Selective State Space Models (<abbrev alt="State Space Models">SSM</abbrev>s), combining aspects of <abbrev alt="Recurrent Neural Networks">RNNs</abbrev>, <abbrev alt="Convolutional Neural Networks">CNNs</abbrev>, and classical state space models. Key features include:</p>
<list list-type="bullet">
<list-item>
<p><bold>Selective State Space Models</bold>: Allow input-dependent parameterization to selectively propagate or forget information.</p>
</list-item><list-item>
<p><bold>Recurrent Mode</bold>: Efficient recurrent computations with linear scaling.</p>
</list-item><list-item>
<p><bold>Hardware-aware Algorithm</bold>: Optimized for modern hardware to avoid inefficiencies from the Flash Attention 2 Paper.</p>
</list-item>
</list>
</sec>
</sec>
<sec id="sec-20">
<label>8.2</label>
<title>Key Differences</title>
<sec id="sec-21">
<label>8.2.1</label>
<title>1. Attention Mechanisms vs. Selective State Space Models</title>
<p><bold>Transformers</bold> use multi-head self-attention to capture dependencies within the sequence:</p>
<disp-formula id="eq-15">
<alternatives><mml:math display="block"><mml:mtext>Attention</mml:mtext><mml:mo stretchy="false">(</mml:mo><mml:mi>Q</mml:mi><mml:mo separator="true">,</mml:mo><mml:mi>K</mml:mi><mml:mo separator="true">,</mml:mo><mml:mi>V</mml:mi><mml:mo stretchy="false">)</mml:mo><mml:mo>=</mml:mo><mml:mtext>softmax</mml:mtext><mml:mrow><mml:mo fence="true">(</mml:mo><mml:mfrac><mml:mrow><mml:mi>Q</mml:mi><mml:msup><mml:mi>K</mml:mi><mml:mi>T</mml:mi></mml:msup></mml:mrow><mml:msqrt><mml:msub><mml:mi>d</mml:mi><mml:mi>k</mml:mi></mml:msub></mml:msqrt></mml:mfrac><mml:mo fence="true">)</mml:mo></mml:mrow><mml:mi>V</mml:mi></mml:math><tex-math><![CDATA[\text{Attention}(Q, K, V) = \text{softmax}\left(\frac{QK^T}{\sqrt{d_k}}\right)V]]></tex-math></alternatives>
<label>(15)</label>
</disp-formula>
<p>Where <inline-formula><alternatives><mml:math display="inline"><mml:mi>Q</mml:mi></mml:math><tex-math><![CDATA[Q]]></tex-math></alternatives></inline-formula>, <inline-formula><alternatives><mml:math display="inline"><mml:mi>K</mml:mi></mml:math><tex-math><![CDATA[K]]></tex-math></alternatives></inline-formula>, and <inline-formula><alternatives><mml:math display="inline"><mml:mi>V</mml:mi></mml:math><tex-math><![CDATA[V]]></tex-math></alternatives></inline-formula> are the query, key, and value matrices, respectively, and <inline-formula><alternatives><mml:math display="inline"><mml:mi>d</mml:mi></mml:math><tex-math><![CDATA[d]]></tex-math></alternatives></inline-formula> is the dimension of the key vectors.</p>
<p><bold>Mamba Models</bold> replace attention with selective state space parameters that change based on the input:</p>
<disp-formula id="eq-16">
<alternatives><mml:math display="block"><mml:msup><mml:mi>h</mml:mi><mml:mo mathvariant="normal" lspace="0em" rspace="0em">′</mml:mo></mml:msup><mml:mo stretchy="false">(</mml:mo><mml:mi>t</mml:mi><mml:mo stretchy="false">)</mml:mo><mml:mo>=</mml:mo><mml:mi>A</mml:mi><mml:mi>h</mml:mi><mml:mo stretchy="false">(</mml:mo><mml:mi>t</mml:mi><mml:mo stretchy="false">)</mml:mo><mml:mo>+</mml:mo><mml:mi>B</mml:mi><mml:mi>x</mml:mi><mml:mo stretchy="false">(</mml:mo><mml:mi>t</mml:mi><mml:mo stretchy="false">)</mml:mo></mml:math><tex-math><![CDATA[h'(t) = A h(t) + B x(t)]]></tex-math></alternatives>
<label>(16)</label>
</disp-formula>
<p/>
<disp-formula id="eq-17">
<alternatives><mml:math display="block"><mml:mi>y</mml:mi><mml:mo stretchy="false">(</mml:mo><mml:mi>t</mml:mi><mml:mo stretchy="false">)</mml:mo><mml:mo>=</mml:mo><mml:mi>C</mml:mi><mml:mi>h</mml:mi><mml:mo stretchy="false">(</mml:mo><mml:mi>t</mml:mi><mml:mo stretchy="false">)</mml:mo></mml:math><tex-math><![CDATA[y(t) = C h(t)]]></tex-math></alternatives>
<label>(17)</label>
</disp-formula>
<p>Here, <inline-formula><alternatives><mml:math display="inline"><mml:mi>A</mml:mi></mml:math><tex-math><![CDATA[A]]></tex-math></alternatives></inline-formula>, <inline-formula><alternatives><mml:math display="inline"><mml:mi>B</mml:mi></mml:math><tex-math><![CDATA[B]]></tex-math></alternatives></inline-formula>, and <inline-formula><alternatives><mml:math display="inline"><mml:mi>C</mml:mi></mml:math><tex-math><![CDATA[C]]></tex-math></alternatives></inline-formula> are state space parameters that vary with the input, allowing for efficient handling of long sequences without the quadratic complexity of attention mechanisms.</p>
</sec>
<sec id="sec-22">
<label>8.2.2</label>
<title>2. Computational Complexity</title>
<table>
<thead>
<tr><th>Feature</th><th align="left">Architecture</th><th align="left">Complexity</th><th align="left">Inference Speed</th><th align="left">Training Speed</th></tr>
</thead>
<tbody>
<tr><td>Transformer</td><td align="left">Attention-based</td><td align="left">High</td><td align="left">O(n)</td><td align="left">O(n²)</td></tr>
<tr><td>Mamba</td><td align="left"><abbrev alt="State Space Models">SSM</abbrev>-based</td><td align="left">Lower</td><td align="left">O(1)</td><td align="left">O(n)</td></tr>
</tbody>
</table>
</sec>
<sec id="sec-23">
<label>8.2.3</label>
<title>3. Sequence Handling and Memory Efficiency</title>
<p><bold>Transformers</bold> require a cache of previous elements to handle long-range dependencies, leading to high memory usage.</p>
<p><bold>Mamba Models</bold> utilize selective state spaces to maintain relevant information over long sequences without the need for extensive memory caches, providing a more memory-efficient solution.</p>
<p>Mamba integrates selective state spaces directly into the neural network architecture. The selective mechanism allows the model to focus on relevant parts of the input dynamically.</p>
<p>There are other competing architectures that aim to replace or complement Transformers, such as Retentive Network (<xref ref-type="bibr" rid="ref-12">Sun <italic>et al.</italic>, 2023</xref>), Griffin (<xref ref-type="bibr" rid="ref-21">De <italic>et al.</italic>, 2024</xref>), Hyena (<xref ref-type="bibr" rid="ref-22">Poli <italic>et al.</italic>, 2023</xref>), and RWKV (<xref ref-type="bibr" rid="ref-11">Peng <italic>et al.</italic>, 2023</xref>). These architectures propose alternative approaches to modeling sequential data, leveraging techniques like gated linear recurrences, local attention, and reinventing recurrent neural networks (<abbrev alt="Recurrent Neural Networks">RNNs</abbrev>) for the Transformer era.</p>
</sec>
</sec>
</sec>
<sec id="sec-24">
<label>9</label>
<title>Mamba’s Synergy with Scipy</title>
<p>Scipy (<xref ref-type="bibr" rid="ref-28">Virtanen <italic>et al.</italic>, 2020</xref>) provides a robust ecosystem for scientific computing in Python, offering a wide range of tools and libraries for numerical analysis, signal processing, optimization, and more. This ecosystem serves as a fertile ground for the development and integration of Mamba, facilitating its training, evaluation, and deployment in scientific applications. Leveraging Scipy’s powerful data manipulation and visualization capabilities, Mamba models can be seamlessly integrated into scientific workflows, enabling in-depth analysis, rigorous statistical testing, and clear visualization of results.</p>
<p>The combination of Mamba’s language understanding capabilities and Scipy’s scientific computing tools opens up new avenues for exploring large-scale scientific datasets commonly encountered in scientific research domains such as astronomy, medicine, and beyond, extracting insights, and advancing scientific discoveries.</p>
<sec id="sec-25">
<label>9.1</label>
<title>Potential Applications and Future Directions:</title>
<list list-type="bullet">
<list-item>
<p><bold>Efficient Processing of Large Scientific Datasets:</bold> Mamba’s ability to handle long-range dependencies makes it well-suited for analyzing and summarizing vast amounts of scientific data, such as astronomical observations, medical records, or experimental results, thereby reducing the complexity and enabling more efficient analysis.</p>
</list-item><list-item>
<p><bold>Enhancing Model Efficiency and Scalability:</bold> Integrating Mamba with Scipy’s optimization and parallelization techniques can potentially improve the efficiency and scalability of language models, enabling them to handle increasingly larger datasets and more complex scientific problems.</p>
</list-item><list-item>
<p><bold>Advancing Scientific Computing through Interdisciplinary Collaboration:</bold> The synergy between Mamba and Scipy fosters interdisciplinary collaboration between natural language processing researchers, scientific computing experts, and domain-specific scientists, paving the way for novel applications and pushing the boundaries of scientific computing.</p>
</list-item>
</list>
<p>The diverse range of models as U-Mamba (<xref ref-type="bibr" rid="ref-16">Ma <italic>et al.</italic>, 2024</xref>), Vision Mamba(<xref ref-type="bibr" rid="ref-17">Zhu <italic>et al.</italic>, 2024</xref>), VMamba (<xref ref-type="bibr" rid="ref-18">Liu <italic>et al.</italic>, 2024</xref>), MambaByte (<xref ref-type="bibr" rid="ref-19">Wang <italic>et al.</italic>, 2024</xref>)and Jamba (<xref ref-type="bibr" rid="ref-20">Lieber <italic>et al.</italic>, 2024</xref>), highlights the versatility and adaptability of the Mamba architecture. These variants have been designed to enhance efficiency, improve long-range dependency modeling, incorporate visual representations, explore token-free approaches, integrate Fourier learning, and hybridize with Transformer components.</p>
</sec>
</sec>
<sec id="sec-26">
<label>10</label>
<title>Conclusion</title>
<p>Mamba models present a compelling alternative to Transformers for processing long sequences, particularly in scientific computing. Their use of selective state spaces delivers linear time complexity and superior memory efficiency, making them faster and less resource-intensive than Transformers for lengthy data. Mamba’s flexible architecture enables easy integration with scientific workflows and scalability. However, their complexity demands further research to streamline implementation and encourage wider adoption. While not yet a complete replacement for Transformers, Mamba models offer a powerful tool for analyzing complex scientific data where efficiency and integration with scientific tools are paramount, making their continued development crucial.</p>
</sec>
</body>
<back>
<ref-list>
<ref id="ref-31">
<element-citation publication-type="document">
<article-title>Mamba: Linear-Time Sequence Modeling with Selective State Spaces</article-title>
<person-group person-group-type="author">
<name><surname>Albert Gu, Tri Dao</surname></name>
</person-group><year iso-8601-date="2024">2024</year></element-citation>
</ref>
<ref id="ref-1">
<element-citation publication-type="journal">
<article-title>Fundamentals of Recurrent Neural Network (RNN) and Long Short-Term Memory (LSTM) network</article-title>
<person-group person-group-type="author">
<name><surname>Sherstinsky</surname><given-names>Alex</given-names></name>
</person-group><source>Physica D: Nonlinear Phenomena</source><year iso-8601-date="2020">2020</year><pub-id pub-id-type="doi">10.1016/j.physd.2019.132306</pub-id><volume>404</volume><fpage>132306</fpage>
<issn>0167-2789</issn>
</element-citation>
</ref>
<ref id="ref-14">
<element-citation publication-type="document">
<article-title>An Introduction to Convolutional Neural Networks</article-title>
<person-group person-group-type="author">
<name><surname>O'Shea</surname><given-names>Keiron</given-names></name>
<name><surname>Nash</surname><given-names>Ryan</given-names></name>
</person-group><year iso-8601-date="2015">2015</year><pub-id pub-id-type="doi">https://doi.org/10.48550/arXiv.1511.08458</pub-id></element-citation>
</ref>
<ref id="ref-3">
<element-citation publication-type="document">
<article-title>Attention Is All You Need</article-title>
<person-group person-group-type="author">
<name><surname>Vaswani</surname><given-names>Ashish</given-names></name>
<name><surname>Shazeer</surname><given-names>Noam</given-names></name>
<name><surname>Parmar</surname><given-names>Niki</given-names></name>
<name><surname>Uszkoreit</surname><given-names>Jakob</given-names></name>
<name><surname>Jones</surname><given-names>Llion</given-names></name>
<name><surname>Gomez</surname><given-names>Aidan N.</given-names></name>
<name><surname>Kaiser</surname><given-names>Lukasz</given-names></name>
<name><surname>Polosukhin</surname><given-names>Illia</given-names></name>
</person-group><year iso-8601-date="2023">2023</year><pub-id pub-id-type="doi">https://doi.org/10.48550/arXiv.1706.03762</pub-id></element-citation>
</ref>
<ref id="ref-7">
<element-citation publication-type="document">
<article-title>Efficiently Modeling Long Sequences with Structured State Spaces</article-title>
<person-group person-group-type="author">
<name><surname>Gu</surname><given-names>Albert</given-names></name>
<name><surname>Goel</surname><given-names>Karan</given-names></name>
<name><surname>Ré</surname><given-names>Christopher</given-names></name>
</person-group><year iso-8601-date="2022">2022</year><pub-id pub-id-type="doi">https://doi.org/10.48550/arXiv.2111.00396</pub-id></element-citation>
</ref>
<ref id="ref-6">
<element-citation publication-type="document">
<article-title>HiPPO: Recurrent Memory with Optimal Polynomial Projections</article-title>
<person-group person-group-type="author">
<name><surname>Gu</surname><given-names>Albert</given-names></name>
<name><surname>Dao</surname><given-names>Tri</given-names></name>
<name><surname>Ermon</surname><given-names>Stefano</given-names></name>
<name><surname>Rudra</surname><given-names>Atri</given-names></name>
<name><surname>Re</surname><given-names>Christopher</given-names></name>
</person-group><year iso-8601-date="2020">2020</year><pub-id pub-id-type="doi">https://doi.org/10.48550/arXiv.2008.07669</pub-id></element-citation>
</ref>
<ref id="ref-8">
<element-citation publication-type="document">
<article-title>On the Parameterization and Initialization of Diagonal State Space Models</article-title>
<person-group person-group-type="author">
<name><surname>Gu</surname><given-names>Albert</given-names></name>
<name><surname>Gupta</surname><given-names>Ankit</given-names></name>
<name><surname>Goel</surname><given-names>Karan</given-names></name>
<name><surname>Ré</surname><given-names>Christopher</given-names></name>
</person-group><year iso-8601-date="2022">2022</year><pub-id pub-id-type="doi">https://doi.org/10.48550/arXiv.2206.11893</pub-id></element-citation>
</ref>
<ref id="ref-32">
<element-citation publication-type="document">
<article-title>Structured State Spaces for Sequence Modeling</article-title>
<person-group person-group-type="author">
<name><surname>Albert Gu, Karan Goel, Christopher Ré</surname></name>
</person-group></element-citation>
</ref>
<ref id="ref-15">
<element-citation publication-type="document">
<article-title>Parallelizing non-linear sequential models over the sequence length</article-title>
<person-group person-group-type="author">
<name><surname>Lim</surname><given-names>Yi Heng</given-names></name>
<name><surname>Zhu</surname><given-names>Qi</given-names></name>
<name><surname>Selfridge</surname><given-names>Joshua</given-names></name>
<name><surname>Kasim</surname><given-names>Muhammad Firmansyah</given-names></name>
</person-group><year iso-8601-date="2024">2024</year><pub-id pub-id-type="doi">https://doi.org/10.48550/arXiv.2309.12252</pub-id></element-citation>
</ref>
<ref id="ref-2">
<element-citation publication-type="document">
<article-title>Mamba: Linear-Time Sequence Modeling with Selective State Spaces</article-title>
<person-group person-group-type="author">
<name><surname>Gu</surname><given-names>Albert</given-names></name>
<name><surname>Dao</surname><given-names>Tri</given-names></name>
</person-group><year iso-8601-date="2023">2023</year><pub-id pub-id-type="doi">https://doi.org/10.48550/arXiv.2312.00752</pub-id></element-citation>
</ref>
<ref id="ref-13">
<element-citation publication-type="document">
<article-title>Sigmoid-Weighted Linear Units for Neural Network Function Approximation in Reinforcement Learning</article-title>
<person-group person-group-type="author">
<name><surname>Elfwing</surname><given-names>Stefan</given-names></name>
<name><surname>Uchibe</surname><given-names>Eiji</given-names></name>
<name><surname>Doya</surname><given-names>Kenji</given-names></name>
</person-group><year iso-8601-date="2017">2017</year><pub-id pub-id-type="doi">https://doi.org/10.48550/arXiv.1702.03118</pub-id></element-citation>
</ref>
<ref id="ref-33">
<element-citation publication-type="document">
<article-title>Transformer model from Attention Is All You Need</article-title>
<person-group person-group-type="author">
<name><surname>Ashish Vaswani, Noam Shazeer, Niki Parmar, Jakob Uszkoreit, Llion Jones, Aidan N. Gomez, Lukasz Kaiser, Illia Polosukhin</surname></name>
</person-group></element-citation>
</ref>
<ref id="ref-12">
<element-citation publication-type="document">
<article-title>Retentive Network: A Successor to Transformer for Large Language Models</article-title>
<person-group person-group-type="author">
<name><surname>Sun</surname><given-names>Yutao</given-names></name>
<name><surname>Dong</surname><given-names>Li</given-names></name>
<name><surname>Huang</surname><given-names>Shaohan</given-names></name>
<name><surname>Ma</surname><given-names>Shuming</given-names></name>
<name><surname>Xia</surname><given-names>Yuqing</given-names></name>
<name><surname>Xue</surname><given-names>Jilong</given-names></name>
<name><surname>Wang</surname><given-names>Jianyong</given-names></name>
<name><surname>Wei</surname><given-names>Furu</given-names></name>
</person-group><year iso-8601-date="2023">2023</year><pub-id pub-id-type="doi">https://doi.org/10.48550/arXiv.2307.08621</pub-id></element-citation>
</ref>
<ref id="ref-21">
<element-citation publication-type="document">
<article-title>Griffin: Mixing Gated Linear Recurrences with Local Attention for Efficient Language Models</article-title>
<person-group person-group-type="author">
<name><surname>De</surname><given-names>Soham</given-names></name>
<name><surname>Smith</surname><given-names>Samuel L.</given-names></name>
<name><surname>Fernando</surname><given-names>Anushan</given-names></name>
<name><surname>Botev</surname><given-names>Aleksandar</given-names></name>
<name><surname>Cristian-Muraru</surname><given-names>George</given-names></name>
<name><surname>Gu</surname><given-names>Albert</given-names></name>
<name><surname>Haroun</surname><given-names>Ruba</given-names></name>
<name><surname>Berrada</surname><given-names>Leonard</given-names></name>
<name><surname>Chen</surname><given-names>Yutian</given-names></name>
<name><surname>Srinivasan</surname><given-names>Srivatsan</given-names></name>
<name><surname>Desjardins</surname><given-names>Guillaume</given-names></name>
<name><surname>Doucet</surname><given-names>Arnaud</given-names></name>
<name><surname>Budden</surname><given-names>David</given-names></name>
<name><surname>Teh</surname><given-names>Yee Whye</given-names></name>
<name><surname>Pascanu</surname><given-names>Razvan</given-names></name>
<name><surname>Freitas</surname><given-names>Nando De</given-names></name>
<name><surname>Gulcehre</surname><given-names>Caglar</given-names></name>
</person-group><year iso-8601-date="2024">2024</year><pub-id pub-id-type="doi">https://doi.org/10.48550/arXiv.2402.19427</pub-id></element-citation>
</ref>
<ref id="ref-22">
<element-citation publication-type="document">
<article-title>Hyena Hierarchy: Towards Larger Convolutional Language Models</article-title>
<person-group person-group-type="author">
<name><surname>Poli</surname><given-names>Michael</given-names></name>
<name><surname>Massaroli</surname><given-names>Stefano</given-names></name>
<name><surname>Nguyen</surname><given-names>Eric</given-names></name>
<name><surname>Fu</surname><given-names>Daniel Y.</given-names></name>
<name><surname>Dao</surname><given-names>Tri</given-names></name>
<name><surname>Baccus</surname><given-names>Stephen</given-names></name>
<name><surname>Bengio</surname><given-names>Yoshua</given-names></name>
<name><surname>Ermon</surname><given-names>Stefano</given-names></name>
<name><surname>Ré</surname><given-names>Christopher</given-names></name>
</person-group><year iso-8601-date="2023">2023</year><pub-id pub-id-type="doi">https://doi.org/10.48550/arXiv.2302.10866</pub-id></element-citation>
</ref>
<ref id="ref-11">
<element-citation publication-type="document">
<article-title>RWKV: Reinventing RNNs for the Transformer Era</article-title>
<person-group person-group-type="author">
<name><surname>Peng</surname><given-names>Bo</given-names></name>
<name><surname>Alcaide</surname><given-names>Eric</given-names></name>
<name><surname>Anthony</surname><given-names>Quentin</given-names></name>
<name><surname>Albalak</surname><given-names>Alon</given-names></name>
<name><surname>Arcadinho</surname><given-names>Samuel</given-names></name>
<name><surname>Biderman</surname><given-names>Stella</given-names></name>
<name><surname>Cao</surname><given-names>Huanqi</given-names></name>
<name><surname>Cheng</surname><given-names>Xin</given-names></name>
<name><surname>Chung</surname><given-names>Michael</given-names></name>
<name><surname>Grella</surname><given-names>Matteo</given-names></name>
<name><surname>GV</surname><given-names>Kranthi Kiran</given-names></name>
<name><surname>He</surname><given-names>Xuzheng</given-names></name>
<name><surname>Hou</surname><given-names>Haowen</given-names></name>
<name><surname>Lin</surname><given-names>Jiaju</given-names></name>
<name><surname>Kazienko</surname><given-names>Przemyslaw</given-names></name>
<name><surname>Kocon</surname><given-names>Jan</given-names></name>
<name><surname>Kong</surname><given-names>Jiaming</given-names></name>
<name><surname>Koptyra</surname><given-names>Bartlomiej</given-names></name>
<name><surname>Lau</surname><given-names>Hayden</given-names></name>
<name><surname>Mantri</surname><given-names>Krishna Sri Ipsit</given-names></name>
<name><surname>Mom</surname><given-names>Ferdinand</given-names></name>
<name><surname>Saito</surname><given-names>Atsushi</given-names></name>
<name><surname>Song</surname><given-names>Guangyu</given-names></name>
<name><surname>Tang</surname><given-names>Xiangru</given-names></name>
<name><surname>Wang</surname><given-names>Bolun</given-names></name>
<name><surname>Wind</surname><given-names>Johan S.</given-names></name>
<name><surname>Wozniak</surname><given-names>Stanislaw</given-names></name>
<name><surname>Zhang</surname><given-names>Ruichong</given-names></name>
<name><surname>Zhang</surname><given-names>Zhenyuan</given-names></name>
<name><surname>Zhao</surname><given-names>Qihang</given-names></name>
<name><surname>Zhou</surname><given-names>Peng</given-names></name>
<name><surname>Zhou</surname><given-names>Qinghua</given-names></name>
<name><surname>Zhu</surname><given-names>Jian</given-names></name>
<name><surname>Zhu</surname><given-names>Rui-Jie</given-names></name>
</person-group><year iso-8601-date="2023">2023</year><pub-id pub-id-type="doi">https://doi.org/10.48550/arXiv.2305.13048</pub-id></element-citation>
</ref>
<ref id="ref-28">
<element-citation publication-type="journal">
<article-title>SciPy 1.0: Fundamental Algorithms for Scientific Computing in Python</article-title>
<person-group person-group-type="author">
<name><surname>Virtanen</surname><given-names>Pauli</given-names></name>
<name><surname>Gommers</surname><given-names>Ralf</given-names></name>
<name><surname>Oliphant</surname><given-names>Travis E.</given-names></name>
<name><surname>Haberland</surname><given-names>Matt</given-names></name>
<name><surname>Reddy</surname><given-names>Tyler</given-names></name>
<name><surname>Cournapeau</surname><given-names>David</given-names></name>
<name><surname>Burovski</surname><given-names>Evgeni</given-names></name>
<name><surname>Peterson</surname><given-names>Pearu</given-names></name>
<name><surname>Weckesser</surname><given-names>Warren</given-names></name>
<name><surname>Bright</surname><given-names>Jonathan</given-names></name>
<name><surname>van der Walt</surname><given-names>Stéfan J.</given-names></name>
<name><surname>Brett</surname><given-names>Matthew</given-names></name>
<name><surname>Wilson</surname><given-names>Joshua</given-names></name>
<name><surname>Millman</surname><given-names>K. Jarrod</given-names></name>
<name><surname>Mayorov</surname><given-names>Nikolay</given-names></name>
<name><surname>Nelson</surname><given-names>Andrew R. J.</given-names></name>
<name><surname>Jones</surname><given-names>Eric</given-names></name>
<name><surname>Kern</surname><given-names>Robert</given-names></name>
<name><surname>Larson</surname><given-names>Eric</given-names></name>
<name><surname>Carey</surname><given-names>C J</given-names></name>
<name><surname>Polat</surname><given-names>İlhan</given-names></name>
<name><surname>Feng</surname><given-names>Yu</given-names></name>
<name><surname>Moore</surname><given-names>Eric W.</given-names></name>
<name><surname>VanderPlas</surname><given-names>Jake</given-names></name>
<name><surname>Laxalde</surname><given-names>Denis</given-names></name>
<name><surname>Perktold</surname><given-names>Josef</given-names></name>
<name><surname>Cimrman</surname><given-names>Robert</given-names></name>
<name><surname>Henriksen</surname><given-names>Ian</given-names></name>
<name><surname>Quintero</surname><given-names>E. A.</given-names></name>
<name><surname>Harris</surname><given-names>Charles R.</given-names></name>
<name><surname>Archibald</surname><given-names>Anne M.</given-names></name>
<name><surname>Ribeiro</surname><given-names>Antônio H.</given-names></name>
<name><surname>Pedregosa</surname><given-names>Fabian</given-names></name>
<name><surname>van Mulbregt</surname><given-names>Paul</given-names></name>
<name><surname>SciPy 1.0 Contributors</surname></name>
</person-group><source>Nature Methods</source><year iso-8601-date="2020">2020</year><pub-id pub-id-type="doi">https://doi.org/10.1038/s41592-019-0686-2</pub-id><volume>17</volume><fpage>261</fpage><lpage>272</lpage></element-citation>
</ref>
<ref id="ref-16">
<element-citation publication-type="document">
<article-title>U-Mamba: Enhancing Long-range Dependency for Biomedical Image Segmentation</article-title>
<person-group person-group-type="author">
<name><surname>Ma</surname><given-names>Jun</given-names></name>
<name><surname>Li</surname><given-names>Feifei</given-names></name>
<name><surname>Wang</surname><given-names>Bo</given-names></name>
</person-group><year iso-8601-date="2024">2024</year><pub-id pub-id-type="doi">https://doi.org/10.48550/arXiv.2401.04722</pub-id></element-citation>
</ref>
<ref id="ref-17">
<element-citation publication-type="document">
<article-title>Vision Mamba: Efficient Visual Representation Learning with Bidirectional State Space Model</article-title>
<person-group person-group-type="author">
<name><surname>Zhu</surname><given-names>Lianghui</given-names></name>
<name><surname>Liao</surname><given-names>Bencheng</given-names></name>
<name><surname>Zhang</surname><given-names>Qian</given-names></name>
<name><surname>Wang</surname><given-names>Xinlong</given-names></name>
<name><surname>Liu</surname><given-names>Wenyu</given-names></name>
<name><surname>Wang</surname><given-names>Xinggang</given-names></name>
</person-group><year iso-8601-date="2024">2024</year><pub-id pub-id-type="doi">https://doi.org/10.48550/arXiv.2401.09417</pub-id></element-citation>
</ref>
<ref id="ref-18">
<element-citation publication-type="document">
<article-title>VMamba: Visual State Space Model</article-title>
<person-group person-group-type="author">
<name><surname>Liu</surname><given-names>Yue</given-names></name>
<name><surname>Tian</surname><given-names>Yunjie</given-names></name>
<name><surname>Zhao</surname><given-names>Yuzhong</given-names></name>
<name><surname>Yu</surname><given-names>Hongtian</given-names></name>
<name><surname>Xie</surname><given-names>Lingxi</given-names></name>
<name><surname>Wang</surname><given-names>Yaowei</given-names></name>
<name><surname>Ye</surname><given-names>Qixiang</given-names></name>
<name><surname>Liu</surname><given-names>Yunfan</given-names></name>
</person-group><year iso-8601-date="2024">2024</year><pub-id pub-id-type="doi">https://doi.org/10.48550/arXiv.2401.10166</pub-id></element-citation>
</ref>
<ref id="ref-19">
<element-citation publication-type="document">
<article-title>MambaByte: Token-free Selective State Space Model</article-title>
<person-group person-group-type="author">
<name><surname>Wang</surname><given-names>Junxiong</given-names></name>
<name><surname>Gangavarapu</surname><given-names>Tushaar</given-names></name>
<name><surname>Yan</surname><given-names>Jing Nathan</given-names></name>
<name><surname>Rush</surname><given-names>Alexander M.</given-names></name>
</person-group><year iso-8601-date="2024">2024</year><pub-id pub-id-type="doi">https://doi.org/10.48550/arXiv.2401.13660</pub-id></element-citation>
</ref>
<ref id="ref-20">
<element-citation publication-type="document">
<article-title>Jamba: A Hybrid Transformer-Mamba Language Model</article-title>
<person-group person-group-type="author">
<name><surname>Lieber</surname><given-names>Opher</given-names></name>
<name><surname>Lenz</surname><given-names>Barak</given-names></name>
<name><surname>Bata</surname><given-names>Hofit</given-names></name>
<name><surname>Cohen</surname><given-names>Gal</given-names></name>
<name><surname>Osin</surname><given-names>Jhonathan</given-names></name>
<name><surname>Dalmedigos</surname><given-names>Itay</given-names></name>
<name><surname>Safahi</surname><given-names>Erez</given-names></name>
<name><surname>Meirom</surname><given-names>Shaked</given-names></name>
<name><surname>Belinkov</surname><given-names>Yonatan</given-names></name>
<name><surname>Shalev-Shwartz</surname><given-names>Shai</given-names></name>
<name><surname>Abend</surname><given-names>Omri</given-names></name>
<name><surname>Alon</surname><given-names>Raz</given-names></name>
<name><surname>Asida</surname><given-names>Tomer</given-names></name>
<name><surname>Bergman</surname><given-names>Amir</given-names></name>
<name><surname>Glozman</surname><given-names>Roman</given-names></name>
<name><surname>Gokhman</surname><given-names>Michael</given-names></name>
<name><surname>Manevich</surname><given-names>Avashalom</given-names></name>
<name><surname>Ratner</surname><given-names>Nir</given-names></name>
<name><surname>Rozen</surname><given-names>Noam</given-names></name>
<name><surname>Shwartz</surname><given-names>Erez</given-names></name>
<name><surname>Zusman</surname><given-names>Mor</given-names></name>
<name><surname>Shoham</surname><given-names>Yoav</given-names></name>
</person-group><year iso-8601-date="2024">2024</year><pub-id pub-id-type="doi">https://doi.org/10.48550/arXiv.2403.19887</pub-id></element-citation>
</ref>
</ref-list>
</back>
</article>
