<?xml version="1.0" encoding="UTF-8"?>
<!DOCTYPE manifest PUBLIC "-//MECA//DTD Manifest v1.0//en" "https://meca.zip/manifest-1.0.dtd">
<manifest manifest-version="1" xmlns="https://manuscriptexchange.org/schema/manifest" xmlns:xlink="http://www.w3.org/1999/xlink">
  <item item-type="article-metadata">
    <instance media-type="application/xml" xlink:href="jats.xml"/>
  </item>
  <item item-type="article-supporting-file">
    <instance media-type="image/png" xlink:href="files/admonition-db3da73da7dba81f64c88a27294f6897.png"/>
  </item>
  <item item-type="article-supporting-file">
    <instance media-type="image/png" xlink:href="files/ast-d3e150c91ebccc41a49f2b648b990f83.png"/>
  </item>
  <item item-type="article-supporting-file">
    <instance media-type="image/png" xlink:href="files/history-ef16222f2e5d1103a4e70dd1eb6b3a41.png"/>
  </item>
  <item item-type="article-supporting-file">
    <instance media-type="image/png" xlink:href="files/hover-1feb4d0fbfc470cdd41e1c5eed39b51e.png"/>
  </item>
  <item item-type="article-supporting-file">
    <instance media-type="image/png" xlink:href="files/jupyterlab-myst-f311482facb0905e2717ab33d8a8a22a.png"/>
  </item>
  <item item-type="article-supporting-file">
    <instance media-type="image/png" xlink:href="files/overview-2431ba8b98f0d0e51fc3040899afd51f.png"/>
  </item>
  <item item-type="article-supporting-file">
    <instance media-type="image/png" xlink:href="files/thebe-2acea49114f5b1c3175720ab75b17b0c.png"/>
  </item>
  <item item-type="manuscript">
    <instance media-type="application/pdf" xlink:href="full_text.pdf"/>
  </item>
  <item item-type="article-source">
    <instance media-type="text/yaml" xlink:href="bundle/myst.yml"/>
  </item>
  <item item-type="article-source">
    <instance media-type="text/markdown" xlink:href="bundle/main.md"/>
  </item>
  <item item-type="article-source">
    <instance media-type="image/png" xlink:href="bundle/overview.png"/>
  </item>
  <item item-type="article-source">
    <instance media-type="image/png" xlink:href="bundle/admonition.png"/>
  </item>
  <item item-type="article-source">
    <instance media-type="image/png" xlink:href="bundle/ast.png"/>
  </item>
  <item item-type="article-source">
    <instance media-type="image/png" xlink:href="bundle/hover.png"/>
  </item>
  <item item-type="article-source">
    <instance media-type="text/markdown" xlink:href="bundle/appendix.md"/>
  </item>
  <item item-type="article-source">
    <instance media-type="application/x-bibtex" xlink:href="bundle/main.bib"/>
  </item>
  <item item-type="article-source">
    <instance media-type="image/png" xlink:href="bundle/history.png"/>
  </item>
  <item item-type="article-source-directory">
    <instance media-type="application/x-directory" xlink:href="bundle/"/>
  </item>
</manifest>