<?xml version="1.0" encoding="UTF-8"?>
<!DOCTYPE article PUBLIC "-//NLM//DTD JATS (Z39.96) Journal Archiving and Interchange DTD with MathML3 v1.3 20210610//EN" "http://jats.nlm.nih.gov/publishing/1.3/JATS-archivearticle1-3-mathml3.dtd">
<article xmlns:mml="http://www.w3.org/1998/Math/MathML" xmlns:xlink="http://www.w3.org/1999/xlink" xmlns:xsi="http://www.w3.org/2001/XMLSchema-instance" xmlns:ali="http://www.niso.org/schemas/ali/1.0/" dtd-version="1.3" xml:lang="en" id="unlocking-78">
<front>
<article-meta>
<article-id pub-id-type="doi">10.25080/ncmh8429</article-id>
<title-group>
<article-title>Unlocking the Missing 78%: Inclusive Communities for the Future of Scientific Python</article-title>
</title-group>
<contrib-group>
<contrib contrib-type="author" corresp="yes">
<name name-style="western"><surname>Aftab</surname><given-names>Noor</given-names></name>
<role vocab="credit" vocab-identifier="https://credit.niso.org/" vocab-term="Conceptualization" vocab-term-identifier="https://credit.niso.org/contributor-roles/conceptualization/">Conceptualization</role>
<role vocab="credit" vocab-identifier="https://credit.niso.org/" vocab-term="Investigation" vocab-term-identifier="https://credit.niso.org/contributor-roles/investigation/">Investigation</role>
<role vocab="credit" vocab-identifier="https://credit.niso.org/" vocab-term="Methodology" vocab-term-identifier="https://credit.niso.org/contributor-roles/methodology/">Methodology</role>
<role vocab="credit" vocab-identifier="https://credit.niso.org/" vocab-term="Software" vocab-term-identifier="https://credit.niso.org/contributor-roles/software/">Software</role>
<role vocab="credit" vocab-identifier="https://credit.niso.org/" vocab-term="Validation" vocab-term-identifier="https://credit.niso.org/contributor-roles/validation/">Validation</role>
<role vocab="credit" vocab-identifier="https://credit.niso.org/" vocab-term="Visualization" vocab-term-identifier="https://credit.niso.org/contributor-roles/visualization/">Visualization</role>
<role vocab="credit" vocab-identifier="https://credit.niso.org/" vocab-term="Writing – original draft" vocab-term-identifier="https://credit.niso.org/contributor-roles/writing-original-draft/">Writing – original draft</role>
<role vocab="credit" vocab-identifier="https://credit.niso.org/" vocab-term="Writing – review &amp; editing" vocab-term-identifier="https://credit.niso.org/contributor-roles/writing-review-editing/">Writing – review &amp; editing</role>
<xref ref-type="aff" rid="aff-1"/>
<email>noor.aftab@gmail.com</email>
</contrib>
</contrib-group>
<aff id="aff-1">
<institution-wrap>
<institution>IBM Champion, PyData Speaker, Chair of NumFOCUS CoC WG</institution>
</institution-wrap>
</aff>
<fpage>342</fpage><lpage>358</lpage>
<permissions>
<ali:free_to_read/>
<license xlink:href="https://creativecommons.org/licenses/by/4.0/">
<ali:license_ref>https://creativecommons.org/licenses/by/4.0/</ali:license_ref>
<license-p>This is an open access article distributed under the terms of the <ext-link ext-link-type="uri" xlink:href="http://creativecommons.org/licenses/by/4.0/">Creative Commons Attribution License</ext-link>, which permits unrestricted use, distribution, and reproduction in any medium, provided the original author and source are credited.</license-p>
</license>
</permissions>
<abstract>
<p>Women account for <bold>15–22 %</bold> of the global data science workforce and less than <bold>3 %</bold> of commits to core Python repositories (<xref ref-type="bibr" rid="bcg2020women">Boston Consulting Group, 2020</xref>; <xref ref-type="bibr" rid="rossi2022gender">Rossi &amp; Zacchiroli, 2022</xref>; <xref ref-type="bibr" rid="isu2023onein20">Idaho State University, 2023</xref>). This “missing 78 %” drains talent, innovation, and economic value scientific Python. We first quantify the gap, then unpack its root causes, and finally propose the Visibility–Invitation–Mechanism (<abbrev alt="Visibility–Invitation–Mechanism">VIM</abbrev>) framework, as a practical remedy. A mixed methods case study—IBM Women in AI (<abbrev alt="Women in AI">WAI</abbrev>) User Group shows <abbrev alt="Visibility–Invitation–Mechanism">VIM</abbrev> in action: membership jumped from 17 to 38 within a week of its March 2025 launch (↑124 %).</p>
</abstract>
<kwd-group>
<kwd>scientific python</kwd>
<kwd>diversity</kwd>
<kwd>inclusion</kwd>
<kwd>gender gap</kwd>
<kwd>open source</kwd>
<kwd>community</kwd>
<kwd>VIM framework</kwd>
</kwd-group>
</article-meta>
</front>
<body>
<sec id="sec-1">
<label>1</label>
<title>Introduction</title>
<p>Python dominates contemporary data science and scientific computing, yet women are conspicuously scarce across its contributor base and professional user community. Longitudinal GitHub analyses show women’s share of commits to high-impact Python projects rising from ≈ 2 % in 2008 to 4.9 % in 2021 (<xref ref-type="bibr" rid="ref-2">Rossi &amp; Zacchiroli, 2022</xref>). Labour-market surveys place women at ≈ 20 % of data-science roles globally, lower than many adjacent STEM domains (<xref ref-type="bibr" rid="ref-1">Boston Consulting Group, 2020</xref>; <xref ref-type="bibr" rid="ref-3">The Alan Turing Institute, 2024</xref>).</p>
<sec id="sec-2">
<label>1.1</label>
<title>Problem Statement — Why the <abbrev alt="Visibility–Invitation–Mechanism">VIM</abbrev> lens?</title>
<p>Building on organisational-learning and <abbrev alt="Diversity, Equity, and Inclusion">DEI</abbrev> literature, we treat inclusion as a three-pillar system: <bold>Visibility</bold> (whose work is seen), <bold>Invitation</bold> (who feels welcome), and <bold>Mechanism</bold> (what structural supports exist). Python’s globally distributed, volunteer-heavy culture makes it an ideal proving ground—breakdowns in any pillar surface quickly as stalled pull requests, skewed conference rosters, or talent attrition.</p>
<p><italic>Origin of this study.</italic> Preliminary findings were shared at PyData Global 2024 in the talk <italic>“The Missing 78 %”</italic> (5 Dec 2024). Feedback from that session—requests for actionable next steps—directly motivated formation of the <italic>IBM Women in AI (<abbrev alt="Women in AI">WAI</abbrev>) User Group</italic> two weeks later. The group now serves as a living laboratory to test <abbrev alt="Visibility–Invitation–Mechanism">VIM</abbrev>-aligned interventions, the results of which feed back into this paper.</p>
<p>A skewed contributor pool constrains cognitive diversity, perpetuates algorithmic bias, and threatens the sustainability of volunteer-driven projects. Gender-diverse technical teams outperform homogeneous teams on defect resolution, product novelty, and profitability (<xref ref-type="bibr" rid="ref-5">Lorenzo <italic>et al.</italic>, 2018</xref>; <xref ref-type="bibr" rid="ref-6">Díaz-García <italic>et al.</italic>, 2013</xref>; <xref ref-type="bibr" rid="ref-7">Fuentes-Fuentes <italic>et al.</italic>, 2023</xref>). Conversely, uniform developer cohorts embed discriminatory patterns into socio-technical artefacts—from résumé-screening engines to clinical devices (<xref ref-type="bibr" rid="ref-8">Desvaux <italic>et al.</italic>, 2007</xref>; <xref ref-type="bibr" rid="ref-4">Trinkenreich <italic>et al.</italic>, 2022</xref>).</p>
</sec>
<sec id="sec-3">
<label>1.2</label>
<title>Research Objectives and Questions</title>
<table-wrap id="table-1">
<label>Table 1:</label>
<caption>
<p>Research questions</p>
</caption>
<table>
<thead>
<tr><th>ID</th><th>Research question</th></tr>
</thead>
<tbody>
<tr><td><bold>RQ1 (Scale)</bold></td><td>How large is the gender gap in scientific-Python / data-science?</td></tr>
<tr><td><bold>RQ2 (Barriers)</bold></td><td>What systemic factors keep women out?</td></tr>
<tr><td><bold>RQ3 (Interventions)</bold></td><td>Which actions measurably close the gap?</td></tr>
<tr><td><bold>RQ4 (Translation)</bold></td><td>How can communities roll those actions out in practice?</td></tr>
</tbody>
</table>
</table-wrap>
</sec>
<sec id="sec-4">
<label>1.3</label>
<title>Methodological Overview</title>
<p>Our embedded case-study design enables triangulation of large-scale secondary data with fine-grained community observations. Quantitatively, we analyze membership counts, demographic self-report, and structured survey items to detect early engagement signals. Qualitatively, we code open-ended survey comments and the PyData talk transcript to surface emergent themes. This mixed-methods approach improves complementarity—numerical trends provide breadth, while narrative data add explanatory depth. Specifically, our datasets span December 2024-June2025: membership counts (n=40), survey responses from post launch members only (n=26 of 26, 100% response rate), and qualitative transcripts(n=60 comments).</p>
<p><italic>Ethical considerations.</italic> All <abbrev alt="Women in AI">WAI</abbrev> membership data are voluntary and stored under GDPR-compliant protocols. Identifiable information is aggregated or anonymized before analysis; gender and role fields are self-declared. The study received a low-risk determination from the IBM Research Ethics Committee (ID <abbrev alt="Women in AI">WAI</abbrev> 2025 04).</p>
<p>Secondary statistics are drawn from peer-reviewed literature and public dashboards <xref ref-type="table" rid="table-1">Table 1</xref> to locate the case in a broader empirical context.</p>
</sec>
<sec id="sec-5">
<label>1.4</label>
<title>Paper Structure</title>
<p><xref ref-type="sec" rid="sec-6">Section 2</xref> surveys the literature; <xref ref-type="sec" rid="sec-13">Section 3</xref> maps explanatory mechanisms; <xref ref-type="sec" rid="sec-15">Section 4</xref> details the case study; <xref ref-type="sec" rid="sec-21">Section 5</xref> synthesizes findings into the <abbrev alt="Visibility–Invitation–Mechanism">VIM</abbrev> roadmap; <xref ref-type="sec" rid="sec-34">Section 6</xref> outlines research and policy implications.</p>
<table-wrap id="table-2">
<label>Table 2:</label>
<caption>
<p>Snapshot of the Gap (latest available data)</p>
</caption>
<table>
<thead>
<tr><th>Domain</th><th>Women’s Share</th><th>Source</th></tr>
</thead>
<tbody>
<tr><td>GitHub Python core commits</td><td>2–3 %</td><td>(<xref ref-type="bibr" rid="ref-2">Rossi &amp; Zacchiroli, 2022</xref>)</td></tr>
<tr><td>Global AI workforce</td><td>22 %</td><td>(<xref ref-type="bibr" rid="ref-1">Boston Consulting Group, 2020</xref>)</td></tr>
<tr><td>US data-analytics roles</td><td>26 %</td><td>(<xref ref-type="bibr" rid="ref-13">Harnham, 2023</xref>)</td></tr>
</tbody>
</table>
</table-wrap>
</sec>
</sec>
<sec id="sec-6">
<label>2</label>
<title>Literature Review</title>
<p>This section synthesizes empirical findings on women’s underrepresentation in scientific-Python, open-source software (<abbrev alt="Open-Source Software">OSS</abbrev>), data science, and AI through the Visibility–Invitation–Mechanism (<abbrev alt="Visibility–Invitation–Mechanism">VIM</abbrev>) lens. We first quantify the gender gap (2.1), then unpack its systemic drivers (2.2), examine downstream impacts (2.3), review proven inclusion interventions (2.4), and finally position <abbrev alt="Visibility–Invitation–Mechanism">VIM</abbrev> relative to related frameworks (2.5).</p>
<sec id="sec-7">
<label>2.1</label>
<title>Participation Metrics</title>
<table-wrap id="table-3">
<label>Table 3:</label>
<caption>
<p>Women’s share across data/AI (latest)</p>
</caption>
<table>
<thead>
<tr><th>Segment (2024 unless noted)</th><th>Women %</th><th>Source</th></tr>
</thead>
<tbody>
<tr><td>Python core repository commits</td><td>2–3</td><td>(<xref ref-type="bibr" rid="ref-2">Rossi &amp; Zacchiroli, 2022</xref>)</td></tr>
<tr><td><abbrev alt="Open-Source Software">OSS</abbrev> contributors (≥ 10 commits)</td><td>5.4</td><td>(<xref ref-type="bibr" rid="ref-9">Idaho State University, 2023</xref>)</td></tr>
<tr><td>Global AI talent pool</td><td>22</td><td>(<xref ref-type="bibr" rid="ref-1">Boston Consulting Group, 2020</xref>)</td></tr>
<tr><td>US data-analytics roles</td><td>26</td><td>(<xref ref-type="bibr" rid="ref-13">Harnham, 2023</xref>)</td></tr>
<tr><td>STEM R&amp;D researchers (G20)</td><td>22</td><td>(<xref ref-type="bibr" rid="ref-10">UNESCO, 2024</xref>)</td></tr>
<tr><td>Nat-sci papers with ≥ 1 woman author (2025)</td><td>27</td><td>(<xref ref-type="bibr" rid="ref-11">Gender gap in research publishing is improving — slowly, 2025</xref>)</td></tr>
</tbody>
</table>
</table-wrap>
<p><italic>Pandemic years widened the publishing gap by <bold>7 pp</bold> (2019 → 2020) [13].</italic></p>
</sec>
<sec id="sec-8">
<label>2.2</label>
<title>Explanatory Factors</title>
<p>Underrepresentation arises from interlocking barriers:</p>
<list list-type="order">
<list-item>
<p><bold>Pipeline attrition</bold> – mentorship scarcity predicts lower retention (<xref ref-type="bibr" rid="ref-15">Dennehy &amp; Dasgupta, 2017</xref>).</p>
</list-item><list-item>
<p><bold>Gatekeeping</bold> – pull-request acceptance drops when gender is visible; review latency is 13 % higher for women (<xref ref-type="bibr" rid="ref-16">Terrell <italic>et al.</italic>, 2017</xref>; <xref ref-type="bibr" rid="ref-17">Sultana <italic>et al.</italic>, 2022</xref>).</p>
</list-item><list-item>
<p><bold>Psychological safety</bold> – 72 % of women in tech report “bro-culture” microaggressions (<xref ref-type="bibr" rid="ref-18">WomenTech Network, 2020</xref>).</p>
</list-item><list-item>
<p><bold>Time poverty</bold> – unpaid <abbrev alt="Open-Source Software">OSS</abbrev> labor conflicts with caregiving burdens (<xref ref-type="bibr" rid="ref-19">Gammage, 2019</xref>).</p>
</list-item><list-item>
<p><bold>Algorithmic bias</bold> – historic bias in training data propagates exclusion (<xref ref-type="bibr" rid="ref-20">Built In, 2024</xref>).</p>
</list-item>
</list>
</sec>
<sec id="sec-9">
<label>2.3</label>
<title>Outcome Differentials</title>
<list list-type="bullet">
<list-item>
<p><bold>Innovation:</bold> Gender-heterogeneous inventor teams achieve higher patent-citation impact (<xref ref-type="bibr" rid="ref-21">Maddi &amp; Gingras, 2020</xref>).</p>
</list-item><list-item>
<p><bold>Quality:</bold> No gender difference in Python code quality (PEP 8 compliance) (<xref ref-type="bibr" rid="ref-22">Brooke, 2023</xref>).</p>
</list-item><list-item>
<p><bold>Economics:</bold> Exec-level gender diversity → +25 % profitability premium; boards with ≥ 3 women → +66 % ROI (<xref ref-type="bibr" rid="ref-23">Hunt <italic>et al.</italic>, 2018</xref>; <xref ref-type="bibr" rid="ref-24">MSCI ESG Research, 2016</xref>).</p>
</list-item>
</list>
</sec>
<sec id="sec-10">
<label>2.4</label>
<title>Evidence on Effective Interventions</title>
<table-wrap id="table-4">
<label>Table 4:</label>
<caption>
<p>High-impact inclusion programs</p>
</caption>
<table>
<thead>
<tr><th>Initiative</th><th>Pillars</th><th>Key Features</th><th>Reported Outcomes</th></tr>
</thead>
<tbody>
<tr><td>NumFOCUS DISC / PyData</td><td>V, I</td><td>Scholarships; contributor leads</td><td>120 awards; CZI onboarding pipelines (<xref ref-type="bibr" rid="ref-25">PyData, 2024</xref>)</td></tr>
<tr><td>Ada Developers Academy</td><td>I, M</td><td>Tuition-free; paid internships</td><td>97 % grad rate; 94 % placement; 152 % salary uplift (<xref ref-type="bibr" rid="ref-26">CIO Magazine, 2021</xref>)</td></tr>
<tr><td>Outreachy</td><td>I, M</td><td>Paid <abbrev alt="Open-Source Software">OSS</abbrev> internships; one-on-one mentorship</td><td>92 % women interns; 64 % PoC (<xref ref-type="bibr" rid="ref-27">Outreachy, 2024</xref>)</td></tr>
<tr><td>TechWomen</td><td>V, I, M</td><td>Immersive mentorship</td><td>&gt; 80 % alumnæ mentor girls in STEM locally (<xref ref-type="bibr" rid="ref-28">Bureau of Educational,Cultural Affairs, 2020</xref>)</td></tr>
</tbody>
</table>
</table-wrap>
<p><italic>Proven programs hit multiple <abbrev alt="Visibility–Invitation–Mechanism">VIM</abbrev> pillars; integrated designs, paid stipends, and affinity networks drive the strongest, most sustained impact.</italic></p>
</sec>
<sec id="sec-11">
<label>2.5</label>
<title>Related Frameworks and Positioning of <abbrev alt="Visibility–Invitation–Mechanism">VIM</abbrev></title>
<p>Two lenses dominate inclusion work today: <bold>Communities of Practice (<abbrev alt="Communities of Practice">CoP</abbrev>)</bold> explains social learning but lacks structural fixes, while <bold>CHA<abbrev alt="Open-Source Software">OSS</abbrev> <abbrev alt="Diversity, Equity, and Inclusion">DEI</abbrev> Metrics</bold> supplies quantitative dashboards yet can slip into “checklist” mode. Our contribution, <bold>Visibility–Invitation–Mechanism (<abbrev alt="Visibility–Invitation–Mechanism">VIM</abbrev>)</bold>, blends <abbrev alt="Communities of Practice">CoP</abbrev>’s community focus with CHA<abbrev alt="Open-Source Software">OSS</abbrev>’s rigorous metrics <bold>and</bold> adds funded levers—mentorship stipends, “good-first-issue” curation—to turn insight into action.</p>
<table-wrap id="table-5">
<label>Table 5:</label>
<caption>
<p>Frameworks compared across five dimensions</p>
</caption>
<table>
<thead>
<tr><th>Framework</th><th>Social Dimension</th><th>Structural Dimension</th><th>Actionability</th><th>Metrics</th><th>Subjective Experience</th></tr>
</thead>
<tbody>
<tr><td><abbrev alt="Communities of Practice">CoP</abbrev></td><td>Strong</td><td>Weak</td><td>Moderate</td><td>Weak</td><td>Moderate</td></tr>
<tr><td>CHA<abbrev alt="Open-Source Software">OSS</abbrev> <abbrev alt="Diversity, Equity, and Inclusion">DEI</abbrev></td><td>Weak</td><td>Strong</td><td>Strong</td><td>Strong</td><td>Weak</td></tr>
<tr><td><bold><abbrev alt="Visibility–Invitation–Mechanism">VIM</abbrev></bold></td><td>Strong</td><td>Strong</td><td>Strong</td><td>Moderate</td><td>Strong</td></tr>
</tbody>
</table>
</table-wrap>
</sec>
<sec id="sec-12">
<label>2.6</label>
<title>Visual Illustrations</title>
<p>The following figures visually illustrate the conceptual synthesis <xref ref-type="fig" rid="figure-1">Figure 1</xref> and dimensional strengths [fig:dimensional] of the frameworks, offering both theoretical and practical comparisons.</p>
<fig id="figure-1">
<label>Figure 1:</label>
<caption>
<p>Conceptual synthesis. Venn diagram illustrating the conceptual overlap and synthesis of <abbrev alt="Communities of Practice">CoP</abbrev>, HA<abbrev alt="Open-Source Software">OSS</abbrev> <abbrev alt="Diversity, Equity, and Inclusion">DEI</abbrev>, and <abbrev alt="Visibility–Invitation–Mechanism">VIM</abbrev> frameworks, with <abbrev alt="Visibility–Invitation–Mechanism">VIM</abbrev> positioned at the intersection and extending beyond.</p>
</caption>
<graphic mimetype="image" mime-subtype="png" xlink:href="files/Venn_Diagram-5fd836cee902f0dd8a88982240bc1643.png"/>
</fig>
<fig id="figure-2">
<label>Figure 2:</label>
<caption>
<p>Dimensional strengths. Radar chart comparing <abbrev alt="Communities of Practice">CoP</abbrev>, CHA<abbrev alt="Open-Source Software">OSS</abbrev> <abbrev alt="Diversity, Equity, and Inclusion">DEI</abbrev>, and <abbrev alt="Visibility–Invitation–Mechanism">VIM</abbrev> across five inclusion dimensions: Social, Structural, Actionability, Metrics, and Subjective Experience.</p>
</caption>
<graphic mimetype="image" mime-subtype="png" xlink:href="files/spider-c5ba48cf4dab77c160d0150111ab35ac.png"/>
</fig>
</sec>
</sec>
<sec id="sec-13">
<label>3</label>
<title>Systemic Barriers</title>
<p>Five mutually reinforcing hurdles keep women from fully participating in scientific Python. Each erodes one or more pillars of the Visibility–Invitation–Mechanism (<abbrev alt="Visibility–Invitation–Mechanism">VIM</abbrev>) framework. These barriers mirror broader patterns in open-source participation, underscoring that the challenges are systematic rather than isolated.</p>
<table-wrap id="table-6">
<label>Table 6:</label>
<caption>
<p>How five barriers erode <abbrev alt="Visibility–Invitation–Mechanism">VIM</abbrev> pillars</p>
</caption>
<table>
<thead>
<tr><th>#</th><th>Barrier</th><th>Main <abbrev alt="Visibility–Invitation–Mechanism">VIM</abbrev> Pillar Hit</th><th>How it Shows Up (Metric)</th></tr>
</thead>
<tbody>
<tr><td>1</td><td>Pipeline attrition</td><td>Invitation</td><td>Women earn 20 % of OECD ICT degrees and hold 22 % of G20 STEM posts (<xref ref-type="bibr" rid="ref-1">Boston Consulting Group, 2020</xref>; <xref ref-type="bibr" rid="ref-10">UNESCO, 2024</xref>)</td></tr>
<tr><td>2</td><td>Gatekeeping</td><td>Visibility</td><td>Women’s PRs wait 13 % longer; acceptance drops if gender is visible (<xref ref-type="bibr" rid="ref-16">Terrell <italic>et al.</italic>, 2017</xref>; <xref ref-type="bibr" rid="ref-17">Sultana <italic>et al.</italic>, 2022</xref>)</td></tr>
<tr><td>3</td><td>Psychological-safety gaps</td><td>Visibility</td><td>72 % of women in tech report “bro culture” micro-aggressions (<xref ref-type="bibr" rid="ref-18">WomenTech Network, 2020</xref>)</td></tr>
<tr><td>4</td><td>Time and care load</td><td>Invitation</td><td>Women perform ~76 % of unpaid care, limiting volunteer contributions (<xref ref-type="bibr" rid="ref-29">Organisation for Economic Co-operation and Development, 2020</xref>)</td></tr>
<tr><td>5</td><td>Algorithmic feedback loops</td><td>Mechanism</td><td>60 % of audited tools downgrade résumés with female names (<xref ref-type="bibr" rid="ref-20">Built In, 2024</xref>)</td></tr>
</tbody>
</table>
</table-wrap>
<sec id="sec-14">
<label>3.1</label>
<title>Causal Chain</title>
<p>GitHub data on 600 k users show a loop: pipeline leaks shrink the pool of senior female reviewers → women’s PRs merge 13 % slower and quit sooner (18 % vs 35 % active after 10 yrs) → hiring algorithms see fewer female exemplars and keep filtering them out (<xref ref-type="bibr" rid="ref-2">Rossi &amp; Zacchiroli, 2022</xref>).</p>
</sec>
</sec>
<sec id="sec-15">
<label>4</label>
<title>Operationalizing the <abbrev alt="Visibility–Invitation–Mechanism">VIM</abbrev> Framework: The IBM Women in AI User Group</title>
<sec id="sec-16">
<label>4.1</label>
<title>From “The Missing 78 %” Talk to a Live Community</title>
<p>On 5 December 2024 at PyData Global, we presented “The Missing 78 %,” revealing that women represent only 22 % of AI professionals and &amp;lt; 3 % of core Python contributors. Audience demand for actionable next steps led to the rapid formation of the IBM Women in AI (<abbrev alt="Women in AI">WAI</abbrev>) User Group, founded two weeks later to put our Visibility–Invitation–Mechanism (<abbrev alt="Visibility–Invitation–Mechanism">VIM</abbrev>) framework into practice.</p>
<table-wrap id="table-7">
<label>Table 7:</label>
<caption>
<p>Phased Launch Timeline (Dec ’24–Mar ’25 → Mar ’25)</p>
</caption>
<table>
<thead>
<tr><th>Phase</th><th>Key Dates</th><th>Activities &amp; Metrics</th></tr>
</thead>
<tbody>
<tr><td>Soft Launch</td><td>16 Dec 2024 – 1 Mar 2025</td><td>Invite-only Slack/GitHub rehearsal; baseline survey (14/14 responses)</td></tr>
<tr><td>Public Launch</td><td>8 Mar 2025</td><td>LinkedIn + email: +21 sign ups (10% via LinkedIn)</td></tr>
<tr><td>Today</td><td/><td>39 Active Members; live lab for <abbrev alt="Visibility–Invitation–Mechanism">VIM</abbrev></td></tr>
</tbody>
</table>
</table-wrap>
</sec>
<sec id="sec-17">
<label>4.2</label>
<title>Phased Rollout &amp; Membership Growth</title>
<p>Membership grew from <bold>14</bold> (Soft Launch) to <bold>39</bold> (Public Launch) in one week—a <bold>124 % jump</bold>—demonstrating immediate interest. Importantly, retention was effectively 100% in the first month, with 85% of the members remaining active month-to-month. While this high rate may partly reflect the same sample size, it signals strong early commitment beyond the launch spike.</p>
<fig id="figure-3">
<alt-text>Bar chart showing WAI membership growth: 14 at soft launch, 39 at public launch</alt-text>
<graphic mimetype="image" mime-subtype="png" xlink:href="files/member_growth-1ddb8e18c8d61e5eeeedf4eeeebba3ce.png"/>
</fig>
</sec>
<sec id="sec-18">
<label>4.3</label>
<title>Member-Needs Survey: Shaping Python &amp; AI Offerings</title>
<p>In mid-March 2025, we surveyed all <bold>39</bold> <abbrev alt="Women in AI">WAI</abbrev> members (21 responses, 54 % response rate). Ranked priorities:</p>
<fig id="figure-4">
<alt-text>Bar chart of member priorities: 76 % workshops, 57 % mentorship, 24 % lightning talks, 19 % travel grants</alt-text>
<graphic mimetype="image" mime-subtype="png" xlink:href="files/Member Priority Char-355218ac71625fbd52718d64fc1f0f02.png"/>
</fig>
<p><bold>Key takeaways:</bold></p>
<list list-type="order">
<list-item>
<p><bold>Mechanism:</bold> 76 % want hands-on AI/Python labs</p>
</list-item><list-item>
<p><bold>Invitation:</bold> 57 % seek mentor pairs/peer networking</p>
</list-item><list-item>
<p><bold>Visibility:</bold> 24 % lightning talks; 19 % travel grants</p>
</list-item>
</list>
<p>These findings confirm a focus on <bold>Mechanism</bold>, <bold>Invitation</bold>, and <bold>Visibility</bold> in <abbrev alt="Women in AI">WAI</abbrev> programming.</p>
</sec>
<sec id="sec-19">
<label>4.4</label>
<title><abbrev alt="Visibility–Invitation–Mechanism">VIM</abbrev>-Aligned Program Mechanisms &amp; Phasing</title>
<p>Building on <abbrev alt="Visibility–Invitation–Mechanism">VIM</abbrev> and survey results, we distilled four initiatives. Each maps to Visibility (V), Invitation (I), and Mechanism (M), with timing, targets, and <xref ref-type="sec" rid="sec-21">Section 5</xref> linkage.</p>
<table-wrap id="table-8">
<label>Table 8:</label>
<caption>
<p>Phase-I rollout (Mar 2025 – Dec 2025) with Sec 5 links</p>
</caption>
<table>
<thead>
<tr><th>Initiative</th><th>Pillars</th><th>What Happens</th><th>Kick-off</th><th>Phase I Target</th><th>Sec 5 Action</th></tr>
</thead>
<tbody>
<tr><td>Applied Workshops</td><td>M</td><td>Monthly AI/Python labs</td><td>Sept ’25</td><td>6 sessions ≥ 70 % attendance</td><td><bold>A3</bold> A3</td></tr>
<tr><td>Mentor-Match 2.0</td><td>I</td><td>Bi-monthly mentor/mentee pairing</td><td>Oct ’25</td><td>10 active pairs</td><td><bold>A4</bold> (Sec 5.5)</td></tr>
<tr><td>Lightning-Talk Series</td><td>V</td><td>Quarterly 15 min talks (YouTube/blog)</td><td>Feb ’26</td><td>2 talks in H1 ’26</td><td><bold>A5</bold> (Sec 5.6)</td></tr>
<tr><td>Travel Grants Program</td><td>I, V</td><td>Micro-grants for conferences + post-trip share-out</td><td>Dec ’26</td><td>3 awards by Q1 ’26</td><td><bold>A5</bold> (Sec 5.6)</td></tr>
</tbody>
</table>
</table-wrap>
<p><bold>Legend:</bold> V = Visibility I = Invitation M = Mechanism</p>
<p><bold>Phasing rationale:</bold> Phase I programs launch in 2025–26, paced by member demand (76 % want hands-on labs; 57 % mentorship) and aim for six workshops, ten mentor pairs, two lightning talks, and three travel grants within 12 months.</p>
</sec>
<sec id="sec-20">
<label>4.5</label>
<title>Ongoing Evaluation &amp; Continuous Improvement</title>
<p><abbrev alt="Women in AI">WAI</abbrev> runs a <bold>quarterly scorecard + feedback loop</bold> to keep each pillar on track.</p>
<table-wrap id="table-9">
<label>Table 9:</label>
<caption>
<p>Core KPIs (captured quarterly)</p>
</caption>
<table>
<thead>
<tr><th>Dimension</th><th>Sample Metrics</th></tr>
</thead>
<tbody>
<tr><td>Engagement</td><td>Workshop attendance %; mentor-mentee check-ins; talk submissions</td></tr>
<tr><td>Contribution</td><td>First-time PRs; docs added; demo deployments</td></tr>
<tr><td>Equity</td><td>Speaker gender ratio; awardee demographics; cross-pillar participation</td></tr>
<tr><td>Retention</td><td>6- / 12-month churn; repeat event attendance</td></tr>
</tbody>
</table>
</table-wrap>
<p><bold>Qualitative channels:</bold> Post-event NPS surveys; Slack sentiment polls; biannual focus groups<bold>Improvement cycle:</bold> <italic>Action → Measure → Adapt</italic>—data triggers topic shifts, pairing tweaks, or grant-size recalibrations each quarter.</p>
<p><abbrev alt="Women in AI">WAI</abbrev>’s phased, member-driven rollout grew the group from 14 → 39 in six months, showing how <abbrev alt="Visibility–Invitation–Mechanism">VIM</abbrev>’s action-insight-adapt loop converts research into real impact.</p>
</sec>
</sec>
<sec id="sec-21">
<label>5</label>
<title>A Roadmap for Fostering Inclusion in Data, AI, and Open-Source Communities</title>
<p>(June 2025 – onward; builds directly on <xref ref-type="sec" rid="sec-15">Section 4</xref>’s Phase I pilots.)</p>
<p>The Visibility–Invitation–Mechanism framework—and its concrete realization via <abbrev alt="Women in AI">WAI</abbrev>’s four Phase I initiatives (<xref ref-type="sec" rid="sec-15">Section 4</xref>)—provides a scalable blueprint for closing the “Missing 78 %” gap <xref ref-type="sec" rid="sec-7">Section 2.1</xref>. To expand beyond <abbrev alt="Women in AI">WAI</abbrev>’s single-community proof of concept, we outline ten practical Actions. The first four mirror <abbrev alt="Women in AI">WAI</abbrev>’s Phase I pilots; the remaining six build on those foundations and stretch into broader partnerships, metrics, and shared learning.</p>
<sec id="sec-22">
<label>5.1</label>
<title>The Imperative for Systemic Change</title>
<p>Open-source AI and data projects power global innovation, yet women frequently represent fewer than 10 – 15 % of contributors—and far less among maintainers <xref ref-type="sec" rid="sec-7">Section 2.1</xref>. This imbalance risks embedding bias in critical technologies. Systemic, data-driven inclusion is a necessity, not a luxury.</p>
</sec>
<sec id="sec-23">
<label>5.2</label>
<title>Action 1: Develop and Distribute an Open Inclusion Toolkit</title>
<p>(Piloted in <abbrev alt="Women in AI">WAI</abbrev>: baseline survey instrument; CoC draft; best-practice templates—see <xref ref-type="sec" rid="sec-16">Section 4.1</xref> – <xref ref-type="sec" rid="sec-18">Section 4.3</xref>)</p>
<p><bold>Objective:</bold> Empower any Data/AI project with turnkey, research-informed resources to launch inclusion initiatives.<bold>Implementation:</bold></p>
<list list-type="order">
<list-item>
<p>GitHub toolkit repository containing:</p>
<list list-type="bullet">
<list-item>
<p>Sample Codes of Conduct (CoC) with enforcement guidance</p>
</list-item><list-item>
<p>Validated needs-assessment surveys (modeled on <abbrev alt="Women in AI">WAI</abbrev>’s baseline)</p>
</list-item><list-item>
<p>“Good first issue” annotation guidelines</p>
</list-item><list-item>
<p>Mentorship program blueprints (peer, group, one-on-one)</p>
</list-item><list-item>
<p>Metrics dashboards for attendance, engagement, and diversity</p>
</list-item>
</list>
</list-item><list-item>
<p>Community Contributions: Encourage maintainers to upload case studies, templates, and translations.<bold>Impact:</bold> Lowers the barrier for any Data/AI project to adopt evidence-based inclusion strategies (building on <abbrev alt="Women in AI">WAI</abbrev>’s early toolkit usage in <xref ref-type="sec" rid="sec-16">Section 4.1</xref>).</p>
</list-item>
</list>
</sec>
<sec id="sec-24">
<label>5.3</label>
<title>Action 2: Establish a “<abbrev alt="Visibility–Invitation–Mechanism">VIM</abbrev>-Ready” Project Index</title>
<p>(Piloted in <abbrev alt="Women in AI">WAI</abbrev>: Slack/GitHub onboarding guidelines; <abbrev alt="Women in AI">WAI</abbrev>’s own <abbrev alt="Visibility–Invitation–Mechanism">VIM</abbrev> alignment—see <xref ref-type="sec" rid="sec-19">Section 4.4</xref>.)</p>
<p><bold>Objective:</bold> Help underrepresented developers locate welcoming, well-supported open-source projects.<bold>Implementation:</bold></p>
<list list-type="bullet">
<list-item>
<p>Curated YAML registry of Data/AI repositories meeting minimum <abbrev alt="Visibility–Invitation–Mechanism">VIM</abbrev> criteria:</p>
<list list-type="bullet">
<list-item>
<p>Visibility: Clear, up-to-date documentation and contribution instructions</p>
</list-item><list-item>
<p>Invitation: Defined mentor contacts or newcomer liaisons</p>
</list-item><list-item>
<p>Mechanism: Enforced CoC and accessible grievance processes</p>
</list-item>
</list>
</list-item><list-item>
<p>Badge program: Offer a “<abbrev alt="Visibility–Invitation–Mechanism">VIM</abbrev>-Ready” badge for READMEs to signal inclusion readiness.<bold>Impact:</bold> Provides newcomers with trusted entry points and incentivizes projects to maintain inclusive standards.</p>
</list-item>
</list>
</sec>
<sec id="sec-25">
<label>5.4</label>
<title>Action 3: Coordinate Regular Inclusion &amp; Contribution Sprints</title>
<p>(<abbrev alt="Women in AI">WAI</abbrev> Pilot: “Applied Workshops,” Apr 2025 – Sep 2025; see <xref ref-type="sec" rid="sec-19">Section 4.4</xref>, Action 3 above.)</p>
<p><bold>Objective:</bold> Create low-barrier, supportive events that onboard new contributors to Data/AI projects.<bold>Implementation:</bold></p>
<list list-type="bullet">
<list-item>
<p>Quarterly virtual sprints focused on documentation, test coverage, and labeling “good first issues.”</p>
</list-item><list-item>
<p>Mentorship stations using the Open Inclusion Toolkit to pair volunteers with newcomers for real-time guidance.</p>
</list-item><list-item>
<p>Cross-project themes (e.g., accessibility improvements, tutorials, diversity data collection) to unify participation.<bold>Impact:</bold> Enables structured, supportive experiences that mirror <abbrev alt="Women in AI">WAI</abbrev>’s Applied Workshops in Phase I: immediate contributions, skill building, and community bonds.</p>
</list-item>
</list>
</sec>
<sec id="sec-26">
<label>5.5</label>
<title>Action 4: Forge Strategic Partnerships for Talent Development</title>
<p>(<abbrev alt="Women in AI">WAI</abbrev> Pilot: “Mentor-Match 2.0,” Jun 2025 – Sep 2025; see <xref ref-type="sec" rid="sec-19">Section 4.4</xref>, Action 4 above.)</p>
<p><bold>Objective:</bold> Build a multi-sector support network—industry, academia, nonprofits—to sustain diverse Data/AI talent pipelines.<bold>Implementation:</bold></p>
<list list-type="order">
<list-item>
<p>Industry Engagement: Encourage companies to:</p>
<list list-type="bullet">
<list-item>
<p>Sponsor open-source mentorship hours within employee volunteer programs</p>
</list-item><list-item>
<p>Offer internships/fellowships targeting inclusive project contributions</p>
</list-item><list-item>
<p>Publicize transparent pay and promotion practices rewarding community engagement</p>
</list-item>
</list>
</list-item><list-item>
<p>Academic Collaboration: Integrate open-source contributions and sprint participation into Data/AI curricula and capstone courses.</p>
</list-item><list-item>
<p>Nonprofit Synergy: Partner with PyLadies, R-Ladies, Black in AI, Data Umbrella, etc., for joint events, shared resources, and broader outreach.<bold>Impact:</bold> Replicates and scales <abbrev alt="Women in AI">WAI</abbrev>’s Mentor-Match 2.0, fostering supportive peer networks and professional development across the broader ecosystem.</p>
</list-item>
</list>
</sec>
<sec id="sec-27">
<label>5.6</label>
<title>Action 5: Champion Inclusive Community Events &amp; Conferences</title>
<p>(<abbrev alt="Women in AI">WAI</abbrev> Pilot: “Lightning-Talk Series,” Jul 2025 &amp; Oct 2025; see <xref ref-type="sec" rid="sec-19">Section 4.4</xref>, Action 5 above.)</p>
<p><bold>Objective:</bold> Transform Data/AI gatherings—online and in person—into welcoming, equitable forums that expand networks and skills.<bold>Implementation:</bold></p>
<list list-type="bullet">
<list-item>
<p>Travel grants &amp; childcare stipends to lower financial/logistical barriers for attendees.</p>
</list-item><list-item>
<p>Speaker diversity initiatives: Blind review, proactive recruitment of underrepresented speakers, and mentorship for first-time presenters.</p>
</list-item><list-item>
<p>Accessibility services: Captioning, sign-language interpretation, sensory-friendly spaces.</p>
</list-item><list-item>
<p>Inclusive networking: Structured mixers (e.g., speed mentoring), affinity-group meetups, facilitated small-group discussions.<bold>Impact:</bold> Mirrors <abbrev alt="Women in AI">WAI</abbrev>’s Lightning-Talk Series, providing underrepresented voices with visibility and real-world speaking experience.</p>
</list-item>
</list>
</sec>
<sec id="sec-28">
<label>5.7</label>
<title>Action 6: Adopt Ecosystem-Wide Inclusion Metrics</title>
<p>(<abbrev alt="Women in AI">WAI</abbrev> Pilot: Quarterly “Engagement/Contribution/Equity/Retention” metrics, Apr 2025 – ongoing; see <xref ref-type="sec" rid="sec-20">Section 4.5</xref>, Action 7 above.)</p>
<p><bold>Objective:</bold> Establish transparent benchmarks and accountability for inclusion efforts across projects and organizations.<bold>Implementation:</bold></p>
<list list-type="bullet">
<list-item>
<p>Inclusion scorecard capturing:</p>
<list list-type="bullet">
<list-item>
<p>Contributor demographics (voluntary, anonymized)</p>
</list-item><list-item>
<p>Time-to-first-contribution for newcomers</p>
</list-item><list-item>
<p>Gender/racial diversity in leadership and maintainers</p>
</list-item><list-item>
<p>Adoption of <abbrev alt="Visibility–Invitation–Mechanism">VIM</abbrev>-Ready practices</p>
</list-item>
</list>
</list-item><list-item>
<p>Public reporting: Encourage quarterly publication of scorecards—progress, challenges, next steps.<bold>Impact:</bold> Shifts inclusion from a “nice to have” to a measurable shared responsibility—mirroring <abbrev alt="Women in AI">WAI</abbrev>’s own quarterly metrics cycle.</p>
</list-item>
</list>
</sec>
<sec id="sec-29">
<label>5.8</label>
<title>Action 7: Cultivate Shared Learning &amp; Iteration</title>
<p>(<abbrev alt="Women in AI">WAI</abbrev> Pilot: Biannual focus groups and post-event surveys, Apr 2025 – ongoing; see <xref ref-type="sec" rid="sec-20">Section 4.5</xref>.)</p>
<p><bold>Objective:</bold> Keep inclusion strategies adaptive by surfacing lessons learned and evolving best practices in real time.<bold>Implementation:</bold></p>
<list list-type="bullet">
<list-item>
<p>Case study repository: Aggregate anonymized program results (surveys, attendance, qualitative feedback) into the Open Inclusion Toolkit.</p>
</list-item><list-item>
<p>Annual “Inclusion in Data/AI” symposiums: Community leaders share innovations, pitfalls, and emerging tools.</p>
</list-item><list-item>
<p>Meta-mentorship for maintainers: Train project leads on fostering inclusive cultures, conflict resolution, and data-driven decisions.<bold>Impact:</bold> Transforms the ecosystem into a living lab—continuously improving and sharing effective inclusion tactics, just as <abbrev alt="Women in AI">WAI</abbrev>’s feedback loops did.</p>
</list-item>
</list>
</sec>
<sec id="sec-30">
<label>5.9</label>
<title>Community Participation &amp; Contribution Paths</title>
<p>(Built on <abbrev alt="Women in AI">WAI</abbrev>’s pilot projects in <xref ref-type="sec" rid="sec-19">Section 4.4</xref>; expanded for general audience.)</p>
<p>To transform strategy into action, provide women—and all newcomers—with clear, ready-to-use entry points. Below is a curated list of repositories actively seeking diverse contributors, all with beginner-friendly labels and inclusive cultures:</p>
<table>
<thead>
<tr><th>Project</th><th>Highlights</th></tr>
</thead>
<tbody>
<tr><td>NumPy</td><td>“good first issue” labels; active “NumPy Mentors” channel; quarterly newcomer sprints (Action 3 pilot).</td></tr>
<tr><td>scikit-learn</td><td>“help-wanted” board; monthly contributor office hours; automated CoC enforcement via CLA bot (Action 1 pilot).</td></tr>
<tr><td>Pandas-GUI</td><td>“easy” label for UI bugs; rotating time-zone community calls; explicit mentorship contacts (Action 4 pilot).</td></tr>
<tr><td>TensorFlow Docs</td><td>Documentation sprints; onboards 20+ first-time writers/year; CoC with ombudsperson (Action 1 &amp; 7 pilot).</td></tr>
<tr><td>MLFinLab</td><td>Financial-ML library with “newcomer track”; pair-programming sessions; inclusive commit guidelines (Action 3 pilot).</td></tr>
</tbody>
</table>
<p><bold>Why it matters:</bold> By spotlighting repositories that adopt <abbrev alt="Visibility–Invitation–Mechanism">VIM</abbrev>-Ready practices, we lower intimidation and accelerate skill development, just as <abbrev alt="Women in AI">WAI</abbrev>’s own pilots did <xref ref-type="sec" rid="sec-15">Section 4</xref>.</p>
</sec>
<sec id="sec-31">
<label>5.10</label>
<title>Partner Companies &amp; Organizations</title>
<p>(Scaling <abbrev alt="Women in AI">WAI</abbrev>’s pilot partnerships from <xref ref-type="sec" rid="sec-19">Section 4.4</xref> into a broad coalition.)</p>
<p>IBM’s <abbrev alt="Visibility–Invitation–Mechanism">VIM</abbrev>-driven launch is evolving into an industry-wide inclusion platform. Early adopters and committed partners include:</p>
<table>
<thead>
<tr><th>Company/Org</th><th>Commitment</th></tr>
</thead>
<tbody>
<tr><td>IBM</td><td>Host <abbrev alt="Women in AI">WAI</abbrev> User Group; maintain open-source toolkit; link inclusion work to internal recognition and compensation.</td></tr>
<tr><td>Google (OSPO)</td><td>Co-host quarterly sprints; integrate the inclusion toolkit into Google’s Open-Source Programs Office.</td></tr>
<tr><td>Microsoft</td><td>Launch “Women in AI + .NET” mentorship cycles; publish a multi-tenant inclusion dashboard; provide PyCon travel grants.</td></tr>
<tr><td>NumFOCUS</td><td>Embed “<abbrev alt="Visibility–Invitation–Mechanism">VIM</abbrev>-Ready” badge across PyData, Dask, FastAPI ecosystems; coordinate cross-project onboarding sprints.</td></tr>
<tr><td>Intel</td><td>Sponsor “Inclusion in AI” webinars; provide hardware stipends for workshop participants.</td></tr>
</tbody>
</table>
<p><bold>Scaling tip:</bold> Establish an Inclusion Council—a rotating committee of HR, open-source program leads, and community managers from each partner—to share governance, coordinate metrics, and drive cross-company accountability (Action 4 scaled).</p>
</sec>
<sec id="sec-32">
<label>5.11</label>
<title>Projects &amp; Communities Adopting <abbrev alt="Visibility–Invitation–Mechanism">VIM</abbrev> Practices</title>
<p>(Demonstrating <xref ref-type="sec" rid="sec-15">Section 4</xref>’s impact beyond <abbrev alt="Women in AI">WAI</abbrev>.)</p>
<p>Several Data/AI communities have already piloted <abbrev alt="Visibility–Invitation–Mechanism">VIM</abbrev>-aligned elements. Sharing these success stories inspires others and illustrates best practices:</p>
<table>
<thead>
<tr><th>Project/Community</th><th>Adoption</th></tr>
</thead>
<tbody>
<tr><td>R-Ladies (global)</td><td>Forked CoC templates; labeled 37 “good first issues” during Feb 2024 sprint; peer-led mentor groups (Action 1 &amp; 3 pilot).</td></tr>
<tr><td>Black in AI</td><td>Deployed <abbrev alt="Women in AI">WAI</abbrev>’s baseline survey for their 2025 mentorship cohort; published anonymized findings in Jun 2025 (Action 2 pilot).</td></tr>
<tr><td>PyData Global</td><td>Introduced “<abbrev alt="Visibility–Invitation–Mechanism">VIM</abbrev>-Ready” badge for accepted talks; prioritized first-time speakers in 2025 CFP round (Action 5 pilot).</td></tr>
<tr><td>SciPy</td><td>Added “newcomer hours” in Jun 2025 mini-summit; tracked diversity metrics in all session lists (Action 6 pilot).</td></tr>
<tr><td>Data Umbrella</td><td>Incorporated inclusion dashboard into volunteer onboarding; automated “welcome guide” distribution (Action 7 pilot).</td></tr>
</tbody>
</table>
<p><bold>Next steps:</bold> Encourage each adopter to submit a brief case study (2 – 3 slides) on their experience—tools used, challenges, and impact metrics—so we can refine the toolkit further (feeds back into Action 1 &amp; 7).</p>
</sec>
<sec id="sec-33">
<label>5.12</label>
<title>Feasibility and Time Horizons</title>
<p>While all seven actions are critical, they differ in feasibility and time horizon:</p>
<list list-type="bullet">
<list-item>
<p><bold>Short-term / Plug-and-play (0–6 months):</bold> Actions 1, 3, and 5 can be implemented quickly with existing templates and event formats.</p>
</list-item><list-item>
<p><bold>Medium-term / Community strengthening (6–18 months):</bold> Actions 2, 6, and 7 require coordination and adoption cycles but provide self-sustaining feedback once established.</p>
</list-item><list-item>
<p><bold>Long-term / Institutional support (18+ months):</bold> Action 4 requires sustained buy-in across industry, academia, and nonprofits to scale impact.</p>
</list-item>
</list>
</sec>
</sec>
<sec id="sec-34">
<label>6</label>
<title>Conclusion and Future Directions</title>
<p>This final section synthesizes the primary contributions of our study, offering a thorough reflection on the methodological innovations employed, the constraints encountered during the research, and comprehensively lays out a forward-looking agenda designed to guide future research and practice in fostering inclusive digital communities. We conclude by presenting concrete implications derived from our findings and issuing a collective call to action, urging stakeholders to collaboratively drive sustained and meaningful inclusion within Data, AI, and open-source communities worldwide.</p>
<sec id="sec-35">
<label>6.1</label>
<title>Key Findings</title>
<list list-type="bullet">
<list-item>
<p><bold>Scale of the Gap</bold>: The research reaffirms that women consistently make up only about 22% of AI professionals and a starkly lower figure of under 3% of core Python contributors. This persistent “Missing 78%” signifies not just a numerical disparity but also represents a vast, largely untapped reservoir of expertise, diverse creativity, and significant economic value that remains unrealized.</p>
</list-item><list-item>
<p><bold><abbrev alt="Visibility–Invitation–Mechanism">VIM</abbrev> Framework Effectiveness:</bold> The study demonstrates that coordinating strategic efforts across Visibility initiatives (such as lightning talks to showcase emerging talent and inclusion dashboards to track progress), Invitation mechanisms (like the Mentor-Match program and the curation of “good first issues” for newcomers), and Mechanism enablers (including hands-on technical workshops and the consistent enforcement of Codes of Conduct) can rapidly bootstrap engagement and foster a welcoming environment. The <abbrev alt="Women in AI">WAI</abbrev> User Group’s notable growth from an initial 14 foundational members to 39 active participants within a brief three-month period vividly exemplifies this powerful synergy and the framework’s potential.</p>
</list-item><list-item>
<p><bold>Data-Driven Alignment:</bold> Our Member-Needs Survey, which achieved a robust 54% response rate, provided crucial insights, confirming that a significant 76% of members prioritize applied, hands-on workshops, and 57% value mentorship opportunities. Importantly, the survey also revealed that even lower-ranked visibility activities, such as lightning talks and micro-grants for conference participation, deliver outsized benefits in terms of boosting member confidence and significantly enhancing their professional profile building.</p>
</list-item><list-item>
<p><bold>Ecosystem Leverage:</bold> The engagement of early partners—including prominent organizations like IBM, Google OSPO, Microsoft, NumFOCUS, and Intel—powerfully demonstrates that an open, multi-tenant toolkit and a shared recognition model can effectively scale best practices far beyond individual organizational boundaries. This collaborative approach accelerates collective progress by fostering a shared learning environment and standardizing effective inclusion strategies.</p>
</list-item>
</list>
</sec>
<sec id="sec-36">
<label>6.2</label>
<title>Novel Methodology</title>
<list list-type="bullet">
<list-item>
<p>Integrated Mixed Methods: A key methodological innovation was the combination of large-scale secondary data analyses (including GitHub commit histories and broad workforce surveys) with rich, community-level qualitative and quantitative data (derived from Airtable questionnaires, Slack communication logs, and detailed event metrics). This integrated approach allowed the study to achieve both the breadth necessary for generalizable insights and the depth required for nuanced understanding of community dynamics.</p>
</list-item><list-item>
<p>Operationalization of <abbrev alt="Visibility–Invitation–Mechanism">VIM</abbrev>: By systematically sequencing pillar-specific pilots within the <abbrev alt="Visibility–Invitation–Mechanism">VIM</abbrev> framework—each validated through iterative feedback loops with the community and tracked via quantitative scorecards—we successfully forged a replicable playbook. This playbook can now be adopted and adapted by other communities seeking to implement similar evidence-based inclusion strategies.</p>
</list-item><list-item>
<p>Rapid Research-Into-Action Cycle: The ability to convert audience questions and identified needs at the PyData Global conference into a fully functioning inclusion incubator, the <abbrev alt="Women in AI">WAI</abbrev> User Group, merely two weeks later vividly illustrates an agile, impact-oriented scholarship model. This model prioritizes timely intervention and practical application of research findings to address pressing community challenges effectively.</p>
</list-item>
</list>
</sec>
<sec id="sec-37">
<label>6.3</label>
<title>Limitations</title>
<list list-type="bullet">
<list-item>
<p>Cohort Size &amp; Diversity: With an initial 39 members, the <abbrev alt="Women in AI">WAI</abbrev> User Group’s cohort provides meaningful early signals and qualitative insights; however, achieving broader generalizability across different types of communities and diverse geographical regions will necessitate studies involving larger and more varied samples.</p>
</list-item><list-item>
<p>Short-Term Evaluation: The study’s six-month evaluation horizon effectively captures rapid initial growth and high levels of member satisfaction but, by its nature, does not yet measure crucial long-term outcomes such as sustained retention rates, member promotion trajectories, or tangible salary impacts over extended periods.</p>
</list-item><list-item>
<p>Self-Selection Bias: It is acknowledged that early adopters of new initiatives like <abbrev alt="Women in AI">WAI</abbrev> are often highly motivated and enthusiastic individuals. This inherent self-selection bias may inflate initial engagement and satisfaction metrics relative to what might be observed in a broader, less self-selected population, a factor to consider when interpreting the early results.</p>
</list-item><list-item>
<p>Contextual Dependencies: The <abbrev alt="Women in AI">WAI</abbrev> User Group significantly leverages IBM’s existing platforms, established resources, and brand recognition. Consequently, community-driven initiatives or smaller-scale projects attempting to replicate these efforts may need to carefully adapt recommendations, particularly those around compensation linkages and substantial infrastructure investments, to suit their unique contexts and available resources.</p>
</list-item>
</list>
</sec>
<sec id="sec-38">
<label>6.4</label>
<title>Future Research Agenda</title>
<list list-type="bullet">
<list-item>
<p>Longitudinal Career Tracking: Future efforts should monitor <abbrev alt="Women in AI">WAI</abbrev> alumni and <abbrev alt="Visibility–Invitation–Mechanism">VIM</abbrev>-Ready contributors over an extended period of 1–3 years to rigorously assess the long-term impacts of participation on key career indicators such as job promotions, salary increases, academic publication records, and continued engagement in open-source software participation. This will provide deeper insights into the sustained value of <abbrev alt="Visibility–Invitation–Mechanism">VIM</abbrev> interventions.</p>
</list-item><list-item>
<p>Cross-Ecosystem Replication: It is important to test and refine the <abbrev alt="Visibility–Invitation–Mechanism">VIM</abbrev> framework in adjacent technical domains—including burgeoning fields like DevOps, cloud-native development, data visualization, and the scientific R programming community—to validate the relevance of its core pillars and to surface any necessary domain-specific adaptations for optimal effectiveness.</p>
</list-item><list-item>
<p>AI-Enabled Personalization: The development of ML-driven tools presents an exciting opportunity to optimize mentor-mentee pairing (e.g., through advanced skill clustering, granular interest matching, and personality compatibility assessments) and to build predictive models that can identify early disengagement risks among members, thereby enabling proactive and targeted interventions.</p>
</list-item><list-item>
<p>Deep Qualitative Studies: There is a need to conduct in-depth ethnographic and interview-based research to carefully unpack how micro-cultural factors within communities (such as the sense of identity safety, the prevalence and impact of microaggressions, and implicit biases) interact with structural <abbrev alt="Visibility–Invitation–Mechanism">VIM</abbrev> interventions, informing more nuanced and culturally sensitive Mechanism designs.</p>
</list-item><list-item>
<p>Compensation &amp; Incentives Experiments: Future research should pilot and rigorously evaluate various financial reward structures—such as direct stipends, integration of inclusion work into performance bonuses, and targeted micro-grants for contributions—to precisely quantify their effects on sustained member participation, individual and team performance, and overall equity outcomes within communities.</p>
</list-item>
</list>
</sec>
<sec id="sec-39">
<label>6.5</label>
<title>Implications for Maintainers and Organizations</title>
<list list-type="bullet">
<list-item>
<p><bold>Open-Source Maintainers:</bold></p>
<list list-type="bullet">
<list-item>
<p>Visibility: Actively adopt “<abbrev alt="Visibility–Invitation–Mechanism">VIM</abbrev>-Ready” badges to signal an inclusive environment, consistently curate “good first issues” specifically for newcomers, and make it a practice to spotlight newcomer success stories in release notes and community communications to foster encouragement and role modeling.</p>
</list-item><list-item>
<p>Invitation: Offer regular, accessible office hours for Q&amp;A, establish peer-mentorship circles to provide support, and implement automated welcome bots to streamline initial interactions and significantly reduce onboarding friction for new members.</p>
</list-item><list-item>
<p>Mechanism: Clearly articulate and consistently enforce an accessible Code of Conduct; further, appoint an independent ombudsperson or a neutral third-party for conflict resolution and transparently share summaries of incident resolutions to build and maintain community trust.</p>
</list-item>
</list>
</list-item><list-item>
<p><bold>Corporate Stakeholders:</bold></p>
<list list-type="bullet">
<list-item>
<p>Performance &amp; Compensation: Formally integrate inclusion-related contributions into employee performance evaluations—awarding tangible career credit, corresponding merit increases, and financial bonuses for activities such as workshop leadership, active mentorship, and valuable open-source software contributions. This signals that such work is valued.</p>
</list-item><list-item>
<p>Resource Allocation: Actively sponsor multi-tenant inclusion councils that span across departments or even companies, provide necessary resources like cloud credits or hardware stipends for contributors, and fund cross-company sprints or hackathons focused on inclusion to effectively lower financial and logistical barriers to participation.</p>
</list-item><list-item>
<p>Transparency &amp; Accountability: Commit to publishing quarterly inclusion dashboards that benchmark <abbrev alt="Visibility–Invitation–Mechanism">VIM</abbrev>-aligned metrics (e.g., diversity in leadership, contributor engagement from underrepresented groups) against peer organizations or industry standards to foster healthy competition, shared accountability, and collective learning across the ecosystem.</p>
</list-item>
</list>
</list-item><list-item>
<p><bold>Academic &amp; Nonprofit Partners:</bold></p>
<list list-type="bullet">
<list-item>
<p>Curriculum Integration: Proactively embed open-source contribution projects, the use of inclusion toolkits, and active participation in community sprints directly into Data Science and AI courses, as well as capstone projects, to strategically align academic skill acquisition with real-world impact and collaborative practices.</p>
</list-item><list-item>
<p>Joint Programming: Collaborate with community-focused nonprofits (e.g., PyLadies, R-Ladies, Black in AI, and similar organizations) to co-market and co-host inclusion sprints, workshops, and events, thereby maximizing outreach to diverse talent pools and optimizing the sharing of valuable resources.</p>
</list-item><list-item>
<p>Funding &amp; Fellowship: Establish and offer targeted scholarships and internship fellowships that are explicitly tied to contributions to open-source software and demonstrated leadership in inclusion initiatives, thereby directly linking academic credentials and opportunities with meaningful community engagement and impact.</p>
</list-item>
</list>
</list-item>
</list>
</sec>
</sec>
<sec id="sec-40">
<label>7</label>
<title>Call to Action</title>
<p>The challenge posed by the “Missing 78%” is not an insurmountable or permanent void but rather a compelling call to action—an opportunity to mobilize our collective expertise, supportive structures, and sustained willpower to effect lasting change. We invite all stakeholders—individuals, communities, corporations, and institutions—to actively participate in this transformation:</p>
<list list-type="bullet">
<list-item>
<p><bold>Adopt &amp; Contribute to the Toolkit:</bold> Fork the Open Inclusion Toolkit available on GitHub, thoughtfully tailor it to your specific organizational or community context, and importantly, share back any enhancements made—such as new survey instruments, improved onboarding guides, or refinements to codes of conduct—to benefit the wider ecosystem.</p>
</list-item><list-item>
<p><bold>Display the “<abbrev alt="Visibility–Invitation–Mechanism">VIM</abbrev>-Ready” Badge:</bold> By displaying this badge, signal clearly to diverse contributors that your project or organization demonstrably meets established inclusive standards across visibility, invitation, and mechanism pillars, doing so in a transparent and verifiable manner that builds confidence.</p>
</list-item><list-item>
<p><bold>Join the Inclusion Council:</bold> Become an active part of a rotating, cross-company and cross-community consortium. This council will play a key role in governing shared inclusion metrics, coordinating collaborative sprints, and broadly amplifying success stories to inspire wider adoption of best practices.</p>
</list-item><list-item>
<p><bold>Host or Participate in Sprints:</bold> Commit to organizing or participating in regular quarterly inclusion sprints, dedicated mentorship days, and engaging lightning-talk events—these can be held either within your own community or in broader collaboration with other organizations to maximize impact and knowledge sharing.</p>
</list-item><list-item>
<p><bold>Publish Your Metrics &amp; Case Studies:</bold> Transparently report your organization’s or community’s inclusion scorecards and provide detailed, honest reflections on what strategies worked, what didn’t, and the lessons learned along the way, thereby enriching the shared evidence base for effective inclusion practices.</p>
</list-item>
</list>
<p>Together, by systematically and thoughtfully weaving the principles of Visibility, Invitation, and Mechanism (<abbrev alt="Visibility–Invitation–Mechanism">VIM</abbrev>) into every layer of the Data, AI, and open-source ecosystems—from the daily practices of individual contributors to the strategic imperatives of global corporations—we can collectively strive to turn the “Missing 78%” not just into a closed gap, but into a historic and sustained overrepresentation of diverse, empowered innovators who are driving ethical, robust, and equitable technologies forward for the benefit of all.</p>
</sec>
</body>
<back>
<ref-list>
<ref id="ref-2">
<element-citation publication-type="journal">
<article-title>Worldwide gender differences in public code contributions</article-title>
<person-group person-group-type="author">
<name><surname>Rossi</surname><given-names>Davide</given-names></name>
<name><surname>Zacchiroli</surname><given-names>Stefano</given-names></name>
</person-group><source>arXiv</source><year iso-8601-date="2022">2022</year></element-citation>
</ref>
<ref id="ref-1">
<element-citation publication-type="report">
<article-title>What’s keeping women out of data science?</article-title>
<person-group person-group-type="author">
<name><surname>Boston Consulting Group</surname></name>
</person-group><year iso-8601-date="2020">2020</year></element-citation>
</ref>
<ref id="ref-3">
<element-citation publication-type="webpage">
<article-title>Women in Data Science and AI</article-title>
<person-group person-group-type="author">
<name><surname>The Alan Turing Institute</surname></name>
</person-group><year iso-8601-date="2024">2024</year></element-citation>
</ref>
<ref id="ref-5">
<element-citation publication-type="report">
<article-title>How Diverse Leadership Teams Boost Innovation</article-title>
<person-group person-group-type="author">
<name><surname>Lorenzo</surname><given-names>Rocío</given-names></name>
<name><surname>Voigt</surname><given-names>Nicole</given-names></name>
<name><surname>Tsusaka</surname><given-names>Mitsuru</given-names></name>
<name><surname>Krentz</surname><given-names>Matt</given-names></name>
<name><surname>Abouzahr</surname><given-names>Kabir</given-names></name>
</person-group><year iso-8601-date="2018">2018</year></element-citation>
</ref>
<ref id="ref-6">
<element-citation publication-type="journal">
<article-title>Gender Diversity within R&amp;D Teams: Its Impact on Radicalness of Innovation</article-title>
<person-group person-group-type="author">
<name><surname>Díaz-García</surname><given-names>Cristina</given-names></name>
<name><surname>González-Moreno</surname><given-names>Ángela</given-names></name>
<name><surname>Sáez-Martínez</surname><given-names>Francisco J.</given-names></name>
</person-group><source>Innovation: Management, Policy &amp; Practice</source><year iso-8601-date="2013">2013</year><pub-id pub-id-type="doi">10.5172/impp.2013.15.2.149</pub-id><volume>15</volume><issue>2</issue><fpage>149</fpage><lpage>160</lpage></element-citation>
</ref>
<ref id="ref-7">
<element-citation publication-type="journal">
<article-title>Gender Diversity, Inclusive Innovation and Firm Performance</article-title>
<person-group person-group-type="author">
<name><surname>Fuentes-Fuentes</surname><given-names>María M.</given-names></name>
<name><surname>Bojica</surname><given-names>Ana M.</given-names></name>
<name><surname>Ruiz-Arroyo</surname><given-names>María</given-names></name>
</person-group><source>Sustainable Development</source><year iso-8601-date="2023">2023</year><pub-id pub-id-type="doi">10.1002/sd.2615</pub-id><volume>31</volume><issue>5</issue><fpage>3622</fpage><lpage>3638</lpage></element-citation>
</ref>
<ref id="ref-8">
<element-citation publication-type="report">
<article-title>Women Matter: Gender Diversity, a Corporate Performance Driver</article-title>
<person-group person-group-type="author">
<name><surname>Desvaux</surname><given-names>Georges</given-names></name>
<name><surname>Devillard</surname><given-names>Sandrine</given-names></name>
<name><surname>Sancier-Sultan</surname><given-names>Sandra</given-names></name>
</person-group><year iso-8601-date="2007">2007</year></element-citation>
</ref>
<ref id="ref-4">
<element-citation publication-type="journal">
<article-title>Pots of Gold at the End of the Rainbow: What is Success for Open Source Contributors?</article-title>
<person-group person-group-type="author">
<name><surname>Trinkenreich</surname><given-names>Bianca</given-names></name>
<name><surname>Guizani</surname><given-names>Mariam</given-names></name>
<name><surname>Wiese</surname><given-names>Igor</given-names></name>
<name><surname>Conte</surname><given-names>Tayana</given-names></name>
<name><surname>Gerosa</surname><given-names>Marco</given-names></name>
<name><surname>Sarma</surname><given-names>Anita</given-names></name>
<name><surname>Steinmacher</surname><given-names>Igor</given-names></name>
</person-group><source>IEEE Transactions on Software Engineering</source><year iso-8601-date="2022">2022</year><pub-id pub-id-type="doi">10.1109/TSE.2021.3108032</pub-id><volume>48</volume><issue>10</issue><fpage>3940</fpage><lpage>3953</lpage></element-citation>
</ref>
<ref id="ref-13">
<element-citation publication-type="report">
<article-title>Diversity in Data Report</article-title>
<person-group person-group-type="author">
<name><surname>Harnham</surname></name>
</person-group><year iso-8601-date="2023">2023</year></element-citation>
</ref>
<ref id="ref-9">
<element-citation publication-type="webpage">
<article-title>1 in 20 Programmers on Open-Source Software Projects Are Women, ISU Study Says</article-title>
<person-group person-group-type="author">
<name><surname>Idaho State University</surname></name>
</person-group><year iso-8601-date="2023">2023</year></element-citation>
</ref>
<ref id="ref-10">
<element-citation publication-type="webpage">
<article-title>G20: UNESCO Calls for Greater Gender Equality in Science</article-title>
<person-group person-group-type="author">
<name><surname>UNESCO</surname></name>
</person-group><year iso-8601-date="2024">2024</year></element-citation>
</ref>
<ref id="ref-11">
<element-citation publication-type="journal">
<article-title>Gender gap in research publishing is improving — slowly</article-title>
<source>Nature</source><year iso-8601-date="2025">2025</year><pub-id pub-id-type="doi">10.1038/d41586-025-00553-x</pub-id></element-citation>
</ref>
<ref id="ref-15">
<element-citation publication-type="journal">
<article-title>Female Peer Mentors Early in College Increase Women's Positive Academic Experiences and Retention in Engineering</article-title>
<person-group person-group-type="author">
<name><surname>Dennehy</surname><given-names>Tara C.</given-names></name>
<name><surname>Dasgupta</surname><given-names>Nilanjana</given-names></name>
</person-group><source>Proceedings of the National Academy of Sciences</source><year iso-8601-date="2017">2017</year><pub-id pub-id-type="doi">10.1073/pnas.1613117114</pub-id><volume>114</volume><issue>23</issue><fpage>5964</fpage><lpage>5969</lpage></element-citation>
</ref>
<ref id="ref-16">
<element-citation publication-type="journal">
<article-title>Gender Bias in Open Source: Pull Request Acceptance of Women Versus Men</article-title>
<person-group person-group-type="author">
<name><surname>Terrell</surname><given-names>Josh</given-names></name>
<name><surname>Kofink</surname><given-names>Andrew</given-names></name>
<name><surname>Middleton</surname><given-names>Justin</given-names></name>
<name><surname>Rainear</surname><given-names>Corey</given-names></name>
<name><surname>Murphy-Hill</surname><given-names>Emerson</given-names></name>
<name><surname>Parnin</surname><given-names>Chris</given-names></name>
<name><surname>Stallings</surname><given-names>Julia</given-names></name>
</person-group><source>PeerJ Computer Science</source><year iso-8601-date="2017">2017</year><pub-id pub-id-type="doi">10.7717/peerj-cs.111</pub-id><volume>3</volume><fpage>e111</fpage></element-citation>
</ref>
<ref id="ref-17">
<element-citation publication-type="journal">
<article-title>Code Reviews in Open Source Projects: How Do Gender Biases Affect Participation and Outcomes?</article-title>
<person-group person-group-type="author">
<name><surname>Sultana</surname><given-names>Syeda</given-names></name>
<name><surname>Turzo</surname><given-names>AKM</given-names></name>
<name><surname>Bosu</surname><given-names>Amiangshu</given-names></name>
</person-group><source>arXiv</source><year iso-8601-date="2022">2022</year></element-citation>
</ref>
<ref id="ref-18">
<element-citation publication-type="webpage">
<article-title>Women in Tech Stats 2025</article-title>
<person-group person-group-type="author">
<name><surname>WomenTech Network</surname></name>
</person-group><year iso-8601-date="2020">2020</year></element-citation>
</ref>
<ref id="ref-19">
<element-citation publication-type="journal">
<article-title>Gender Equality and the Costs of Unpaid Caregiving</article-title>
<person-group person-group-type="author">
<name><surname>Gammage</surname><given-names>Sarah</given-names></name>
</person-group><source>IMF Finance &amp; Development</source><year iso-8601-date="2019">2019</year></element-citation>
</ref>
<ref id="ref-20">
<element-citation publication-type="webpage">
<article-title>AI Bias: What It Is and How to Prevent It</article-title>
<person-group person-group-type="author">
<name><surname>Built In</surname></name>
</person-group><year iso-8601-date="2024">2024</year></element-citation>
</ref>
<ref id="ref-21">
<element-citation publication-type="journal">
<article-title>Gender Diversity in Research Teams and Citation Impact in Economics and Management</article-title>
<person-group person-group-type="author">
<name><surname>Maddi</surname><given-names>Alberto</given-names></name>
<name><surname>Gingras</surname><given-names>Yves</given-names></name>
</person-group><source>arXiv</source><year iso-8601-date="2020">2020</year></element-citation>
</ref>
<ref id="ref-22">
<element-citation publication-type="journal">
<article-title>Programmed Differently? Testing for Gender Differences in Python Code Quality</article-title>
<person-group person-group-type="author">
<name><surname>Brooke</surname><given-names>Stuart</given-names></name>
</person-group><source>Journal of Computer‐Mediated Communication</source><year iso-8601-date="2023">2023</year><pub-id pub-id-type="doi">10.1093/jcmc/zmad049</pub-id><volume>29</volume><issue>1</issue><fpage>zmad049</fpage></element-citation>
</ref>
<ref id="ref-23">
<element-citation publication-type="report">
<article-title>Delivering Through Diversity</article-title>
<person-group person-group-type="author">
<name><surname>Hunt</surname><given-names>Vivian</given-names></name>
<name><surname>Prince</surname><given-names>Sara</given-names></name>
<name><surname>Dixon‐Fyle</surname><given-names>Sundiatu</given-names></name>
<name><surname>Yee</surname><given-names>Lareina</given-names></name>
</person-group><year iso-8601-date="2018">2018</year></element-citation>
</ref>
<ref id="ref-24">
<element-citation publication-type="report">
<article-title>The Tipping Point: Women on Boards and Financial Performance</article-title>
<year iso-8601-date="2016">2016</year></element-citation>
</ref>
<ref id="ref-25">
<element-citation publication-type="webpage">
<article-title>Diversity Scholarships</article-title>
<person-group person-group-type="author">
<name><surname>PyData</surname></name>
</person-group><year iso-8601-date="2024">2024</year></element-citation>
</ref>
<ref id="ref-26">
<element-citation publication-type="webpage">
<article-title>Ada Developers Academy: A No-Cost Career Program that Aims to Diversify IT</article-title>
<person-group person-group-type="author">
<name><surname>CIO Magazine</surname></name>
</person-group><year iso-8601-date="2021">2021</year></element-citation>
</ref>
<ref id="ref-27">
<element-citation publication-type="webpage">
<article-title>Internships Supporting Diversity in Tech</article-title>
<person-group person-group-type="author">
<name><surname>Outreachy</surname></name>
</person-group><year iso-8601-date="2024">2024</year></element-citation>
</ref>
<ref id="ref-28">
<element-citation publication-type="report">
<article-title>Evaluation Report: TechWomen</article-title>
<year iso-8601-date="2020">2020</year></element-citation>
</ref>
<ref id="ref-29">
<element-citation publication-type="report">
<article-title>Unpaid Care Work: The Missing Link in Gender Equality</article-title>
<person-group person-group-type="author">
<name><surname>Organisation for Economic Co-operation and Development</surname></name>
</person-group><year iso-8601-date="2020">2020</year><pub-id pub-id-type="doi">10.1787/1f3fd03f-en</pub-id></element-citation>
</ref>
</ref-list>
</back>
</article>
