<?xml version="1.0" encoding="UTF-8"?>
<!DOCTYPE article PUBLIC "-//NLM//DTD JATS (Z39.96) Journal Archiving and Interchange DTD with MathML3 v1.3 20210610//EN" "http://jats.nlm.nih.gov/publishing/1.3/JATS-archivearticle1-3-mathml3.dtd">
<article xmlns:mml="http://www.w3.org/1998/Math/MathML" xmlns:xlink="http://www.w3.org/1999/xlink" xmlns:xsi="http://www.w3.org/2001/XMLSchema-instance" xmlns:ali="http://www.niso.org/schemas/ali/1.0/" dtd-version="1.3" xml:lang="en" id="main">
<front>
<article-meta>
<article-id pub-id-type="doi">10.25080/uaha7744</article-id>
<title-group>
<article-title>OptiMask: Efficiently Finding the Largest NaN-Free Submatrix</article-title>
</title-group>
<contrib-group>
<contrib contrib-type="author" corresp="yes">
<contrib-id contrib-id-type="orcid">https://orcid.org/0009-0002-8362-8313</contrib-id>
<name name-style="western"><surname>Joly</surname><given-names>Cyril</given-names></name>
<xref ref-type="aff" rid="aff-1"/>
<email>cyril.joly@airparif.fr</email>
</contrib>
</contrib-group>
<aff id="aff-1">
<institution-wrap>
<institution>Airparif</institution>
</institution-wrap>
</aff>
<fpage>67</fpage><lpage>74</lpage>
<permissions>
<ali:free_to_read/>
<license xlink:href="https://creativecommons.org/licenses/by/4.0/">
<ali:license_ref>https://creativecommons.org/licenses/by/4.0/</ali:license_ref>
<license-p>This is an open access article distributed under the terms of the <ext-link ext-link-type="uri" xlink:href="http://creativecommons.org/licenses/by/4.0/">Creative Commons Attribution License</ext-link>, which permits unrestricted use, distribution, and reproduction in any medium, provided the original author and source are credited.</license-p>
</license>
</permissions>
<abstract>
<p>When working with tabular data, many processes cannot handle missing values. While imputation strategies are commonly used, another approach is to extract a <abbrev alt="Not a Number">NaN</abbrev>-free submatrix. Simply dropping every row or column containing <abbrev alt="Not a Number">NaN</abbrev> values can drastically reduce the dataset, potentially leaving no usable data. OptiMask is a heuristic designed to solve the following optimization problem: identifying the submatrix of maximum size (in terms of the number of elements) without missing values. This submatrix is composed of rows and columns that are not necessarily contiguous in the original data. OptiMask determines the sets of rows and columns to remove from the input matrix, providing either an exact or near-optimal submatrix.</p>
</abstract>
<kwd-group>
<kwd>Optimization</kwd>
<kwd>Missing data</kwd>
<kwd>Machine Learning</kwd>
</kwd-group>
</article-meta>
</front>
<body>
<sec id="sec-1">
<label>1</label>
<title>Introduction</title>
<p>Missing data is a common challenge in data analysis, often represented as <abbrev alt="Not a Number">NaN</abbrev> (Not a Number) values in matrices or DataFrames.
Many algorithms and statistical methods require complete datasets, necessitating effective handling of missing values (<xref ref-type="bibr" rid="ref-1">Little &amp; Rubin, 2019</xref>; <xref ref-type="bibr" rid="ref-2">Rubin, 2004</xref>).
Traditional approaches include imputation (replacing missing values with estimates) and complete-case analysis (discarding rows/columns with any <abbrev alt="Not a Number">NaN</abbrev>) (<xref ref-type="bibr" rid="ref-3">Schafer, 1997</xref>; <xref ref-type="bibr" rid="ref-4">Van Buuren, 2018</xref>).
However, imputation can introduce bias (<xref ref-type="bibr" rid="ref-5">White <italic>et al.</italic>, 2011</xref>), while complete-case analysis may discard excessive data, especially when missing values are evenly distributed (<xref ref-type="bibr" rid="ref-6">Enders, 2010</xref>).</p>
<p>An alternative strategy is to identify the largest possible <abbrev alt="Not a Number">NaN</abbrev>-free submatrix, while preserving as much of the original, unaltered data as possible. This reduces to an optimization task: remove the minimal set of rows and columns to yield a <abbrev alt="Not a Number">NaN</abbrev>-free submatrix of maximum size.</p>
<p>This problem is computationally challenging, as the search space grows exponentially with the number of rows and columns containing <abbrev alt="Not a Number">NaN</abbrev>.
Exact solutions (e.g., linear programming) guarantee optimality but are prohibitively expensive for large matrices.</p>
<p>Heuristic methods like OptiMask provide near-optimal solutions efficiently.
OptiMask iteratively permutes rows and columns to isolate <abbrev alt="Not a Number">NaN</abbrev> values along a frontier, simplifying the search for the largest contiguous <abbrev alt="Not a Number">NaN</abbrev>-free submatrix.
By combining randomization with multiple restarts, it reliably finds high-quality solutions.
This paper explores the OptiMask algorithm, theoretical foundations, and practical performance across diverse datasets, including large and structured matrices. It also discusses the <monospace>optimask</monospace> Python package (<ext-link ext-link-type="uri" xlink:href="https://pypi.org/project/optimask/">https://pypi.org/project/optimask/</ext-link>), which enables applying the algorithm to matrix-like data structures popular with Python programmers.</p>
</sec>
<sec id="sec-2">
<label>2</label>
<title>Problem Formalization and Challenges</title>
<sec id="sec-3">
<label>2.1</label>
<title>Mathematical Definition</title>
<p>Given an <inline-formula><alternatives><mml:math display="inline"><mml:mi>m</mml:mi><mml:mo>×</mml:mo><mml:mi>n</mml:mi></mml:math><tex-math><![CDATA[m \times n]]></tex-math></alternatives></inline-formula> matrix <inline-formula><alternatives><mml:math display="inline"><mml:mi>A</mml:mi></mml:math><tex-math><![CDATA[A]]></tex-math></alternatives></inline-formula> with missing values (<abbrev alt="Not a Number">NaN</abbrev>), the goal is to find:</p>
<list list-type="bullet">
<list-item>
<p>A subset of rows <inline-formula><alternatives><mml:math display="inline"><mml:mi mathvariant="script">R</mml:mi><mml:mo>⊆</mml:mo><mml:mo stretchy="false">{</mml:mo><mml:mn>1</mml:mn><mml:mo separator="true">,</mml:mo><mml:mo>…</mml:mo><mml:mo separator="true">,</mml:mo><mml:mi>m</mml:mi><mml:mo stretchy="false">}</mml:mo></mml:math><tex-math><![CDATA[\mathcal{R} \subseteq \{1, \dots, m\}]]></tex-math></alternatives></inline-formula> and columns <inline-formula><alternatives><mml:math display="inline"><mml:mi mathvariant="script">C</mml:mi><mml:mo>⊆</mml:mo><mml:mo stretchy="false">{</mml:mo><mml:mn>1</mml:mn><mml:mo separator="true">,</mml:mo><mml:mo>…</mml:mo><mml:mo separator="true">,</mml:mo><mml:mi>n</mml:mi><mml:mo stretchy="false">}</mml:mo></mml:math><tex-math><![CDATA[\mathcal{C} \subseteq \{1, \dots, n\}]]></tex-math></alternatives></inline-formula> such that the submatrix <inline-formula><alternatives><mml:math display="inline"><mml:mi>A</mml:mi><mml:mo stretchy="false">[</mml:mo><mml:mi mathvariant="script">R</mml:mi><mml:mo separator="true">,</mml:mo><mml:mi mathvariant="script">C</mml:mi><mml:mo stretchy="false">]</mml:mo></mml:math><tex-math><![CDATA[A[\mathcal{R}, \mathcal{C}]]]></tex-math></alternatives></inline-formula> contains no <abbrev alt="Not a Number">NaN</abbrev> values.</p>
</list-item><list-item>
<p>The solution maximizing the size <inline-formula><alternatives><mml:math display="inline"><mml:mi mathvariant="normal">∣</mml:mi><mml:mi mathvariant="script">R</mml:mi><mml:mi mathvariant="normal">∣</mml:mi><mml:mo>×</mml:mo><mml:mi mathvariant="normal">∣</mml:mi><mml:mi mathvariant="script">C</mml:mi><mml:mi mathvariant="normal">∣</mml:mi></mml:math><tex-math><![CDATA[|\mathcal{R}| \times |\mathcal{C}|]]></tex-math></alternatives></inline-formula> of the submatrix.</p>
</list-item>
</list>
</sec>
<sec id="sec-4">
<label>2.2</label>
<title>The Fundamental Trade-off</title>
<p>When handling missing values in a matrix, we must decide whether to remove affected rows, columns, or a combination of both. The optimal choice depends on the matrix’s dimensions and the distribution of <abbrev alt="Not a Number">NaN</abbrev> values:</p>
<list list-type="order">
<list-item>
<p><bold>Toy Example</bold>:</p>
<list list-type="bullet">
<list-item>
<p>In <bold>tall matrices</bold> (rows &gt; columns), removing a problematic <bold>row</bold> typically preserves more data.</p>
</list-item><list-item>
<p>In <bold>wide matrices</bold> (columns &gt; rows), removing an affected <bold>column</bold> is usually preferable.</p>
</list-item>
</list>
<fig id="figure-1">
<caption>
<p>In this toy example, removing the row with the two <abbrev alt="Not a Number">NaN</abbrev>s yields a larger submatrix (11x5) than removing the two columns, which results in a smaller submatrix (12x3) from the original 12x5 matrix.</p>
</caption>
<alt-text>Data to process</alt-text>
<graphic mimetype="image" mime-subtype="png" xlink:href="files/at_hand_two-7b4b934f9cc841bbbc015c559afede89.png"/>
</fig>
</list-item><list-item>
<p><bold>Generalizing the Intuition</bold>:
The toy example suggests a greedy heuristic:</p>
<list list-type="bullet">
<list-item>
<p>If a row contains many <abbrev alt="Not a Number">NaN</abbrev>s, removing that single row may be better than removing all corresponding columns (which could discard more data).</p>
</list-item><list-item>
<p>Conversely, if a column contains many <abbrev alt="Not a Number">NaN</abbrev>s, removing it might be better than eliminating all affected rows.</p>
</list-item>
</list>
</list-item><list-item>
<p><bold>Complex Cases Require a Systematic Approach</bold>:</p>
<list list-type="bullet">
<list-item>
<p>When <abbrev alt="Not a Number">NaN</abbrev>s are spread across both rows and columns, the optimal solution isn’t obvious. Sometimes, the best solution involves a mix of row and column removals.</p>
</list-item><list-item>
<p>This necessitates an algorithmic strategy to maximize the preserved submatrix.</p>
</list-item>
</list>
</list-item>
</list>
</sec>
<sec id="sec-5">
<label>2.3</label>
<title>Linear Programming Formulation</title>
<p>The problem can be formulated using integer linear programming (<xref ref-type="bibr" rid="ref-7">Wolsey, 2020</xref>), defining decision variables for removing rows, columns, and individual cells, subject to constraints ensuring all <abbrev alt="Not a Number">NaN</abbrev> values are handled.
The objective is to minimize the total number of effectively removed cells, equivalent to maximizing the area of the remaining <abbrev alt="Not a Number">NaN</abbrev>-free submatrix.</p>
<p><bold>Given:</bold></p>
<list list-type="bullet">
<list-item>
<p>A matrix <inline-formula><alternatives><mml:math display="inline"><mml:mi>A</mml:mi></mml:math><tex-math><![CDATA[A]]></tex-math></alternatives></inline-formula> of shape <inline-formula><alternatives><mml:math display="inline"><mml:mi>m</mml:mi><mml:mo>×</mml:mo><mml:mi>n</mml:mi></mml:math><tex-math><![CDATA[m \times n]]></tex-math></alternatives></inline-formula> with elements <inline-formula><alternatives><mml:math display="inline"><mml:msub><mml:mi>a</mml:mi><mml:mrow><mml:mi>i</mml:mi><mml:mo separator="true">,</mml:mo><mml:mi>j</mml:mi></mml:mrow></mml:msub></mml:math><tex-math><![CDATA[a_{i,j}]]></tex-math></alternatives></inline-formula>.</p>
</list-item><list-item>
<p>Decision variables for <inline-formula><alternatives><mml:math display="inline"><mml:mi>i</mml:mi><mml:mo>∈</mml:mo><mml:mo stretchy="false">{</mml:mo><mml:mn>1</mml:mn><mml:mo separator="true">,</mml:mo><mml:mo>…</mml:mo><mml:mo separator="true">,</mml:mo><mml:mi>m</mml:mi><mml:mo stretchy="false">}</mml:mo></mml:math><tex-math><![CDATA[i \in \{1, \dots, m\}]]></tex-math></alternatives></inline-formula> and <inline-formula><alternatives><mml:math display="inline"><mml:mi>j</mml:mi><mml:mo>∈</mml:mo><mml:mo stretchy="false">{</mml:mo><mml:mn>1</mml:mn><mml:mo separator="true">,</mml:mo><mml:mo>…</mml:mo><mml:mo separator="true">,</mml:mo><mml:mi>n</mml:mi><mml:mo stretchy="false">}</mml:mo></mml:math><tex-math><![CDATA[j \in \{1, \dots, n\}]]></tex-math></alternatives></inline-formula>:</p>
<list list-type="bullet">
<list-item>
<p><inline-formula><alternatives><mml:math display="inline"><mml:msub><mml:mi>r</mml:mi><mml:mi>i</mml:mi></mml:msub><mml:mo>∈</mml:mo><mml:mo stretchy="false">{</mml:mo><mml:mn>0</mml:mn><mml:mo separator="true">,</mml:mo><mml:mn>1</mml:mn><mml:mo stretchy="false">}</mml:mo></mml:math><tex-math><![CDATA[r_i \in \{0,1\}]]></tex-math></alternatives></inline-formula>: 1 if row <inline-formula><alternatives><mml:math display="inline"><mml:mi>i</mml:mi></mml:math><tex-math><![CDATA[i]]></tex-math></alternatives></inline-formula> is removed, 0 otherwise.</p>
</list-item><list-item>
<p><inline-formula><alternatives><mml:math display="inline"><mml:msub><mml:mi>c</mml:mi><mml:mi>j</mml:mi></mml:msub><mml:mo>∈</mml:mo><mml:mo stretchy="false">{</mml:mo><mml:mn>0</mml:mn><mml:mo separator="true">,</mml:mo><mml:mn>1</mml:mn><mml:mo stretchy="false">}</mml:mo></mml:math><tex-math><![CDATA[c_j \in \{0,1\}]]></tex-math></alternatives></inline-formula>: 1 if column <inline-formula><alternatives><mml:math display="inline"><mml:mi>j</mml:mi></mml:math><tex-math><![CDATA[j]]></tex-math></alternatives></inline-formula> is removed, 0 otherwise.</p>
</list-item><list-item>
<p><inline-formula><alternatives><mml:math display="inline"><mml:msub><mml:mi>e</mml:mi><mml:mrow><mml:mi>i</mml:mi><mml:mo separator="true">,</mml:mo><mml:mi>j</mml:mi></mml:mrow></mml:msub><mml:mo>∈</mml:mo><mml:mo stretchy="false">{</mml:mo><mml:mn>0</mml:mn><mml:mo separator="true">,</mml:mo><mml:mn>1</mml:mn><mml:mo stretchy="false">}</mml:mo></mml:math><tex-math><![CDATA[e_{i,j} \in \{0,1\}]]></tex-math></alternatives></inline-formula>: 1 if cell <inline-formula><alternatives><mml:math display="inline"><mml:mo stretchy="false">(</mml:mo><mml:mi>i</mml:mi><mml:mo separator="true">,</mml:mo><mml:mi>j</mml:mi><mml:mo stretchy="false">)</mml:mo></mml:math><tex-math><![CDATA[(i,j)]]></tex-math></alternatives></inline-formula> is effectively removed (i.e., part of a removed row or column), 0 otherwise.</p>
</list-item>
</list>
</list-item>
</list>
<p><bold>Constraints:</bold></p>
<p>For all <inline-formula><alternatives><mml:math display="inline"><mml:mi>i</mml:mi><mml:mo>∈</mml:mo><mml:mo stretchy="false">{</mml:mo><mml:mn>1</mml:mn><mml:mo separator="true">,</mml:mo><mml:mo>…</mml:mo><mml:mo separator="true">,</mml:mo><mml:mi>m</mml:mi><mml:mo stretchy="false">}</mml:mo></mml:math><tex-math><![CDATA[i \in \{1, \dots, m\}]]></tex-math></alternatives></inline-formula> and <inline-formula><alternatives><mml:math display="inline"><mml:mi>j</mml:mi><mml:mo>∈</mml:mo><mml:mo stretchy="false">{</mml:mo><mml:mn>1</mml:mn><mml:mo separator="true">,</mml:mo><mml:mo>…</mml:mo><mml:mo separator="true">,</mml:mo><mml:mi>n</mml:mi><mml:mo stretchy="false">}</mml:mo></mml:math><tex-math><![CDATA[j \in \{1, \dots, n\}]]></tex-math></alternatives></inline-formula>:</p>
<list list-type="bullet">
<list-item>
<p>If <inline-formula><alternatives><mml:math display="inline"><mml:msub><mml:mi>a</mml:mi><mml:mrow><mml:mi>i</mml:mi><mml:mo separator="true">,</mml:mo><mml:mi>j</mml:mi></mml:mrow></mml:msub></mml:math><tex-math><![CDATA[a_{i,j}]]></tex-math></alternatives></inline-formula> is <abbrev alt="Not a Number">NaN</abbrev>, then <inline-formula><alternatives><mml:math display="inline"><mml:msub><mml:mi>e</mml:mi><mml:mrow><mml:mi>i</mml:mi><mml:mo separator="true">,</mml:mo><mml:mi>j</mml:mi></mml:mrow></mml:msub><mml:mo>=</mml:mo><mml:mn>1</mml:mn></mml:math><tex-math><![CDATA[e_{i,j} = 1]]></tex-math></alternatives></inline-formula>.</p>
</list-item><list-item>
<p><inline-formula><alternatives><mml:math display="inline"><mml:msub><mml:mi>r</mml:mi><mml:mi>i</mml:mi></mml:msub><mml:mo>+</mml:mo><mml:msub><mml:mi>c</mml:mi><mml:mi>j</mml:mi></mml:msub><mml:mo>≥</mml:mo><mml:msub><mml:mi>e</mml:mi><mml:mrow><mml:mi>i</mml:mi><mml:mo separator="true">,</mml:mo><mml:mi>j</mml:mi></mml:mrow></mml:msub></mml:math><tex-math><![CDATA[r_i + c_j \geq e_{i,j}]]></tex-math></alternatives></inline-formula>.</p>
</list-item><list-item>
<p><inline-formula><alternatives><mml:math display="inline"><mml:msub><mml:mi>e</mml:mi><mml:mrow><mml:mi>i</mml:mi><mml:mo separator="true">,</mml:mo><mml:mi>j</mml:mi></mml:mrow></mml:msub><mml:mo>≥</mml:mo><mml:msub><mml:mi>r</mml:mi><mml:mi>i</mml:mi></mml:msub></mml:math><tex-math><![CDATA[e_{i,j} \geq r_i]]></tex-math></alternatives></inline-formula>.</p>
</list-item><list-item>
<p><inline-formula><alternatives><mml:math display="inline"><mml:msub><mml:mi>e</mml:mi><mml:mrow><mml:mi>i</mml:mi><mml:mo separator="true">,</mml:mo><mml:mi>j</mml:mi></mml:mrow></mml:msub><mml:mo>≥</mml:mo><mml:msub><mml:mi>c</mml:mi><mml:mi>j</mml:mi></mml:msub></mml:math><tex-math><![CDATA[e_{i,j} \geq c_j]]></tex-math></alternatives></inline-formula>.</p>
</list-item>
</list>
<p><bold>Objective Function:</bold></p>
<p>Minimize the total number of effectively removed cells:</p>
<disp-formula id="eq-1">
<alternatives><mml:math display="block"><mml:mi>min</mml:mi><mml:mo>⁡</mml:mo><mml:munderover><mml:mo>∑</mml:mo><mml:mrow><mml:mi>i</mml:mi><mml:mo>=</mml:mo><mml:mn>1</mml:mn></mml:mrow><mml:mi>m</mml:mi></mml:munderover><mml:munderover><mml:mo>∑</mml:mo><mml:mrow><mml:mi>j</mml:mi><mml:mo>=</mml:mo><mml:mn>1</mml:mn></mml:mrow><mml:mi>n</mml:mi></mml:munderover><mml:msub><mml:mi>e</mml:mi><mml:mrow><mml:mi>i</mml:mi><mml:mo separator="true">,</mml:mo><mml:mi>j</mml:mi></mml:mrow></mml:msub></mml:math><tex-math><![CDATA[\min \sum_{i=1}^{m} \sum_{j=1}^{n} e_{i,j}]]></tex-math></alternatives>
<label>(1)</label>
</disp-formula>
<p>This formulation can be solved using integer linear programming solvers (e.g., GLPK (<xref ref-type="bibr" rid="ref-8">Makhorin, 2012</xref>), Gurobi (<xref ref-type="bibr" rid="ref-9">Gurobi Optimization, LLC, 2023</xref>), CPLEX (<xref ref-type="bibr" rid="ref-10">IBM ILOG CPLEX, 2009</xref>)), often interfaced via modeling languages like Pyomo (<xref ref-type="bibr" rid="ref-11">Hart <italic>et al.</italic>, 2011</xref>) or PuLP (<xref ref-type="bibr" rid="ref-12">Mitchell <italic>et al.</italic>, 2011</xref>) in Python for data science practitioners.
However, its primary disadvantage is computational cost: for an <inline-formula><alternatives><mml:math display="inline"><mml:mi>m</mml:mi><mml:mo>×</mml:mo><mml:mi>n</mml:mi></mml:math><tex-math><![CDATA[m \times n]]></tex-math></alternatives></inline-formula> matrix, the formulation uses <inline-formula><alternatives><mml:math display="inline"><mml:mi>m</mml:mi><mml:mo>×</mml:mo><mml:mi>n</mml:mi><mml:mo>+</mml:mo><mml:mi>m</mml:mi><mml:mo>+</mml:mo><mml:mi>n</mml:mi></mml:math><tex-math><![CDATA[m \times n + m + n]]></tex-math></alternatives></inline-formula> binary variables, which becomes prohibitive for large matrices.</p>
</sec>
</sec>
<sec id="sec-6">
<label>3</label>
<title>Algorithm</title>
<p>OptiMask is a heuristic designed to provide near-approximations of the optimal solutions to the problem.
The core idea is to compute row and column permutations such that the search for the largest non-contiguous <abbrev alt="Not a Number">NaN</abbrev>-free submatrix reduces to finding a contiguous one.</p>
<sec id="sec-7">
<label>3.1</label>
<title>Core Approach</title>
<fig id="figure-2">
<caption>
<p>An example 40x30 matrix, containing 63 missing values, illustrating the algorithm’s steps. Grey cells represent missing values.</p>
</caption>
<alt-text>Data to process</alt-text>
<graphic mimetype="image" mime-subtype="png" xlink:href="files/algo_data-a759915dc19c07c74514b52111a9ca0c.png"/>
</fig>
<p>OptiMask employs an iterative permutation-based algorithm to identify the largest <abbrev alt="Not a Number">NaN</abbrev>-free submatrix through these key steps:</p>
<list list-type="order">
<list-item>
<p><bold>Problem Reduction</bold>:</p>
<list list-type="bullet">
<list-item>
<p>Isolate rows and columns containing at least one <abbrev alt="Not a Number">NaN</abbrev> value (rows or columns without <abbrev alt="Not a Number">NaN</abbrev>s are preserved, as there is no reason to remove them).</p>
</list-item><list-item>
<p>Create a boolean mask matrix where True represents <abbrev alt="Not a Number">NaN</abbrev> positions.</p>
</list-item>
</list>
</list-item><list-item>
<p><bold>Frontier Detection</bold>:</p>
<list list-type="bullet">
<list-item>
<p>Compute <monospace>hx</monospace>: column-wise, <abbrev alt="Not a Number">NaN</abbrev> cell with highest row index (i.e., furthest bottom).</p>
</list-item><list-item>
<p>Compute <monospace>hy</monospace>: row-wise rightmost <abbrev alt="Not a Number">NaN</abbrev> index (from the left).</p>
</list-item><list-item>
<p>These define the current “<abbrev alt="Not a Number">NaN</abbrev> frontier” of the matrix.</p>
</list-item>
</list>
<fig id="figure-3">
<caption>
<p>Steps #1 and #2: isolating the 33 rows and 27 columns with <abbrev alt="Not a Number">NaN</abbrev>s and computing <monospace>hx</monospace> and <monospace>hy</monospace>.</p>
</caption>
<alt-text>Step #1 and #2</alt-text>
<graphic mimetype="image" mime-subtype="png" xlink:href="files/algo_0-9c441acfd33e129aa8b3f126425b4d3f.png"/>
</fig>
</list-item><list-item>
<p><bold>Permutation Phase</bold>:</p>
<list list-type="bullet">
<list-item>
<p>Alternately sort rows and columns to push <abbrev alt="Not a Number">NaN</abbrev> values toward a Pareto frontier.</p>
</list-item><list-item>
<p>Even iterations: Sort columns by descending <monospace>hx</monospace>.</p>
</list-item><list-item>
<p>Odd iterations: Sort rows by descending <monospace>hy</monospace>.</p>
</list-item><list-item>
<p>Track all permutations applied during this process.</p>
</list-item><list-item>
<p>Repeat until both <monospace>hx</monospace> and <monospace>hy</monospace> form non-increasing sequences, indicating an optimal <abbrev alt="Not a Number">NaN</abbrev> frontier.</p>
</list-item>
</list>
<fig id="figure-4">
<caption>
<p>Three alternate permutations lead to a Pareto frontier of <abbrev alt="Not a Number">NaN</abbrev>s.</p>
</caption>
<alt-text>Permutation steps</alt-text>
<graphic mimetype="image" mime-subtype="png" xlink:href="files/algo_iterations-a16500282657bfcb9f222eb788af5fde.png"/>
</fig>
</list-item><list-item>
<p><bold>Submatrix Extraction</bold>:</p>
<list list-type="bullet">
<list-item>
<p>Identify the largest contiguous <abbrev alt="Not a Number">NaN</abbrev>-free rectangle in the permuted space.</p>
</list-item>
</list>
<fig id="figure-5">
<caption>
<p>OptiMask result in permuted space: the black-dotted rectangles are candidates for the largest contiguous <abbrev alt="Not a Number">NaN</abbrev>-free submatrix, with the red-dotted one selected for its maximal area.</p>
</caption>
<alt-text>OptiMask result in permuted space</alt-text>
<graphic mimetype="image" mime-subtype="png" xlink:href="files/algo_result_permuted-35aedf4ef8c99cb91605792958841c5c.png"/>
</fig>
<list list-type="bullet">
<list-item>
<p>Apply inverse permutations to map back to original row/column indices.</p>
</list-item>
</list>
<fig id="figure-6">
<caption>
<p>OptiMask result: grey indicates missing values, red indicates removed rows and columns, blue marks the computed <abbrev alt="Not a Number">NaN</abbrev>-free submatrix.
The algorithm computes a 27x17 submatrix, whereas discarding every row with <abbrev alt="Not a Number">NaN</abbrev> would result in a 7x30 submatrix, and discarding every column with <abbrev alt="Not a Number">NaN</abbrev> would yield a 40x3 submatrix.</p>
</caption>
<alt-text>OptiMask result</alt-text>
<graphic mimetype="image" mime-subtype="png" xlink:href="files/algo_result-bd917a6ad6823be2412f1ae1a684e263.png"/>
</fig>
</list-item>
</list>
</sec>
</sec>
<sec id="sec-8">
<label>4</label>
<title>Python Package</title>
<p>A Python implementation of the algorithm is available on PyPI (<ext-link ext-link-type="uri" xlink:href="https://pypi.org/project/optimask/">https://pypi.org/project/optimask/</ext-link>) and conda-forge (<ext-link ext-link-type="uri" xlink:href="https://anaconda.org/conda-forge/optimask">https://anaconda.org/conda-forge/optimask</ext-link>).
The library uses Numba (<xref ref-type="bibr" rid="ref-16">Lam <italic>et al.</italic>, 2015</xref>) for speed and supports common input formats, including NumPy arrays (<xref ref-type="bibr" rid="ref-13">Harris <italic>et al.</italic>, 2020</xref>), pandas DataFrames (<xref ref-type="bibr" rid="ref-14">McKinney &amp; others, 2010</xref>), and Polars DataFrames (<xref ref-type="bibr" rid="ref-15">Vink, 2023</xref>).</p>
<sec id="sec-9">
<label>4.1</label>
<title>Basic Usage</title>
<code language="python">import numpy as np
from optimask import OptiMask
from optimask.utils import generate_mar

# Generate a Missing At Random matrix with 2% NaN values
x = generate_mar(m=100_000, n=1_000, ratio=0.02, rng=0)
rows, cols = OptiMask(random_state=0).solve(x)
np.isnan(x[np.ix_(rows, cols)]).any()  # False
len(rows), len(cols)  # (37386, 49)</code>
<p>This computation takes approximately 200ms on an average personal computer.
The implementation provides the sorted indices of the rows and columns to retain, ensuring that the relative order of the elements is preserved.</p>
</sec>
<sec id="sec-10">
<label>4.2</label>
<title>Handling Missing Data for Machine Learning</title>
<p>OptiMask removes missing values (<abbrev alt="Not a Number">NaN</abbrev>) from datasets while maximizing usable data. It does this by finding an optimal subset of samples (rows) and features (columns) to discard, ensuring the remaining data contains no missing values. This makes the dataset directly usable for machine learning models that require complete data, such as scikit-learn’s linear models:</p>
<code language="python">import numpy as np
from optimask import OptiMask
from sklearn.datasets import make_spd_matrix
from sklearn.linear_model import LinearRegression

def load_data_with_nan(m, n, nan_ratio):
    mean = np.random.randn(n + 1)
    cov = make_spd_matrix(n + 1)
    data = np.random.multivariate_normal(mean=mean, cov=cov, size=m)
    mask = np.random.rand(*data.shape) &amp;lt; nan_ratio
    data[mask] = np.nan
    return data[:, :-1], data[:, -1]

# Simulate a dataset with missing values
X, y = load_data_with_nan(m=10_000, n=100, nan_ratio=0.02)

# Drop samples where the target (y) is missing
valid_samples = np.isfinite(y)
X, y = X[valid_samples], y[valid_samples]

# Apply OptiMask to remove remaining NaNs
rows, cols = OptiMask().solve(X)
X_clean, y_clean = X[np.ix_(rows, cols)], y[rows]
print(X_clean.shape, y_clean.shape) # (3581, 50) (3581,)

# Train a model on the NaN-free data
model = LinearRegression().fit(X=X_clean, y=y_clean)</code>
<p>By strategically selecting which rows and columns to keep, OptiMask ensures the dataset remains meaningful while becoming fully trainable.</p>
</sec>
</sec>
<sec id="sec-11">
<label>5</label>
<title>Conclusion</title>
<p>OptiMask provides a heuristic for finding the largest <abbrev alt="Not a Number">NaN</abbrev>-free submatrix in large datasets where exact methods like linear programming become computationally impractical.
By strategically permuting rows and columns to isolate missing values, it offers a practical solution that preserves maximal data without imputation.
The Python implementation supports common data structures (numpy, pandas, polars) and delivers results efficiently even for large matrices.</p>
<p>Future work will explore theoretical guarantees on the approximation quality and extensions to weighted optimization problems.
The implementation will continue to be optimized for speed in subsequent versions.
Finally, an OptiMask-based algorithm for tabular imputation will be developed and benchmarked against MICE (Multiple Imputation by Chained Equations, (<xref ref-type="bibr" rid="ref-5">White <italic>et al.</italic>, 2011</xref>)) to evaluate whether it can achieve better or faster results.</p>
</sec>
<sec id="sec-12">
<label>6</label>
<title>Acknowledgements</title>
<p>This work was funded by Airparif.
I’d like to thank Paul Catala (Université de Lorraine) and Alexis Lebeau (RTE) for their assistance and review.</p>
</sec>
</body>
<back>
<ref-list>
<ref id="ref-1">
<element-citation publication-type="book">
<article-title>Statistical analysis with missing data</article-title>
<person-group person-group-type="author">
<name><surname>Little</surname><given-names>Roderick JA</given-names></name>
<name><surname>Rubin</surname><given-names>Donald B</given-names></name>
</person-group><year iso-8601-date="2019">2019</year><pub-id pub-id-type="doi">10.1002/9781119482260</pub-id><volume>793</volume></element-citation>
</ref>
<ref id="ref-2">
<element-citation publication-type="book">
<article-title>Multiple imputation for nonresponse in surveys</article-title>
<person-group person-group-type="author">
<name><surname>Rubin</surname><given-names>Donald B</given-names></name>
</person-group><year iso-8601-date="2004">2004</year><pub-id pub-id-type="doi">10.1002/9780470316696</pub-id><volume>81</volume></element-citation>
</ref>
<ref id="ref-3">
<element-citation publication-type="book">
<article-title>Analysis of incomplete multivariate data</article-title>
<person-group person-group-type="author">
<name><surname>Schafer</surname><given-names>Joseph L</given-names></name>
</person-group><year iso-8601-date="1997">1997</year><pub-id pub-id-type="doi">10.1201/9781439821862</pub-id></element-citation>
</ref>
<ref id="ref-4">
<element-citation publication-type="book">
<article-title>Flexible imputation of missing data</article-title>
<person-group person-group-type="author">
<name><surname>Van Buuren</surname><given-names>Stef</given-names></name>
</person-group><year iso-8601-date="2018">2018</year><pub-id pub-id-type="doi">10.1201/9780429492259</pub-id></element-citation>
</ref>
<ref id="ref-5">
<element-citation publication-type="journal">
<article-title>Multiple imputation using chained equations: issues and guidance for practice</article-title>
<person-group person-group-type="author">
<name><surname>White</surname><given-names>Ian R</given-names></name>
<name><surname>Royston</surname><given-names>Patrick</given-names></name>
<name><surname>Wood</surname><given-names>Angela M</given-names></name>
</person-group><source>Statistics in medicine</source><year iso-8601-date="2011">2011</year><pub-id pub-id-type="doi">10.1002/sim.4067</pub-id><volume>30</volume><issue>4</issue><fpage>377</fpage><lpage>399</lpage></element-citation>
</ref>
<ref id="ref-6">
<element-citation publication-type="book">
<article-title>Applied missing data analysis</article-title>
<person-group person-group-type="author">
<name><surname>Enders</surname><given-names>Craig K</given-names></name>
</person-group><year iso-8601-date="2010">2010</year><pub-id pub-id-type="doi">10.1111/j.1467-842X.2012.00656.x</pub-id></element-citation>
</ref>
<ref id="ref-7">
<element-citation publication-type="book">
<article-title>Integer programming</article-title>
<person-group person-group-type="author">
<name><surname>Wolsey</surname><given-names>Laurence A</given-names></name>
</person-group><year iso-8601-date="2020">2020</year><pub-id pub-id-type="doi">10.1002/9781119606475</pub-id></element-citation>
</ref>
<ref id="ref-8">
<element-citation publication-type="report">
<article-title>GLPK (GNU linear programming kit)</article-title>
<person-group person-group-type="author">
<name><surname>Makhorin</surname><given-names>Andrew</given-names></name>
</person-group><year iso-8601-date="2012">2012</year></element-citation>
</ref>
<ref id="ref-9">
<element-citation publication-type="document">
<article-title>Gurobi Optimizer Reference Manual</article-title>
<person-group person-group-type="author">
<name><surname>Gurobi Optimization, LLC</surname></name>
</person-group><year iso-8601-date="2023">2023</year></element-citation>
</ref>
<ref id="ref-10">
<element-citation publication-type="report">
<article-title>V12. 1: User's Manual for CPLEX</article-title>
<person-group person-group-type="author">
<name><surname>IBM ILOG CPLEX</surname></name>
</person-group><year iso-8601-date="2009">2009</year><volume>46</volume><fpage>157</fpage></element-citation>
</ref>
<ref id="ref-11">
<element-citation publication-type="journal">
<article-title>Pyomo: modeling and solving mathematical programs in Python</article-title>
<person-group person-group-type="author">
<name><surname>Hart</surname><given-names>William E</given-names></name>
<name><surname>Watson</surname><given-names>Jean-Paul</given-names></name>
<name><surname>Woodruff</surname><given-names>David L</given-names></name>
</person-group><source>Mathematical Programming Computation</source><year iso-8601-date="2011">2011</year><pub-id pub-id-type="doi">10.1007/s12532-011-0026-8</pub-id><volume>3</volume><issue>3</issue><fpage>219</fpage><lpage>260</lpage></element-citation>
</ref>
<ref id="ref-12">
<element-citation publication-type="document">
<article-title>PuLP: a linear programming toolkit for python</article-title>
<person-group person-group-type="author">
<name><surname>Mitchell</surname><given-names>Stuart</given-names></name>
<name><surname>OSullivan</surname><given-names>Michael</given-names></name>
<name><surname>Dunning</surname><given-names>Iain</given-names></name>
</person-group><year iso-8601-date="2011">2011</year></element-citation>
</ref>
<ref id="ref-16">
<element-citation publication-type="paper-conference">
<article-title>Numba: A llvm-based python jit compiler</article-title>
<person-group person-group-type="author">
<name><surname>Lam</surname><given-names>Siu Kwan</given-names></name>
<name><surname>Pitrou</surname><given-names>Antoine</given-names></name>
<name><surname>Seibert</surname><given-names>Stanley</given-names></name>
</person-group><source>Proceedings of the Second Workshop on the LLVM Compiler Infrastructure in HPC</source><year iso-8601-date="2015">2015</year><pub-id pub-id-type="doi">10.1145/2833157.2833162</pub-id><fpage>1</fpage><lpage>6</lpage></element-citation>
</ref>
<ref id="ref-13">
<element-citation publication-type="journal">
<article-title>Array programming with NumPy</article-title>
<person-group person-group-type="author">
<name><surname>Harris</surname><given-names>Charles R</given-names></name>
<name><surname>Millman</surname><given-names>K Jarrod</given-names></name>
<name><surname>Van Der Walt</surname><given-names>Stéfan J</given-names></name>
<name><surname>Gommers</surname><given-names>Ralf</given-names></name>
<name><surname>Virtanen</surname><given-names>Pauli</given-names></name>
<name><surname>Cournapeau</surname><given-names>David</given-names></name>
<name><surname>Wieser</surname><given-names>Eric</given-names></name>
<name><surname>Taylor</surname><given-names>Julian</given-names></name>
<name><surname>Berg</surname><given-names>Sebastian</given-names></name>
<name><surname>Smith</surname><given-names>Nathaniel J</given-names></name>
<name><surname>others</surname></name>
</person-group><source>Nature</source><year iso-8601-date="2020">2020</year><pub-id pub-id-type="doi">10.1038/s41586-020-2649-2</pub-id><volume>585</volume><issue>7825</issue><fpage>357</fpage><lpage>362</lpage></element-citation>
</ref>
<ref id="ref-14">
<element-citation publication-type="paper-conference">
<article-title>Data structures for statistical computing in python</article-title>
<person-group person-group-type="author">
<name><surname>McKinney</surname><given-names>Wes</given-names></name>
<name><surname>others</surname></name>
</person-group><source>Proceedings of the 9th Python in Science Conference</source><year iso-8601-date="2010">2010</year><pub-id pub-id-type="doi">10.25080/Majora-92bf1922-00a</pub-id><volume>445</volume><fpage>51</fpage><lpage>56</lpage></element-citation>
</ref>
<ref id="ref-15">
<element-citation publication-type="document">
<article-title>Polars: Lightning-fast DataFrame library for Rust and Python</article-title>
<person-group person-group-type="author">
<name><surname>Vink</surname><given-names>Ritchie</given-names></name>
</person-group><year iso-8601-date="2023">2023</year></element-citation>
</ref>
</ref-list>
</back>
<sub-article id="figures">
<front-stub>
<title-group>
<article-title>OptiMask: Figures Generation</article-title>
</title-group>
<contrib-group>
<contrib contrib-type="author" corresp="yes">
<contrib-id contrib-id-type="orcid">https://orcid.org/0009-0002-8362-8313</contrib-id>
<name name-style="western"><surname>Joly</surname><given-names>Cyril</given-names></name>
<xref ref-type="aff" rid="aff-2"/>
<email>cyril.joly@airparif.fr</email>
</contrib>
</contrib-group>
<aff id="aff-2">
<institution-wrap>
<institution>Airparif</institution>
</institution-wrap>
</aff>
</front-stub>
<body>
<sec id="sec-13" sec-type="notebook-content">
<p>This notebook creates the figures for the paper titled “OptiMask: Efficiently Finding the Largest <abbrev alt="Not a Number">NaN</abbrev>-Free Submatrix” intended for the SciPy 2025 proceedings. Throughout the cells, several PNG images are generated. At the conclusion, these computed PNGs are losslessly compressed using <monospace>oxipng</monospace>.</p>
<p>Cyril Joly</p>
</sec>
<sec id="sec-14" sec-type="notebook-code">
<code language="python" executable="yes"># ! pip install optimask pyoxipng

from pathlib import Path

import matplotlib.pyplot as plt
import numpy as np
from optimask import OptiMask
from optimask.utils import generate_mar, plot
from oxipng import optimize</code>
</sec>
<sec id="sec-15" sec-type="notebook-code">
<code language="python" executable="yes">[p.unlink() for p in Path('.').glob('*.png')]</code>
</sec>
<sec id="sec-16" sec-type="notebook-code">
<code language="python" executable="yes">DPI = 200</code>
</sec>
<sec id="sec-17" sec-type="notebook-content">
<sec id="sec-18">
<label>1</label>
<title>The problem at hand</title>
<p>Illustrating the trade-off between removing cells or columns in a toy example:</p>
</sec>
</sec>
<sec id="sec-19" sec-type="notebook-code">
<code language="python" executable="yes">x = np.zeros((12, 5))
x[7, [1, 3]] = np.nan

plt.figure()
plt.subplot(1, 3, 1)
plot(x, show=False, title="original data")
plt.subplot(1, 3, 2)
plot(x, rows_to_remove=[7], show=False, title="remove row")
plt.subplot(1, 3, 3)
plot(x, cols_to_remove=[1, 3], show=False, title="remove columns")
plt.savefig('at_hand_two.png', bbox_inches='tight', dpi=DPI)
plt.show()</code>
</sec>
<sec id="sec-20" sec-type="notebook-content">
<sec id="sec-21">
<label>2</label>
<title>Algorithm Steps</title>
</sec>
</sec>
<sec id="sec-22" sec-type="notebook-code">
<code language="python" executable="yes">def heights(x, axis=0):
    return (x.shape[axis] - np.argmax(np.flip(x, axis=axis), axis=axis)).astype(np.uint32)


def to_plot(x):
    xp = x.astype(float)
    xp[xp &gt; 0] = np.nan
    return xp</code>
</sec>
<sec id="sec-23" sec-type="notebook-content">
<p>Generation of an example matrix with missing values, with missing at random values plus a contiguous set of 7 missing values.</p>
</sec>
<sec id="sec-24" sec-type="notebook-code">
<code language="python" executable="yes">m, n = 40, 30
x = generate_mar(m=m, n=n, ratio=0.04, rng=1)
x[12:19, 10] = np.nan

plot(x, show=False)
plt.savefig('algo_data.png', bbox_inches='tight', dpi=DPI)
plt.show()


nan_rows, nan_cols = np.isnan(x).nonzero()
nan_rows, nan_cols = np.unique(nan_rows), np.unique(nan_cols)
xp = np.isnan(x[nan_rows][:, nan_cols])
hx, hy = heights(xp, axis=0), heights(xp, axis=1)
plot(to_plot(xp), xticks=hx, yticks=hy, show=False)
plt.savefig('algo_0.png', bbox_inches='tight', dpi=DPI)
plt.show()</code>
</sec>
<sec id="sec-25" sec-type="notebook-code">
<code language="python" executable="yes">hx, hy = heights(xp, axis=0).astype(np.uint32), heights(xp, axis=1).astype(np.uint32)
k = 0
plt.figure(figsize=(12, 5))
while not (OptiMask.is_decreasing(hx) and OptiMask.is_decreasing(hy)):
    axis = k % 2
    p_step = np.argsort(-heights(xp, axis=axis))
    if axis == 0:
        xp = xp[:, p_step]
    if axis == 1:
        xp = xp[p_step]
    hx, hy = heights(xp, axis=0).astype(np.uint32), heights(xp, axis=1).astype(
        np.uint32
    )
    plt.subplot(1, 3, k+1)
    plot(to_plot(xp), xticks=hx, yticks=hy, title=f"Iteration {k+1}", show=False)
    k += 1
plt.tight_layout()
plt.savefig('algo_iterations.png', bbox_inches='tight', dpi=DPI)
plt.show()</code>
</sec>
<sec id="sec-26" sec-type="notebook-code">
<code language="python" executable="yes">def rectangle(xmin, ymin, xmax, ymax, c='k', lw=0.4):
    x = [xmin, xmax, xmax, xmin, xmin]
    y = [ymin, ymin, ymax, ymax, ymin]
    plt.plot(x, y, c=c, linestyle='--', lw=lw)</code>
</sec>
<sec id="sec-27" sec-type="notebook-code">
<code language="python" executable="yes">opt_area = 0
plot(np.zeros_like(x), show=False)
plot(to_plot(xp), xticks=hx, yticks=hy, show=False)
for i0 in range(len(hx)):
    if (i0 == 0) or (i0 &gt; 0 and (hx[i0] &amp;lt; hx[i0-1])):
        rectangle(i0, hx[i0], n, m)
        if (n-i0)*(m-hx[i0]) &gt; opt_area:
            opt_area, opt_index = (n-i0)*(m-hx[i0]), i0
rectangle(len(hx), 0, n, m)
rectangle(opt_index, hx[opt_index], n, m, c='r', lw=1)
plt.savefig('algo_result_permuted_space.png', bbox_inches='tight', dpi=DPI)
plt.show()</code>
</sec>
<sec id="sec-28" sec-type="notebook-code">
<code language="python" executable="yes">rows, cols = OptiMask(n_tries=10000).solve(x)</code>
</sec>
<sec id="sec-29" sec-type="notebook-code">
<code language="python" executable="yes">plot(x, rows, cols, show=False)
plt.savefig('algo_result.png', bbox_inches='tight', dpi=DPI)
plt.show()</code>
</sec>
<sec id="sec-30" sec-type="notebook-code">
<code language="python" executable="yes">[optimize(path) for path in Path('.').glob('*.png')]</code>
</sec>
</body>
</sub-article>
</article>
