<?xml version="1.0" encoding="UTF-8"?>
<!DOCTYPE article PUBLIC "-//NLM//DTD JATS (Z39.96) Journal Archiving and Interchange DTD with MathML3 v1.3 20210610//EN" "http://jats.nlm.nih.gov/publishing/1.3/JATS-archivearticle1-3-mathml3.dtd">
<article xmlns:mml="http://www.w3.org/1998/Math/MathML" xmlns:xlink="http://www.w3.org/1999/xlink" xmlns:xsi="http://www.w3.org/2001/XMLSchema-instance" xmlns:ali="http://www.niso.org/schemas/ali/1.0/" dtd-version="1.3" xml:lang="en" id="main">
<front>
<article-meta>
<article-id pub-id-type="doi">10.25080/cehj4257</article-id>
<title-group>
<article-title>NeuroConv: Streamlining Neurophysiology Data Conversion to the NWB Standard</article-title>
<alt-title alt-title-type="running-head">NeuroConv: Streamlining Neurophysiology Data Conversion</alt-title>
</title-group>
<contrib-group>
<contrib contrib-type="author" corresp="yes">
<contrib-id contrib-id-type="orcid">https://orcid.org/0000-0002-5937-7537</contrib-id>
<name name-style="western"><surname>Mayorquin</surname><given-names>Heberto</given-names></name>
<xref ref-type="aff" rid="aff-1"/>
<email>h.mayorquin@gmail.com</email>
</contrib>
<contrib contrib-type="author">
<contrib-id contrib-id-type="orcid">https://orcid.org/0000-0002-0829-4790</contrib-id>
<name name-style="western"><surname>Baker</surname><given-names>Cody</given-names></name>
<xref ref-type="aff" rid="aff-2"/>
</contrib>
<contrib contrib-type="author">
<contrib-id contrib-id-type="orcid">https://orcid.org/0009-0005-8943-5450</contrib-id>
<name name-style="western"><surname>Adkisson-Floro</surname><given-names>Paul</given-names></name>
<xref ref-type="aff" rid="aff-1"/>
<email>paul.adkisson@catalystneuro.com</email>
</contrib>
<contrib contrib-type="author">
<contrib-id contrib-id-type="orcid">https://orcid.org/0000-0001-6615-1360</contrib-id>
<name name-style="western"><surname>Weigl</surname><given-names>Szonja</given-names></name>
<xref ref-type="aff" rid="aff-1"/>
<email>szonja.weigl@catalystneuro.com</email>
</contrib>
<contrib contrib-type="author">
<contrib-id contrib-id-type="orcid">https://orcid.org/0000-0001-5182-0541</contrib-id>
<name name-style="western"><surname>Trappani</surname><given-names>Alessandra</given-names></name>
<xref ref-type="aff" rid="aff-1"/>
<email>alessandramaria.trapani@gmail.com</email>
</contrib>
<contrib contrib-type="author">
<contrib-id contrib-id-type="orcid">https://orcid.org/0000-0003-1147-2954</contrib-id>
<name name-style="western"><surname>Tauffer</surname><given-names>Luiz</given-names></name>
<xref ref-type="aff" rid="aff-1"/>
<email>luiz.tauffer@catalystneuro.com</email>
</contrib>
<contrib contrib-type="author">
<contrib-id contrib-id-type="orcid">https://orcid.org/0000-0001-9902-1984</contrib-id>
<name name-style="western"><surname>Rübel</surname><given-names>Oliver</given-names></name>
<xref ref-type="aff" rid="aff-3"/>
</contrib>
<contrib contrib-type="author" corresp="yes">
<contrib-id contrib-id-type="orcid">https://orcid.org/0000-0001-5725-6910</contrib-id>
<name name-style="western"><surname>Dichter</surname><given-names>Benjamin</given-names></name>
<xref ref-type="aff" rid="aff-1"/>
<email>ben.dichter@catalystneuro.com</email>
</contrib>
</contrib-group>
<aff id="aff-1">
<institution-wrap>
<institution>CatalystNeuro</institution>
</institution-wrap>
</aff>
<aff id="aff-2">
<institution-wrap>
<institution>Dartmouth College, Center for Open Neuroscience</institution>
</institution-wrap>
</aff>
<aff id="aff-3">
<institution-wrap>
<institution>Lawrence Berkeley National Laboratory</institution>
</institution-wrap>
</aff>
<fpage>245</fpage><lpage>258</lpage>
<permissions>
<ali:free_to_read/>
<license xlink:href="https://creativecommons.org/licenses/by/4.0/">
<ali:license_ref>https://creativecommons.org/licenses/by/4.0/</ali:license_ref>
<license-p>This is an open access article distributed under the terms of the <ext-link ext-link-type="uri" xlink:href="http://creativecommons.org/licenses/by/4.0/">Creative Commons Attribution License</ext-link>, which permits unrestricted use, distribution, and reproduction in any medium, provided the original author and source are credited.</license-p>
</license>
</permissions>
<abstract>
<p>Modern neurophysiology generates increasingly complex, multimodal datasets that require standardized formats for effective sharing and reuse. The Neurodata Without Borders (<abbrev alt="Neurodata Without Borders">NWB</abbrev>) format has emerged as a solution for data standardization, but data conversion remains a significant bottleneck due to format heterogeneity, metadata complexity, and required technical expertise. We present NeuroConv, an open-source Python library that automates the conversion of neurophysiology data from 47 distinct formats into <abbrev alt="Neurodata Without Borders">NWB</abbrev> through a unified, modular architecture. Developed through collaboration with over 50 neurophysiology laboratories, NeuroConv addresses key challenges through three core components: format-specific DataInterfaces that abstract parsing complexity, multi-stream Converters that integrate heterogeneous data modalities, and optimized writing strategies for large-scale datasets including chunked operations and cloud-compatible storage.  NeuroConv’s design enables researchers to convert complex, multi-modal experimental sessions with minimal code while preserving critical metadata and temporal alignment across recording systems.  By removing technical barriers NeuroConv thus advances the transformation of neurophysiology toward <abbrev alt="Findable, Accessible, Interoperable, and Reusable">FAIR</abbrev> (Findable, Accessible, Interoperable, and Reusable) data practices, facilitating reproducible research and accelerating scientific discovery.</p>
</abstract>
<kwd-group>
<kwd>Neurodata without borders</kwd>
<kwd>Neurophysiology</kwd>
<kwd>Data standardization</kwd>
<kwd>Scientific software</kwd>
</kwd-group>
</article-meta>
</front>
<body>
<sec id="sec-1">
<label>1</label>
<title>Introduction</title>
<p>Modern neurophysiology produces complex, multimodal, large-scale datasets. Sharing this data has potential to accelerate the rate of scientific progress, but doing so effectively requires disciplined organization, annotation, and distribution to make it Findable, Accessible, Interoperable, and Reusable (<abbrev alt="Findable, Accessible, Interoperable, and Reusable">FAIR</abbrev>) (<xref ref-type="bibr" rid="ref-38">Wilkinson <italic>et al.</italic>, 2016</xref>; <xref ref-type="bibr" rid="ref-37">Martone, 2024</xref>). However, the neurophysiology community faces significant challenges with sharing native data formats: the field’s diversity, spanning optical microscopy, electrophysiology, and behavioral tracking, involves multiple acquisition systems with formats often optimized for rapid data capture rather than shareability or portability. These formats vary widely in efficiency, metadata completeness and longevity of support, creating substantial barriers for data sharing (<xref ref-type="bibr" rid="ref-2">Teeters <italic>et al.</italic>, 2015</xref>; <xref ref-type="bibr" rid="ref-3">Stead &amp; Halford, 2016</xref>; <xref ref-type="bibr" rid="ref-1">Rübel <italic>et al.</italic>, 2022</xref>).</p>
<p>The <ext-link ext-link-type="uri" xlink:href="https://nwb.org/">Neurodata Without Borders (NWB)</ext-link> format addresses these challenges and has become a leading solution, embedding rich contextual metadata directly alongside primary data to preserve interpretability over time (<xref ref-type="bibr" rid="ref-2">Teeters <italic>et al.</italic>, 2015</xref>; <xref ref-type="bibr" rid="ref-1">Rübel <italic>et al.</italic>, 2022</xref>). Crucially, <abbrev alt="Neurodata Without Borders">NWB</abbrev> can accommodate the field’s diversity by uniting disparate modalities such as simultaneous behavioral and electrophysiological recordings typically stored in separate files and formats, thereby enabling rigorous re-analysis and bolstering reproducibility. Additionally, <abbrev alt="Neurodata Without Borders">NWB</abbrev> architecture provides compression and chunking capabilities enabling efficient storage and data access even for large scale datasets.</p>
<p>Yet several factors still hinder broad <abbrev alt="Neurodata Without Borders">NWB</abbrev> adoption. Converting neurophysiology data to any standardized format requires substantial technical expertise, from understanding diverse source format specifications to mastering the programming interfaces needed for data manipulation (<ext-link ext-link-type="uri" xlink:href="https://pynwb.readthedocs.io/en/stable/">PyNWB</ext-link>/<ext-link ext-link-type="uri" xlink:href="https://nwb.org/matnwb/">MatNWB</ext-link>). Modern experimental setups amplify these challenges, as neurophysiology experiments now routinely combine multiple modalities (electrophysiology, imaging, optogenetics, behavior) each with unique format quirks, metadata particularities and synchronization needs. These technical barriers and resource requirements create a significant hurdle for <abbrev alt="Neurodata Without Borders">NWB</abbrev> adoption.</p>
<p>Automated conversion pipelines address these challenges by eliminating the need for laboratories to repeatedly solve the same technical problems. Rather than requiring each research group to develop custom conversion scripts, automated tools provide standardized, tested pathways from diverse source formats to <abbrev alt="Neurodata Without Borders">NWB</abbrev>. This approach not only prevents duplicated effort and inconsistent implementations across the field but also democratizes access to data standardization, ensuring that all laboratories can preserve and share their data regardless of available technical expertise. By lowering the barriers to <abbrev alt="Neurodata Without Borders">NWB</abbrev> adoption, automated pipelines enable the neuroscience community to sustainably build a collective repository of standardized, reusable experimental data, ultimately accelerating scientific discovery through enhanced data sharing and reproducibility.</p>
<table-wrap id="table-1">
<label>Table 1:</label>
<caption>
<p>Key challenges in building automated conversion pipelines to the <abbrev alt="Neurodata Without Borders">NWB</abbrev> format.</p>
</caption>
<table>
<thead>
<tr><th>Challenge</th><th>Description</th></tr>
</thead>
<tbody>
<tr><td>Format diversity</td><td>Source data formats span both proprietary and open standards, with many formats existing in multiple versions and internal variations</td></tr>
<tr><td>Metadata complexity</td><td>Metadata requirements vary substantially across experimental paradigms, with critical information often stored inconsistently or incompletely</td></tr>
<tr><td>Scale challenges</td><td>Dataset sizes frequently reach hundreds of gigabytes to terabytes, requiring specialized handling for memory-efficient processing</td></tr>
<tr><td>Multi-modal integration</td><td>Experiments often combine multiple recording systems (electrophysiology, imaging, behavior) each storing data in different formats. This also introduces the problem of data alignment and synchronization across modalities.</td></tr>
</tbody>
</table>
</table-wrap>
</sec>
<sec id="sec-2">
<label>2</label>
<title>NeuroConv: Architecture and Design</title>
<p>To address the challenges described in <xref ref-type="sec" rid="sec-1">Section 1</xref> (see <xref ref-type="table" rid="table-1">Table 1</xref>), we developed <ext-link ext-link-type="uri" xlink:href="https://neuroconv.readthedocs.io/en/stable/index.html">NeuroConv</ext-link>, an open source library that automates the ingestion and conversion of neurophysiology data from diverse formats into <abbrev alt="Neurodata Without Borders">NWB</abbrev>. This section describes in detail how NeuroConv’s architecture addresses each of these challenges through a modular, extensible design that maintains both flexibility and ease of use.</p>
<sec id="sec-3">
<label>2.1</label>
<title>Handling Format Diversity</title>
<p>The challenge of format diversity in neurophysiology extends beyond their sheer number (47 supported at the moment). Many formats, such as Neuralynx, have multiple versions, while others, like TIFF, exhibit significant internal variability in how labs use them. NeuroConv addresses this complexity through a unified architecture centered on the DataInterface abstraction. DataInterface is an abstract class for reading data, and each supported format has a dedicated DataInterface that encapsulates the format-specific logic for data reading, metadata extraction, and <abbrev alt="Neurodata Without Borders">NWB</abbrev> conversion while presenting a consistent API to users. The DataInterface serves as the fundamental building block of NeuroConv, providing a standardized pathway from diverse source formats to <abbrev alt="Neurodata Without Borders">NWB</abbrev> output. This abstraction enables users to work with any supported format using identical code patterns, regardless of the underlying format complexity or internal details. The minimal conversion pipeline is illustrated in <xref ref-type="fig" rid="figure-1">Figure 1</xref>:</p>
<fig id="figure-1">
<label>Figure 1:</label>
<caption>
<p>The process begins with source data (e.g., binary recordings, metadata, and configuration files). A data-specific DataInterface object is instantiated and used to extract metadata. The resulting metadata can be optionally edited by the user to fill in missing or corrected fields. The finalized metadata and source data are then processed to write a complete <abbrev alt="Neurodata Without Borders">NWB</abbrev> file compliant with the standard</p>
</caption>
<graphic mimetype="image" mime-subtype="png" xlink:href="files/minimal_conversion_p-bbdb8bae401077caec5d675a68817b97.png"/>
</fig>
<p>Programmatically, this process can be summarized in a few lines of code, as shown below. The DataInterface handles all format-specific complexities internally, from parsing proprietary binary structures to extracting embedded metadata, while ensuring the output adheres to <abbrev alt="Neurodata Without Borders">NWB</abbrev> best practices:</p>
<code language="python">from datetime import datetime
from zoneinfo import ZoneInfo
from neuroconv import DataInterface

# Initialize the DataInterface for a specific format
interface = DataInterface(file_path="path/to/data/file")

# Extract the metadata from the source format
metadata = interface.get_metadata()

# Modify metadata as needed, add missing or correct existing fields
metadata["NWBFile"]["experimenter"] = ["Baggins, Bilbo"]
metadata["NWBFile"]["experiment_description"] = "Example neurophysiology experiment"
metadata["NWBFile"]["institution"] = "University of Middle Earth"
# session_start_time is required for conversion
metadata["NWBFile"]["session_start_time"] = datetime(2020, 1, 1, 12, 30, 0, tzinfo=ZoneInfo("Middle-earth/Shire"))

# Add the data to an NWB File and write it to disk 
interface.run_conversion(nwbfile_path="path/to/nwbfile.nwb", metadata=metadata)</code>
<p>This core pattern ensures consistency and simplicity across all supported formats:</p>
<list list-type="order">
<list-item>
<p>Instantiate the appropriate DataInterface</p>
</list-item><list-item>
<p>Extract and modify metadata as needed</p>
</list-item><list-item>
<p>Execute the conversion</p>
</list-item>
</list>
<p>The DataInterface abstracts away format-specific complexities: from parsing proprietary binary structures to extracting embedded metadata.</p>
<p>Currently supporting 47 distinct input formats (<xref ref-type="table" rid="table-2">Table 2</xref>), each DataInterface is comprehensively documented and demonstrated in the <ext-link ext-link-type="uri" xlink:href="https://neuroconv.readthedocs.io/en/stable/conversion_examples_gallery/index.html">Conversion Gallery</ext-link>, where users can find complete examples requiring only ~5 lines of code to perform full data conversion. Throughout the conversion process, NeuroConv enforces <abbrev alt="Neurodata Without Borders">NWB</abbrev> Best Practices for metadata and data organization while optimizing data storage for both archival purposes and cloud computing requirements.</p>
<table-wrap id="table-2">
<label>Table 2:</label>
<caption>
<p>Comprehensive list of data formats supported by NeuroConv, organized by experimental modality and data type.</p>
</caption>
<table>
<thead>
<tr><th>Modality</th><th>Sub-modality</th><th>Format</th></tr>
</thead>
<tbody>
<tr><td rowspan="26"><bold>Extracellular Electrophysiology</bold></td><td rowspan="19"><italic>Recording</italic></td><td>AlphaOmega</td></tr>
<tr><td>Axona</td></tr>
<tr><td>Biocam</td></tr>
<tr><td>Blackrock</td></tr>
<tr><td>European Data Format (EDF)</td></tr>
<tr><td>Intan</td></tr>
<tr><td>MaxOne</td></tr>
<tr><td>MCSRaw</td></tr>
<tr><td>MEArec</td></tr>
<tr><td>Neuralynx</td></tr>
<tr><td>NeuroScope</td></tr>
<tr><td>OpenEphys</td></tr>
<tr><td>Plexon</td></tr>
<tr><td>Plexon2</td></tr>
<tr><td>Spike2</td></tr>
<tr><td>Spikegadgets</td></tr>
<tr><td>SpikeGLX</td></tr>
<tr><td>Tucker-Davis Technologies (TDT)</td></tr>
<tr><td>White Matter</td></tr>
<tr><td rowspan="7"><italic>Sorting</italic></td><td>Blackrock</td></tr>
<tr><td>Cell Explorer (<xref ref-type="bibr" rid="ref-27">Petersen <italic>et al.</italic>, 2021</xref>)</td></tr>
<tr><td>KiloSort (<xref ref-type="bibr" rid="ref-28">Pachitariu <italic>et al.</italic>, 2024</xref>)</td></tr>
<tr><td>Neuralynx</td></tr>
<tr><td>NeuroScope</td></tr>
<tr><td>Phy</td></tr>
<tr><td>Plexon</td></tr>
<tr><td><bold>Intracellular Electrophysiology</bold></td><td>—</td><td>ABF</td></tr>
<tr><td rowspan="14"><bold>Optical Physiology</bold></td><td rowspan="8"><italic>Imaging</italic></td><td>Bruker</td></tr>
<tr><td>HDF5</td></tr>
<tr><td>Micro-Manager</td></tr>
<tr><td>Miniscope (<xref ref-type="bibr" rid="ref-30">Guo <italic>et al.</italic>, 2023</xref>)</td></tr>
<tr><td>Scanbox</td></tr>
<tr><td>ScanImage</td></tr>
<tr><td>Thor</td></tr>
<tr><td>Tiff</td></tr>
<tr><td rowspan="5"><italic>Segmentation</italic></td><td>CaImAn (<xref ref-type="bibr" rid="ref-20">Giovannucci <italic>et al.</italic>, 2019</xref>)</td></tr>
<tr><td>CNMFE (<xref ref-type="bibr" rid="ref-24">Pnevmatikakis <italic>et al.</italic>, 2016</xref>)</td></tr>
<tr><td>EXTRACT (<xref ref-type="bibr" rid="ref-22">Inan <italic>et al.</italic>, 2017</xref>)</td></tr>
<tr><td>Minian (<xref ref-type="bibr" rid="ref-29">Dong <italic>et al.</italic>, 2022</xref>)</td></tr>
<tr><td>Suite2P (<xref ref-type="bibr" rid="ref-19">Pachitariu <italic>et al.</italic>, 2016</xref>)</td></tr>
<tr><td><italic>Fiber Photometry</italic></td><td>TDT Fiber Photometry</td></tr>
<tr><td rowspan="7"><bold>Behavior</bold></td><td rowspan="5"><italic>Motion Tracking</italic></td><td>DeepLabCut (<xref ref-type="bibr" rid="ref-26">Mathis <italic>et al.</italic>, 2018</xref>)</td></tr>
<tr><td>FicTrac (<xref ref-type="bibr" rid="ref-31">Moore <italic>et al.</italic>, 2014</xref>)</td></tr>
<tr><td>LightningPose (<xref ref-type="bibr" rid="ref-33">Biderman <italic>et al.</italic>, 2024</xref>)</td></tr>
<tr><td>Neuralynx NVT</td></tr>
<tr><td>SLEAP (<xref ref-type="bibr" rid="ref-25">Pereira <italic>et al.</italic>, 2022</xref>)</td></tr>
<tr><td><italic>Audio/Video</italic></td><td>Videos</td></tr>
<tr><td><italic>Operant Conditioning</italic></td><td>MedPC</td></tr>
<tr><td rowspan="3"><bold>General Data</bold></td><td><italic>Image</italic></td><td>Image (png, jpeg, tiff, etc)</td></tr>
<tr><td rowspan="2"><italic>Text/Tabular</italic></td><td>CSV</td></tr>
<tr><td>Excel</td></tr>
</tbody>
</table>
</table-wrap>
<p>Each format example in our documentation includes basic code snippets that demonstrate how to use the DataInterface for that specific format, including metadata extraction, modification, and the conversion process. This modular approach allows users to easily adapt examples to their specific needs while providing a consistent interface across different data formats. For example, converting electrophysiology data acquired with Intan requires only these steps:</p>
<code language="python">from datetime import datetime
from zoneinfo import ZoneInfo
from pathlib import Path
from neuroconv.datainterfaces import IntanRecordingInterface

file_path = f"{ECEPHY_DATA_PATH}/intan/intan_rhd_test_1.rhd" # This can also be .rhs
interface = IntanRecordingInterface(file_path=file_path, verbose=False)

# Extract what metadata we can from the source files
metadata = interface.get_metadata()
# session_start_time is required for conversion. If it cannot be inferred
# automatically from the source files you must supply one.
session_start_time = datetime(2020, 1, 1, 12, 30, 0, tzinfo=ZoneInfo("US/Pacific"))
metadata["NWBFile"].update(session_start_time=session_start_time)

nwbfile_path = f"{path_to_save_nwbfile}"  # This should be something like: "./saved_file.nwb"
interface.run_conversion(nwbfile_path=nwbfile_path, metadata=metadata)</code>
<p>Supporting diverse data formats each with unique specifications, quirks, and version variations, represents a formidable technical challenge. To address this complexity, NeuroConv adopts a strategic approach: we leverage the collective expertise of the open-source neuroscience community by building upon established, well-tested libraries for format parsing. This philosophy recognizes that the neuroscience community has already invested considerable effort in developing robust parsers for specific data domains, and rather than duplicating this substantial work, we can build upon these proven foundations to create a more reliable and maintainable conversion ecosystem.</p>
<p>While we maintain specialized extractors for some formats (DeepLabCut, MedPC, FicTrac, etc), the majority of our DataInterfaces delegate the complex task of format parsing to domain-specific tools that have been extensively validated through widespread community use. DataInterfaces for electrophysiology utilize <ext-link ext-link-type="uri" xlink:href="https://neo.readthedocs.io/en/latest/">python-NEO</ext-link> (<xref ref-type="bibr" rid="ref-13">Garcia <italic>et al.</italic>, 2014</xref>) and <ext-link ext-link-type="uri" xlink:href="https://spikeinterface.readthedocs.io/en/stable/">SpikeInterface</ext-link> (<xref ref-type="bibr" rid="ref-11">Buccino <italic>et al.</italic>, 2020</xref>), which provide unified interfaces for raw and processed electrophysiology data, and <ext-link ext-link-type="uri" xlink:href="https://probeinterface.readthedocs.io/en/main/">ProbeInterface</ext-link> (<xref ref-type="bibr" rid="ref-12">Garcia <italic>et al.</italic>, 2022</xref>) for probe geometry metadata. For optical physiology, the NeuroConv team maintains <ext-link ext-link-type="uri" xlink:href="https://github.com/catalystneuro/roiextractors">ROIExtractors</ext-link>, which provides a unified API for optical physiology data across both raw imaging and processed segmentation outputs. ROIExtractors relies heavily on established libraries such as TiffFile (<xref ref-type="bibr" rid="ref-47">Christoph Gohlke, 2025</xref>). Examples in behavioral data include the use of  <ext-link ext-link-type="uri" xlink:href="https://github.com/talmolab/sleap-io">sleap-io</ext-link> for reading pose estimation data from SLEAP, SciPy (<xref ref-type="bibr" rid="ref-44">Virtanen <italic>et al.</italic>, 2020</xref>) for audio, and OpenCV (<xref ref-type="bibr" rid="ref-34">Bradski, 2000</xref>) for video.</p>
<p>Crucially, NeuroConv operates as an active contributor rather than a passive consumer of these dependencies. As our extensive usage of these libraries reveals bugs, performance bottlenecks, or functional limitations, we proactively engage with upstream developers by filing detailed, reproducible issue reports, submitting pull requests with tested fixes, contributing regression tests to prevent future breakages, and participating constructively in release planning discussions. This reciprocal development workflow ensures that improvements discovered during <abbrev alt="Neurodata Without Borders">NWB</abbrev> conversion efforts propagate upstream, strengthening the broader neuroscience software ecosystem while continuously enhancing NeuroConv’s own reliability and robustness.</p>
<p>As NeuroConv’s format support has expanded to 47+ formats, dependency management has become increasingly complex. Each format often requires specialized libraries with potentially conflicting version requirements, creating dependency resolution challenges that can make installation difficult or impossible. For example, libraries for reading different formats may require different versions of Python or different versions of common dependencies such as numpy. Additionally, installing the dependencies of every DataInterface would create an unnecessary and inefficient environment with hundreds of packages, many of which users never need for their conversion.</p>
<p>To address these challenges, we rely on <ext-link ext-link-type="uri" xlink:href="https://packaging.python.org/en/latest/tutorials/installing-packages/#installing-extras">installation extras</ext-link> to manage installation complexity. Users can specify only the formats they need during installation:</p>
<code language="python">pip install "neuroconv[spikeglx,phy,deeplabcut]"</code>
<p>This approach aggregates only the required dependencies for selected formats, avoiding dependency conflicts while ensuring that the installation remains lightweight and manageable for end users. Users working with a specific subset of formats can maintain clean, minimal environments without the overhead of unused dependencies.</p>
</sec>
<sec id="sec-4">
<label>2.2</label>
<title>Multi Stream Conversions</title>
<p>Neurophysiology experiments typically involve multiple simultaneous data streams from different modalities, such as raw electrophysiology recordings, spike-sorted data, and behavioral video. Each stream may be stored in a different format, leading to complex conversion requirements. NeuroConv’s architecture supports multi-stream conversions through the aggregation of DataInterfaces within a Converter framework as illustrated <xref ref-type="fig" rid="figure-2">Figure 2</xref></p>
<fig id="figure-2">
<label>Figure 2:</label>
<caption>
<p>The Converter orchestrates multiple specialized interfaces (A, B, C), each handling different data types (electrophysiology, imaging, and behavior). Individual interfaces extract metadata from their respective data sources, which the Converter combines into a single, user-editable metadata structure. The Converter then coordinates all interfaces to produce a unified <abbrev alt="Neurodata Without Borders">NWB</abbrev> file containing all data modalities. This design pattern enables flexible, modular integration of heterogeneous neuroscience data into a single standardized format.</p>
</caption>
<graphic mimetype="image" mime-subtype="png" xlink:href="files/diagram_converter-3f14f3a209ea68f49ceabeea08a23f71.png"/>
</fig>
<p>The converter pattern enables combining multiple DataInterface instances into a single conversion workflow. This allows users to convert all relevant data streams from an experiment into a single <abbrev alt="Neurodata Without Borders">NWB</abbrev> file, ensuring that all data is properly aligned and associated with the correct metadata. The Converter class handles the orchestration of multiple DataInterfaces, managing the order of operations and resolving any conflicts in metadata or data organization. Here’s an example of conversion for a multi-modal experimental session:</p>
<code language="python">from datetime import datetime
from zoneinfo import ZoneInfo
from neuroconv import ConverterPipe
from neuroconv.datainterfaces import SpikeGLXRecordingInterface, PhySortingInterface, DeepLabCutInterface

# Initialize the DataInterfaces for each data stream
recording_interface = SpikeGLXRecordingInterface(file_path="path/to/recording/file")
sorting_interface = PhySortingInterface(file_path="path/to/sorting/file")
behavior_interface = DeepLabCutInterface(file_path="path/to/behavior/file")

# Create the ConverterPipe with the DataInterfaces
data_interfaces = [recording_interface, sorting_interface, behavior_interface]
converter = ConverterPipe(data_interfaces=data_interfaces)

# Extract metadata from all interfaces
metadata = converter.get_metadata()

# Modify metadata as needed, add missing or correct existing fields
metadata["NWBFile"]["experimenter"] = ["Baggins, Bilbo"]
metadata["NWBFile"]["experiment_description"] = "Multi-modal neurophysiology experiment"
metadata["NWBFile"]["institution"] = "University of Middle Earth"
# session_start_time is required for conversion
metadata["NWBFile"]["session_start_time"] = datetime(2020, 1, 1, 12, 30, 0, tzinfo=ZoneInfo("Middle-earth/Shire"))

# Run the conversion to create an NWB file
converter.run_conversion(nwbfile_path="path/to/nwbfile.nwb", metadata=metadata)</code>
<p>Note that the same pattern used for single interfaces extends seamlessly to multi-stream conversions. The user initializes multiple DataInterfaces for each data stream, aggregates them into a ConverterPipe, extracts metadata, modifies it as needed, and then runs the conversion process to create an <abbrev alt="Neurodata Without Borders">NWB</abbrev> file. This modular approach allows NeuroConv to handle complex experimental setups with multiple data streams while maintaining a consistent interface for users.</p>
</sec>
<sec id="sec-5">
<label>2.3</label>
<title>Multi-modal time synchronization</title>
<p>Precise temporal alignment across diverse recording modalities is essential for accurate multi-modal data analysis and reproducibility. NeuroConv streamlines this critical process by providing intuitive, unified methods for time synchronization, leveraging common temporal references like hardware clocks or synchronization pulses. NeuroConv provides convenience functions for extracting times from pulse signals, and for aligning time using a single starting pulse or for regular pulses sent between systems. These alignment strategies can correct for differences in starting time and for temporal drift between systems, and work for systems with very different sampling rates. This automation enforces best practices for temporal metadata in <abbrev alt="Neurodata Without Borders">NWB</abbrev> and enhances downstream analysis integrity.</p>
</sec>
<sec id="sec-6">
<label>2.4</label>
<title>Handling High-Volume Data</title>
<p>Modern acquisition systems, such as multi-probe Neuropixel recordings or whole-brain optical imaging, generate massive volumes of data that continue to grow year over year (<xref ref-type="bibr" rid="ref-5">Steinmetz <italic>et al.</italic>, 2018</xref>; <xref ref-type="bibr" rid="ref-6">Benisty <italic>et al.</italic>, 2022</xref>; <xref ref-type="bibr" rid="ref-35">Stringer &amp; Pachitariu, 2024</xref>). These volumes of data pose a variety of challenges both for conversion and for long-term storage. Moreover, as cloud computing emerges as a solution (<xref ref-type="bibr" rid="ref-7">Juve <italic>et al.</italic>, 2009</xref>; <xref ref-type="bibr" rid="ref-8">Moore <italic>et al.</italic>, 2021</xref>) for managing and storing large datasets, ensuring efficient accessibility for the scientific community becomes a critical consideration.</p>
<p>A critical feature is the ability to process datasets larger than available RAM. NeuroConv inherits from the work performed by the <abbrev alt="Neurodata Without Borders">NWB</abbrev> core group with <ext-link ext-link-type="uri" xlink:href="https://pynwb.readthedocs.io/en/stable/tutorials/advanced_io/plot_iterative_write.html#sphx-glr-tutorials-advanced-io-plot-iterative-write-py">iterative writing</ext-link> to stream data in manageable chunks, with configurable buffer sizes based on available resources. We have extended this approach to support chunked reading that allows buffered writing of large datasets. This approach enables processing of arbitrarily large files and has been successfully tested on 100+ GB files using computers with only 8 GB of RAM.</p>
<p>For storage optimization, NeuroConv leverages chunking and compression in HDF5 and Zarr, the currently supported backends in <abbrev alt="Neurodata Without Borders">NWB</abbrev>. Chunking allows large datasets to be read in manageable chunk sizes, and lossless compression algorithms allow us to reduce file size without altering the values of the data. There are many options for compression algorithms, and they present a trade-off between storage space and access speed (<xref ref-type="bibr" rid="ref-9">Buccino <italic>et al.</italic>, 2023</xref>). NeuroConv exposes an easy-to-use <ext-link ext-link-type="uri" xlink:href="https://neuroconv.readthedocs.io/en/stable/user_guide/backend_configuration.html">API</ext-link> for configuring chunking and compression settings at the dataset level, allowing for quick experimentation while providing sensible defaults that work for most users.</p>
<p>Determining optimal chunk parameters involves complex tradeoffs (<xref ref-type="bibr" rid="ref-16">Nguyen <italic>et al.</italic>, 2023</xref>). Large chunks minimize the number of read operations but may require decompressing unnecessary data when accessing small subsets. Small chunks provide more precise access but increase overhead, particularly for cloud storage where each chunk requires a separate HTTP range request. Generally, appropriate chunking requires understanding the most common data access patterns. By understanding common analysis workflows and visualization patterns, it becomes feasible to implement evidence-based heuristics for chunk sizing across common data types, such as voltage recordings and imaging datasets.</p>
</sec>
<sec id="sec-7">
<label>2.5</label>
<title>Cloud Deployment</title>
<p>NeuroConv supports both local installation (Linux, Windows, or macOS) and <ext-link ext-link-type="uri" xlink:href="https://neuroconv.readthedocs.io/en/stable/user_guide/aws_demo.html">cloud deployment</ext-link> through a maintained <ext-link ext-link-type="uri" xlink:href="https://neuroconv.readthedocs.io/en/stable/user_guide/docker_demo.html">Docker image</ext-link> containing all dependencies. We’ve developed a YAML-based specification language for defining conversion pipelines, validated through JSON schema. This specification can fully describe multi-subject, multi-session conversions with custom metadata at each level, enabling automated conversion through containerized NeuroConv deployments.</p>
</sec>
<sec id="sec-8">
<label>2.6</label>
<title>Testing and Quality Assurance</title>
<p>Ensuring reliable conversion across diverse neurophysiology data formats requires a robust testing infrastructure. Our testing framework rests on two pillars: an automated continuous integration (<abbrev alt="continuous integration">CI</abbrev>) pipeline built using <ext-link ext-link-type="uri" xlink:href="https://github.com/features/actions">GitHub Actions</ext-link> and a comprehensive test data library.</p>
<p>Our continuous integration pipeline ensures code quality and maintains compatibility across operating systems through standard software engineering practices. The pipeline runs on every pull request and includes several key components: unit tests covering the core functionality of the library; integration tests ensuring the library works as expected with real data; cross-platform testing to verify compatibility across all supported operating systems; documentation builds to ensure up-to-date documentation; <ext-link ext-link-type="uri" xlink:href="https://docs.python.org/es/3.13/library/doctest.html">doctest</ext-link> functionality to verify that our conversion gallery works with the current version of the code, preventing documentation drift; code style checks ensuring consistency and adherence to best practices; and test coverage analysis to ensure the code is well-tested and maintainable. The code coverage of NeuroConv stands at 90%, which exceeds standard practices (<xref ref-type="bibr" rid="ref-17">Ivanković <italic>et al.</italic>, 2019</xref>; <xref ref-type="bibr" rid="ref-18">Felidré <italic>et al.</italic>, 2019</xref>).  Failed tests block pull request merging, maintaining code quality standards while facilitating rapid development.</p>
<p>Our test data infrastructure comprises carefully curated libraries spanning all supported formats, organized across three specialized domains: <ext-link ext-link-type="uri" xlink:href="https://gin.g-node.org/NeuralEnsemble/ephy_testing_data/">extracellular electrophysiology</ext-link> (developed in collaboration with NEO and SpikeInterface teams), <ext-link ext-link-type="uri" xlink:href="https://gin.g-node.org/CatalystNeuro/ophys_testing_data">optical physiology</ext-link>, and <ext-link ext-link-type="uri" xlink:href="https://gin.g-node.org/CatalystNeuro/behavior_testing_data">behavior</ext-link>. Each library contains representative files selected to encompass common usage patterns, format variations, edge cases, and diverse experimental configurations. This comprehensive coverage ensures that our testing captures real-world scenarios, from legacy format versions to modern acquisition systems with missing data streams or unconventional metadata structures. For continuous integration, we leverage <ext-link ext-link-type="uri" xlink:href="https://gin.g-node.org">G-Node</ext-link>’s git-annex technology for efficient large file management, maintaining lightweight repositories while providing full access to the test datasets. During continuous integration, GitHub Actions automatically downloads and caches these libraries, ensuring tests execute with current data while minimizing transfer overhead and maintaining rapid build times.</p>
</sec>
</sec>
<sec id="sec-9">
<label>3</label>
<title><abbrev alt="Neurodata Without Borders">NWB</abbrev> Community and Software Ecosystem</title>
<sec id="sec-10">
<label>3.1</label>
<title>NeuroConv and the <abbrev alt="Neurodata Without Borders">NWB</abbrev> Conversion Landscape</title>
<p>NeuroConv occupies a strategic position within the broader <abbrev alt="Neurodata Without Borders">NWB</abbrev> ecosystem, bridging the gap between low-level programming interfaces and high-level user tools. The conversion landscape offers different approaches suited to varying user needs and technical expertise levels.</p>
<fig id="figure-3">
<label>Figure 3:</label>
<caption>
<p>This illustrates where NeuroConv stands in regard to other conversion tools. For low-level, high-precision control, users can employ the <abbrev alt="Neurodata Without Borders">NWB</abbrev> APIs directly (<ext-link ext-link-type="uri" xlink:href="https://pynwb.readthedocs.io">PyNWB</ext-link> in Python, <ext-link ext-link-type="uri" xlink:href="https://matnwb.readthedocs.io/">MatNWB</ext-link> in MATLAB). For a guided GUI-based experience, the <ext-link ext-link-type="uri" xlink:href="https://nwb-guide.readthedocs.io/">NWB GUIDE</ext-link> offers the best option but may be too rigid for complex workflows. NeuroConv stands as a middle ground, automating the conversion of a large number of formats while still allowing for customization and flexibility.</p>
</caption>
<graphic mimetype="image" mime-subtype="png" xlink:href="files/conversion_compariso-b102ec2814b52ae34fa7deacd48fda9a.png"/>
</fig>
<p>At the foundational level, <ext-link ext-link-type="uri" xlink:href="https://pynwb.readthedocs.io">PyNWB</ext-link> and <ext-link ext-link-type="uri" xlink:href="https://matnwb.readthedocs.io/">MatNWB</ext-link> provide direct programmatic access to the <abbrev alt="Neurodata Without Borders">NWB</abbrev> specification, offering maximum flexibility but requiring deep understanding of the standard. <ext-link ext-link-type="uri" xlink:href="https://nwb-guide.readthedocs.io/">NWB GUIDE</ext-link> offers a graphical interface that democratizes access to <abbrev alt="Neurodata Without Borders">NWB</abbrev> conversion through guided workflows, making it accessible to users without programming experience. NeuroConv complements both approaches by providing programmatic automation while maintaining the flexibility needed for complex, multi-modal experimental setups. This ecosystem approach ensures that researchers can choose the conversion method that best matches their technical expertise and experimental complexity, while all approaches converge on the same standardized output format.</p>
</sec>
<sec id="sec-11">
<label>3.2</label>
<title>Integration with Data Archives and Visualization</title>
<p>The <ext-link ext-link-type="uri" xlink:href="https://dandiarchive.org/">Distributed Archives for Neurophysiology Data Integration (DANDI)</ext-link>  Archive complements <abbrev alt="Neurodata Without Borders">NWB</abbrev> by providing free hosting for terabyte-scale datasets, letting researchers satisfy NIH data-sharing mandates while archiving data in a versioned, API-driven repository connected to a rich ecosystem of visualization and analysis tools. NeuroConv integrates tightly with <abbrev alt="Distributed Archives for Neurophysiology Data Integration">DANDI</abbrev> through automated upload functionality that validates required metadata, enforces <abbrev alt="Distributed Archives for Neurophysiology Data Integration">DANDI</abbrev> naming conventions, and automatically uploads <abbrev alt="Neurodata Without Borders">NWB</abbrev> files to the archive.</p>
<p>Together, <abbrev alt="Neurodata Without Borders">NWB</abbrev>, NeuroConv, and <abbrev alt="Distributed Archives for Neurophysiology Data Integration">DANDI</abbrev> showcase a comprehensive pipeline that spans the entire data lifecycle from acquisition to publication and reuse, supporting emerging software domains from electrophysiological spike sorting to calcium imaging segmentation and behavioral pose estimation.</p>
</sec>
</sec>
<sec id="sec-12">
<label>4</label>
<title>Current Limitations</title>
<p>While NeuroConv has significantly improved data standardization processes, some major challenges remain:</p>
<p><bold>Format Coverage</bold>: Despite supporting 47 formats, the neurophysiology ecosystem continues to evolve with new acquisition systems, format versions, and processing software. Each new system often introduces proprietary formats with unique metadata structures and data organization schemes. While NeuroConv’s modular architecture allows users to develop custom DataInterfaces for unsupported formats, this process requires substantial technical expertise in both the source format’s internal structure and NeuroConv’s interface architecture. Additionally, maintaining custom interfaces as both the source format and NeuroConv evolve presents ongoing maintenance challenges for individual laboratories.</p>
<p><bold>Custom Laboratory Formats</bold>: Many laboratories develop custom data storage solutions tailored to their specific experimental workflows, often utilizing MATLAB files, custom CSV schemas, or bespoke binary formats. These custom formats frequently exhibit significant variability not only between laboratories but even within the same laboratory over time as experimental protocols evolve. The heterogeneous nature of these formats, ranging from simple tabular data to complex nested structures with laboratory-specific metadata conventions, makes automated conversion particularly challenging. While NeuroConv can handle some standardized custom formats, the diversity of these approaches often requires manual intervention or custom code development.  For these cases, we provide <ext-link ext-link-type="uri" xlink:href="https://neuroconv.readthedocs.io/en/stable/developer_guide/build_data_interface.html">documentation for building custom DataInterfaces</ext-link> that build upon our established abstractions and integrate directly with other DataInterfaces in multi-modal Converter workflows. Since users understand their own data formats best, they are well-positioned to develop these interfaces. This approach is particularly valuable for behavioral data where standardization remains elusive (<xref ref-type="bibr" rid="ref-4">Ly <italic>et al.</italic>, 2024</xref>).</p>
<p><bold>Metadata Completeness</bold>: While NeuroConv automatically extracts available metadata from source formats, many acquisition systems store incomplete or inconsistent metadata. Critical information such as experimental conditions, subject details, or calibration parameters may be missing, incorrectly formatted, or stored in non-standard locations. This limitation requires manual metadata curation and validation, which can be time-consuming for large datasets. Additionally, some formats store metadata in proprietary or undocumented structures that may not be fully accessible through existing parsing libraries.</p>
<p><bold>Complex Experimental Paradigms</bold>: Highly specialized experimental setups such as those involving custom-built hardware, novel stimulation protocols, or unique behavioral paradigms, may not map directly onto <abbrev alt="Neurodata Without Borders">NWB</abbrev>’s data organization schemes. While <abbrev alt="Neurodata Without Borders">NWB</abbrev> provides extension mechanisms for custom data types, leveraging these extensions through NeuroConv requires additional development effort and deep understanding of the <abbrev alt="Neurodata Without Borders">NWB</abbrev> specification. These edge cases often require manual intervention or custom conversion pipelines that may not be easily generalizable to other laboratories.</p>
<p><bold>Programming Prerequisites</bold>: While NeuroConv substantially reduces the coding burden, it still requires basic programming knowledge, including object-oriented concepts. While we aim to make the library as user-friendly as possible, users must still be comfortable with Python programming to effectively utilize NeuroConv. This includes understanding how to install the library, manage dependencies, and write scripts that leverage the DataInterface classes for conversion.</p>
</sec>
<sec id="sec-13">
<label>5</label>
<title>Future Directions</title>
<p><bold>Enhanced User Experience</bold>: We are implementing comprehensive improvements to examples, tutorials, and documentation. We aim to slowly transition to the Diataxis (<xref ref-type="bibr" rid="ref-14">Procida, 2020</xref>) framework which will provide clearer learning pathways for users with different backgrounds and goals.</p>
<p><bold><abbrev alt="Neurodata Without Borders">NWB</abbrev> Standard Evolution</bold>: We actively participate in <abbrev alt="Neurodata Without Borders">NWB</abbrev> schema development and maintain close alignment with emerging standards through engagement with <abbrev alt="Neurodata Without Borders">NWB</abbrev> Extensions Proposals. By monitoring and contributing to current developments, including enhanced schemas for experimental events (<abbrev alt="Neurodata Without Borders">NWB</abbrev>EP001), extracellular electrophysiology (<abbrev alt="Neurodata Without Borders">NWB</abbrev>EP002), and optical physiology (<abbrev alt="Neurodata Without Borders">NWB</abbrev>EP003, <abbrev alt="Neurodata Without Borders">NWB</abbrev>EP004), we ensure that NeuroConv incorporates the latest standard improvements as they become available for the benefit of our users.</p>
<p><bold>AI-Assisted Conversion</bold>: We are exploring large language model integration to advance our core mission of automating neurophysiology data conversion. More concretely, we are developing an LLM‑powered conversion agent that uses retrieval‑augmented generation over neuroconv documentation and curated examples to synthesize <abbrev alt="Neurodata Without Borders">NWB</abbrev>‑compliant conversion code and validate the results with nwb‑inspector. Grounded in verifiable sources, the agent streamlines converter creation while minimizing hallucinations and ensuring reproducibility.</p>
<p><bold>Cloud-Optimized Storage</bold>: We are implementing improved chunking patterns and compression strategies for large datasets to enhance cloud access performance. This includes systematic experimentation through the <ext-link ext-link-type="uri" xlink:href="https://nwb-benchmarks.readthedocs.io/en/latest/">NWB Benchmarks Project</ext-link> to determine optimal chunk sizes and compression algorithms (<xref ref-type="bibr" rid="ref-9">Buccino <italic>et al.</italic>, 2023</xref>). Our goal is to implement evidence-based heuristics that ensure efficient and performant data storage, as well as having a friendly and clear API that allows customization and flexibility for users to adapt to their specific needs. In the future, we would also like to explore the inclusions of cost optimization considerations for cloud storage (<xref ref-type="bibr" rid="ref-32">Yuan <italic>et al.</italic>, 2016</xref>).</p>
</sec>
<sec id="sec-14">
<label>6</label>
<title>Conclusion</title>
<p>We believe that NeuroConv represents a critical step toward realizing the vision of <abbrev alt="Findable, Accessible, Interoperable, and Reusable">FAIR</abbrev> neurophysiology data. By automating the conversion of diverse data formats into a common standard, we enable researchers to focus on scientific discovery rather than data wrangling. The success of this approach depends not only on technical implementation but on fostering a community that values standardization, reproducibility, and open science.</p>
<p>Our work demonstrates that effective scientific software development requires balancing automation with flexibility, standardization with customization, and ease of use with powerful capabilities. The challenges we have addressed such as format diversity, metadata complexity, and scale are not unique to neurophysiology but represent broader issues in scientific computing that require community-driven solutions.</p>
<p>The broader implications extend beyond neurophysiology to any scientific domain grappling with data heterogeneity and the need for standardization. We believe that our approach of abstracting format complexity through unified interfaces, while maintaining extensibility through modular architecture, provides a template for similar challenges in other fields.</p>
<p>As the neurophysiology community continues to generate increasingly complex and large datasets, tools like NeuroConv become essential infrastructure for scientific progress. By lowering barriers to data standardization and sharing, we contribute to a future where scientific data is truly <abbrev alt="Findable, Accessible, Interoperable, and Reusable">FAIR</abbrev>, accelerating discovery and enhancing reproducibility across the field.</p>
</sec>
</body>
<back>
<ref-list>
<ref id="ref-38">
<element-citation publication-type="journal">
<article-title>The FAIR Guiding Principles for scientific data management and stewardship</article-title>
<person-group person-group-type="author">
<name><surname>Wilkinson</surname><given-names>Mark D</given-names></name>
<name><surname>Dumontier</surname><given-names>Michel</given-names></name>
<name><surname>Aalbersberg</surname><given-names>IJsbrand Jan</given-names></name>
<name><surname>Appleton</surname><given-names>Gabrielle</given-names></name>
<name><surname>Axton</surname><given-names>Myles</given-names></name>
<name><surname>Baak</surname><given-names>Arie</given-names></name>
<name><surname>Blomberg</surname><given-names>Niklas</given-names></name>
<name><surname>Boiten</surname><given-names>Jan-Willem</given-names></name>
<name><surname>Silva Santos</surname><given-names>Luiz Bonino</given-names></name>
<name><surname>Bourne</surname><given-names>Philip E</given-names></name>
<name><surname>others</surname></name>
</person-group><source>Scientific data</source><year iso-8601-date="2016">2016</year><pub-id pub-id-type="doi">10.1038/sdata.2016.18</pub-id><volume>3</volume><issue>1</issue><fpage>1</fpage><lpage>9</lpage></element-citation>
</ref>
<ref id="ref-37">
<element-citation publication-type="journal">
<article-title>The past, present and future of neuroscience data sharing: a perspective on the state of practices and infrastructure for FAIR</article-title>
<person-group person-group-type="author">
<name><surname>Martone</surname><given-names>Maryann E</given-names></name>
</person-group><source>Frontiers in Neuroinformatics</source><year iso-8601-date="2024">2024</year><pub-id pub-id-type="doi">10.3389/fninf.2023.1276407</pub-id><volume>17</volume><fpage>1276407</fpage></element-citation>
</ref>
<ref id="ref-2">
<element-citation publication-type="journal">
<article-title>Neurodata without borders: creating a common data format for neurophysiology</article-title>
<person-group person-group-type="author">
<name><surname>Teeters</surname><given-names>Jeffery L</given-names></name>
<name><surname>Godfrey</surname><given-names>Keith</given-names></name>
<name><surname>Young</surname><given-names>Rob</given-names></name>
<name><surname>Dang</surname><given-names>Chinh</given-names></name>
<name><surname>Friedsam</surname><given-names>Claudia</given-names></name>
<name><surname>Wark</surname><given-names>Barry</given-names></name>
<name><surname>Asari</surname><given-names>Hiroki</given-names></name>
<name><surname>Peron</surname><given-names>Simon</given-names></name>
<name><surname>Li</surname><given-names>Nuo</given-names></name>
<name><surname>Peyrache</surname><given-names>Adrien</given-names></name>
<name><surname>others</surname></name>
</person-group><source>Neuron</source><year iso-8601-date="2015">2015</year><volume>88</volume><issue>4</issue><fpage>629</fpage><lpage>634</lpage></element-citation>
</ref>
<ref id="ref-3">
<element-citation publication-type="journal">
<article-title>Proposal for a standard format for neurophysiology data recording and exchange</article-title>
<person-group person-group-type="author">
<name><surname>Stead</surname><given-names>Matt</given-names></name>
<name><surname>Halford</surname><given-names>Jonathan J</given-names></name>
</person-group><source>Journal of Clinical Neurophysiology</source><year iso-8601-date="2016">2016</year><volume>33</volume><issue>5</issue><fpage>403</fpage><lpage>413</lpage></element-citation>
</ref>
<ref id="ref-1">
<element-citation publication-type="journal">
<article-title>The Neurodata Without Borders ecosystem for neurophysiological data science</article-title>
<person-group person-group-type="author">
<name><surname>Rübel</surname><given-names>Oliver</given-names></name>
<name><surname>Tritt</surname><given-names>Andrew</given-names></name>
<name><surname>Ly</surname><given-names>Ryan</given-names></name>
<name><surname>Dichter</surname><given-names>Benjamin K</given-names></name>
<name><surname>Ghosh</surname><given-names>Satrajit</given-names></name>
<name><surname>Niu</surname><given-names>Lawrence</given-names></name>
<name><surname>Baker</surname><given-names>Pamela</given-names></name>
<name><surname>Soltesz</surname><given-names>Ivan</given-names></name>
<name><surname>Ng</surname><given-names>Lydia</given-names></name>
<name><surname>Svoboda</surname><given-names>Karel</given-names></name>
<name><surname>others</surname></name>
</person-group><source>Elife</source><year iso-8601-date="2022">2022</year><volume>11</volume><fpage>e78362</fpage></element-citation>
</ref>
<ref id="ref-27">
<element-citation publication-type="journal">
<article-title>CellExplorer: A framework for visualizing and characterizing single neurons</article-title>
<person-group person-group-type="author">
<name><surname>Petersen</surname><given-names>Peter C</given-names></name>
<name><surname>Siegle</surname><given-names>Joshua H</given-names></name>
<name><surname>Steinmetz</surname><given-names>Nicholas A</given-names></name>
<name><surname>Mahallati</surname><given-names>Sara</given-names></name>
<name><surname>Buzsáki</surname><given-names>György</given-names></name>
</person-group><source>Neuron</source><year iso-8601-date="2021">2021</year><pub-id pub-id-type="doi">10.1016/j.neuron.2021.09.002</pub-id><volume>109</volume><issue>22</issue><fpage>3594</fpage><lpage>3608</lpage></element-citation>
</ref>
<ref id="ref-28">
<element-citation publication-type="journal">
<article-title>Spike sorting with Kilosort4</article-title>
<person-group person-group-type="author">
<name><surname>Pachitariu</surname><given-names>Marius</given-names></name>
<name><surname>Sridhar</surname><given-names>Shashwat</given-names></name>
<name><surname>Pennington</surname><given-names>Jacob</given-names></name>
<name><surname>Stringer</surname><given-names>Carsen</given-names></name>
</person-group><source>Nature Methods</source><year iso-8601-date="2024">2024</year><pub-id pub-id-type="doi">10.1038/s41592-024-02232-7</pub-id><volume>21</volume><issue>5</issue><fpage>914</fpage><lpage>921</lpage></element-citation>
</ref>
<ref id="ref-30">
<element-citation publication-type="journal">
<article-title>Miniscope-LFOV: a large-field-of-view, single-cell-resolution, miniature microscope for wired and wire-free imaging of neural dynamics in freely behaving animals</article-title>
<person-group person-group-type="author">
<name><surname>Guo</surname><given-names>Changliang</given-names></name>
<name><surname>Blair</surname><given-names>Garrett J</given-names></name>
<name><surname>Sehgal</surname><given-names>Megha</given-names></name>
<name><surname>Sangiuliano Jimka</surname><given-names>Federico N</given-names></name>
<name><surname>Bellafard</surname><given-names>Arash</given-names></name>
<name><surname>Silva</surname><given-names>Alcino J</given-names></name>
<name><surname>Golshani</surname><given-names>Peyman</given-names></name>
<name><surname>Basso</surname><given-names>Michele A</given-names></name>
<name><surname>Blair</surname><given-names>Hugh Tad</given-names></name>
<name><surname>Aharoni</surname><given-names>Daniel</given-names></name>
</person-group><source>Science advances</source><year iso-8601-date="2023">2023</year><pub-id pub-id-type="doi">10.1126/sciadv.adg3918</pub-id><volume>9</volume><issue>16</issue><fpage>eadg3918</fpage></element-citation>
</ref>
<ref id="ref-20">
<element-citation publication-type="journal">
<article-title>CaImAn an open source tool for scalable calcium imaging data analysis</article-title>
<person-group person-group-type="author">
<name><surname>Giovannucci</surname><given-names>Andrea</given-names></name>
<name><surname>Friedrich</surname><given-names>Johannes</given-names></name>
<name><surname>Gunn</surname><given-names>Pat</given-names></name>
<name><surname>Kalfon</surname><given-names>Jérémie</given-names></name>
<name><surname>Brown</surname><given-names>Brandon L</given-names></name>
<name><surname>Koay</surname><given-names>Sue Ann</given-names></name>
<name><surname>Taxidis</surname><given-names>Jiannis</given-names></name>
<name><surname>Najafi</surname><given-names>Farzaneh</given-names></name>
<name><surname>Gauthier</surname><given-names>Jeffrey L</given-names></name>
<name><surname>Zhou</surname><given-names>Pengcheng</given-names></name>
<name><surname>others</surname></name>
</person-group><source>elife</source><year iso-8601-date="2019">2019</year><volume>8</volume><fpage>e38173</fpage></element-citation>
</ref>
<ref id="ref-24">
<element-citation publication-type="journal">
<article-title>Simultaneous denoising, deconvolution, and demixing of calcium imaging data</article-title>
<person-group person-group-type="author">
<name><surname>Pnevmatikakis</surname><given-names>Eftychios A</given-names></name>
<name><surname>Soudry</surname><given-names>Daniel</given-names></name>
<name><surname>Gao</surname><given-names>Yuanjun</given-names></name>
<name><surname>Machado</surname><given-names>Timothy A</given-names></name>
<name><surname>Merel</surname><given-names>Josh</given-names></name>
<name><surname>Pfau</surname><given-names>David</given-names></name>
<name><surname>Reardon</surname><given-names>Thomas</given-names></name>
<name><surname>Mu</surname><given-names>Yu</given-names></name>
<name><surname>Lacefield</surname><given-names>Clay</given-names></name>
<name><surname>Yang</surname><given-names>Weijian</given-names></name>
<name><surname>others</surname></name>
</person-group><source>Neuron</source><year iso-8601-date="2016">2016</year><volume>89</volume><issue>2</issue><fpage>285</fpage><lpage>299</lpage></element-citation>
</ref>
<ref id="ref-22">
<element-citation publication-type="journal">
<article-title>Robust estimation of neural signals in calcium imaging</article-title>
<person-group person-group-type="author">
<name><surname>Inan</surname><given-names>Hakan</given-names></name>
<name><surname>Erdogdu</surname><given-names>Murat A</given-names></name>
<name><surname>Schnitzer</surname><given-names>Mark</given-names></name>
</person-group><source>Advances in neural information processing systems</source><year iso-8601-date="2017">2017</year><volume>30</volume></element-citation>
</ref>
<ref id="ref-29">
<element-citation publication-type="journal">
<article-title>Minian, an open-source miniscope analysis pipeline</article-title>
<person-group person-group-type="author">
<name><surname>Dong</surname><given-names>Zhe</given-names></name>
<name><surname>Mau</surname><given-names>William</given-names></name>
<name><surname>Feng</surname><given-names>Yu</given-names></name>
<name><surname>Pennington</surname><given-names>Zachary T</given-names></name>
<name><surname>Chen</surname><given-names>Lingxuan</given-names></name>
<name><surname>Zaki</surname><given-names>Yosif</given-names></name>
<name><surname>Rajan</surname><given-names>Kanaka</given-names></name>
<name><surname>Shuman</surname><given-names>Tristan</given-names></name>
<name><surname>Aharoni</surname><given-names>Daniel</given-names></name>
<name><surname>Cai</surname><given-names>Denise J</given-names></name>
</person-group><source>Elife</source><year iso-8601-date="2022">2022</year><pub-id pub-id-type="doi">10.7554/eLife.70661</pub-id><volume>11</volume><fpage>e70661</fpage></element-citation>
</ref>
<ref id="ref-19">
<element-citation publication-type="journal">
<article-title>Suite2p: beyond 10,000 neurons with standard two-photon microscopy</article-title>
<person-group person-group-type="author">
<name><surname>Pachitariu</surname><given-names>Marius</given-names></name>
<name><surname>Stringer</surname><given-names>Carsen</given-names></name>
<name><surname>Schröder</surname><given-names>Sylvia</given-names></name>
<name><surname>Dipoppa</surname><given-names>Mario</given-names></name>
<name><surname>Rossi</surname><given-names>L Federico</given-names></name>
<name><surname>Carandini</surname><given-names>Matteo</given-names></name>
<name><surname>Harris</surname><given-names>Kenneth D</given-names></name>
</person-group><source>BioRxiv</source><year iso-8601-date="2016">2016</year><fpage>061507</fpage></element-citation>
</ref>
<ref id="ref-26">
<element-citation publication-type="journal">
<article-title>DeepLabCut: markerless pose estimation of user-defined body parts with deep learning</article-title>
<person-group person-group-type="author">
<name><surname>Mathis</surname><given-names>Alexander</given-names></name>
<name><surname>Mamidanna</surname><given-names>Pranav</given-names></name>
<name><surname>Cury</surname><given-names>Kevin M</given-names></name>
<name><surname>Abe</surname><given-names>Taiga</given-names></name>
<name><surname>Murthy</surname><given-names>Venkatesh N</given-names></name>
<name><surname>Mathis</surname><given-names>Mackenzie Weygandt</given-names></name>
<name><surname>Bethge</surname><given-names>Matthias</given-names></name>
</person-group><source>Nature neuroscience</source><year iso-8601-date="2018">2018</year><volume>21</volume><issue>9</issue><fpage>1281</fpage><lpage>1289</lpage></element-citation>
</ref>
<ref id="ref-31">
<element-citation publication-type="journal">
<article-title>FicTrac: a visual method for tracking spherical motion and generating fictive animal paths</article-title>
<person-group person-group-type="author">
<name><surname>Moore</surname><given-names>Richard JD</given-names></name>
<name><surname>Taylor</surname><given-names>Gavin J</given-names></name>
<name><surname>Paulk</surname><given-names>Angelique C</given-names></name>
<name><surname>Pearson</surname><given-names>Thomas</given-names></name>
<name><surname>Swinderen</surname><given-names>Bruno</given-names></name>
<name><surname>Srinivasan</surname><given-names>Mandyam V</given-names></name>
</person-group><source>Journal of neuroscience methods</source><year iso-8601-date="2014">2014</year><pub-id pub-id-type="doi">10.1016/j.jneumeth.2014.01.010</pub-id><volume>225</volume><fpage>106</fpage><lpage>119</lpage></element-citation>
</ref>
<ref id="ref-33">
<element-citation publication-type="journal">
<article-title>Lightning Pose: improved animal pose estimation via semi-supervised learning, Bayesian ensembling and cloud-native open-source tools</article-title>
<person-group person-group-type="author">
<name><surname>Biderman</surname><given-names>Dan</given-names></name>
<name><surname>Whiteway</surname><given-names>Matthew R</given-names></name>
<name><surname>Hurwitz</surname><given-names>Cole</given-names></name>
<name><surname>Greenspan</surname><given-names>Nicholas</given-names></name>
<name><surname>Lee</surname><given-names>Robert S</given-names></name>
<name><surname>Vishnubhotla</surname><given-names>Ankit</given-names></name>
<name><surname>Warren</surname><given-names>Richard</given-names></name>
<name><surname>Pedraja</surname><given-names>Federico</given-names></name>
<name><surname>Noone</surname><given-names>Dillon</given-names></name>
<name><surname>Schartner</surname><given-names>Michael M</given-names></name>
<name><surname>others</surname></name>
</person-group><source>Nature Methods</source><year iso-8601-date="2024">2024</year><volume>21</volume><issue>7</issue><fpage>1316</fpage><lpage>1328</lpage></element-citation>
</ref>
<ref id="ref-25">
<element-citation publication-type="journal">
<article-title>SLEAP: A deep learning system for multi-animal pose tracking</article-title>
<person-group person-group-type="author">
<name><surname>Pereira</surname><given-names>Talmo D</given-names></name>
<name><surname>Tabris</surname><given-names>Nathaniel</given-names></name>
<name><surname>Matsliah</surname><given-names>Arie</given-names></name>
<name><surname>Turner</surname><given-names>David M</given-names></name>
<name><surname>Li</surname><given-names>Junyu</given-names></name>
<name><surname>Ravindranath</surname><given-names>Shruthi</given-names></name>
<name><surname>Papadoyannis</surname><given-names>Eleni S</given-names></name>
<name><surname>Normand</surname><given-names>Edna</given-names></name>
<name><surname>Deutsch</surname><given-names>David S</given-names></name>
<name><surname>Wang</surname><given-names>Z Yan</given-names></name>
<name><surname>others</surname></name>
</person-group><source>Nature methods</source><year iso-8601-date="2022">2022</year><volume>19</volume><issue>4</issue><fpage>486</fpage><lpage>495</lpage></element-citation>
</ref>
<ref id="ref-13">
<element-citation publication-type="journal">
<article-title>Neo: an object model for handling electrophysiology data in multiple formats</article-title>
<person-group person-group-type="author">
<name><surname>Garcia</surname><given-names>S.</given-names></name>
<name><surname>Guarino</surname><given-names>D.</given-names></name>
<name><surname>Jaillet</surname><given-names>F.</given-names></name>
<name><surname>Jennings</surname><given-names>T. R.</given-names></name>
<name><surname>Pröpper</surname><given-names>R.</given-names></name>
<name><surname>Rautenberg</surname><given-names>P. L.</given-names></name>
<name><surname>Rodgers</surname><given-names>C.</given-names></name>
<name><surname>Sobolev</surname><given-names>A.</given-names></name>
<name><surname>Wachtler</surname><given-names>T.</given-names></name>
<name><surname>Yger</surname><given-names>P.</given-names></name>
<name><surname>Davison</surname><given-names>A. P.</given-names></name>
</person-group><source>Frontiers in Neuroinformatics</source><year iso-8601-date="2014">2014</year><pub-id pub-id-type="doi">https://doi.org/10.3389/fninf.2014.00010</pub-id><volume>8</volume><fpage>10</fpage></element-citation>
</ref>
<ref id="ref-11">
<element-citation publication-type="journal">
<article-title>SpikeInterface, a unified framework for spike sorting</article-title>
<person-group person-group-type="author">
<name><surname>Buccino</surname><given-names>Alessio P.</given-names></name>
<name><surname>Hurwitz</surname><given-names>Cole L.</given-names></name>
<name><surname>Garcia</surname><given-names>Samuel</given-names></name>
<name><surname>Magland</surname><given-names>Jeremy</given-names></name>
<name><surname>Siegle</surname><given-names>Joshua H.</given-names></name>
<name><surname>Hurwitz</surname><given-names>Roger</given-names></name>
<name><surname>Hennig</surname><given-names>Matthias H.</given-names></name>
</person-group><source>eLife</source><year iso-8601-date="2020">2020</year><pub-id pub-id-type="doi">https://doi.org/10.7554/eLife.61834</pub-id><volume>9</volume><fpage>e61834</fpage></element-citation>
</ref>
<ref id="ref-12">
<element-citation publication-type="journal">
<article-title>ProbeInterface: a unified framework for probe handling in extracellular electrophysiology</article-title>
<person-group person-group-type="author">
<name><surname>Garcia</surname><given-names>Samuel</given-names></name>
<name><surname>Sprenger</surname><given-names>Julia</given-names></name>
<name><surname>Holtzman</surname><given-names>Tahl</given-names></name>
<name><surname>Buccino</surname><given-names>Alessio P.</given-names></name>
</person-group><source>Frontiers in Neuroinformatics</source><year iso-8601-date="2022">2022</year><pub-id pub-id-type="doi">https://doi.org/10.3389/fninf.2022.823056</pub-id><volume>16</volume><fpage>823056</fpage></element-citation>
</ref>
<ref id="ref-47">
<element-citation publication-type="document">
<article-title>cgohlke/tifffile: v2025.10.4</article-title>
<person-group person-group-type="author">
<name><surname>Christoph Gohlke</surname></name>
</person-group><year iso-8601-date="2025">2025</year><pub-id pub-id-type="doi">10.5281/ZENODO.6795860</pub-id></element-citation>
</ref>
<ref id="ref-44">
<element-citation publication-type="journal">
<article-title>SciPy 1.0: Fundamental Algorithms for Scientific Computing in Python</article-title>
<person-group person-group-type="author">
<name><surname>Virtanen</surname><given-names>Pauli</given-names></name>
<name><surname>Gommers</surname><given-names>Ralf</given-names></name>
<name><surname>Oliphant</surname><given-names>Travis E.</given-names></name>
<name><surname>Haberland</surname><given-names>Matt</given-names></name>
<name><surname>Reddy</surname><given-names>Tyler</given-names></name>
<name><surname>Cournapeau</surname><given-names>David</given-names></name>
<name><surname>Burovski</surname><given-names>Evgeni</given-names></name>
<name><surname>Peterson</surname><given-names>Pearu</given-names></name>
<name><surname>Weckesser</surname><given-names>Warren</given-names></name>
<name><surname>Bright</surname><given-names>Jonathan</given-names></name>
<name><surname>van der Walt</surname><given-names>Stéfan J.</given-names></name>
<name><surname>Brett</surname><given-names>Matthew</given-names></name>
<name><surname>Wilson</surname><given-names>Joshua</given-names></name>
<name><surname>Millman</surname><given-names>K. Jarrod</given-names></name>
<name><surname>Mayorov</surname><given-names>Nikolay</given-names></name>
<name><surname>Nelson</surname><given-names>Andrew R. J.</given-names></name>
<name><surname>Jones</surname><given-names>Eric</given-names></name>
<name><surname>Kern</surname><given-names>Robert</given-names></name>
<name><surname>Larson</surname><given-names>Eric</given-names></name>
<name><surname>Carey</surname><given-names>C J</given-names></name>
<name><surname>Polat</surname><given-names>İlhan</given-names></name>
<name><surname>Feng</surname><given-names>Yu</given-names></name>
<name><surname>Moore</surname><given-names>Eric W.</given-names></name>
<name><surname>VanderPlas</surname><given-names>Jake</given-names></name>
<name><surname>Laxalde</surname><given-names>Denis</given-names></name>
<name><surname>Perktold</surname><given-names>Josef</given-names></name>
<name><surname>Cimrman</surname><given-names>Robert</given-names></name>
<name><surname>Henriksen</surname><given-names>Ian</given-names></name>
<name><surname>Quintero</surname><given-names>E. A.</given-names></name>
<name><surname>Harris</surname><given-names>Charles R.</given-names></name>
<name><surname>Archibald</surname><given-names>Anne M.</given-names></name>
<name><surname>Ribeiro</surname><given-names>Antônio H.</given-names></name>
<name><surname>Pedregosa</surname><given-names>Fabian</given-names></name>
<name><surname>van Mulbregt</surname><given-names>Paul</given-names></name>
<name><surname>SciPy 1.0 Contributors</surname></name>
</person-group><source>Nature Methods</source><year iso-8601-date="2020">2020</year><pub-id pub-id-type="doi">https://doi.org/10.1038/s41592-019-0686-2</pub-id><volume>17</volume><fpage>261</fpage><lpage>272</lpage></element-citation>
</ref>
<ref id="ref-34">
<element-citation publication-type="journal">
<article-title>The opencv library.</article-title>
<person-group person-group-type="author">
<name><surname>Bradski</surname><given-names>Gary</given-names></name>
</person-group><source>Dr. Dobb's Journal: Software Tools for the Professional Programmer</source><year iso-8601-date="2000">2000</year><volume>25</volume><issue>11</issue><fpage>120</fpage><lpage>123</lpage></element-citation>
</ref>
<ref id="ref-5">
<element-citation publication-type="journal">
<article-title>Challenges and opportunities for large-scale electrophysiology with Neuropixels probes</article-title>
<person-group person-group-type="author">
<name><surname>Steinmetz</surname><given-names>Nicholas A</given-names></name>
<name><surname>Koch</surname><given-names>Christof</given-names></name>
<name><surname>Harris</surname><given-names>Kenneth D</given-names></name>
<name><surname>Carandini</surname><given-names>Matteo</given-names></name>
</person-group><source>Current opinion in neurobiology</source><year iso-8601-date="2018">2018</year><volume>50</volume><fpage>92</fpage><lpage>100</lpage></element-citation>
</ref>
<ref id="ref-6">
<element-citation publication-type="journal">
<article-title>Review of data processing of functional optical microscopy for neuroscience</article-title>
<person-group person-group-type="author">
<name><surname>Benisty</surname><given-names>Hadas</given-names></name>
<name><surname>Song</surname><given-names>Alexander</given-names></name>
<name><surname>Mishne</surname><given-names>Gal</given-names></name>
<name><surname>Charles</surname><given-names>Adam S</given-names></name>
</person-group><source>Neurophotonics</source><year iso-8601-date="2022">2022</year><volume>9</volume><issue>4</issue><fpage>041402</fpage><lpage>041402</lpage></element-citation>
</ref>
<ref id="ref-35">
<element-citation publication-type="journal">
<article-title>Analysis methods for large-scale neuronal recordings</article-title>
<person-group person-group-type="author">
<name><surname>Stringer</surname><given-names>Carsen</given-names></name>
<name><surname>Pachitariu</surname><given-names>Marius</given-names></name>
</person-group><source>Science</source><year iso-8601-date="2024">2024</year><pub-id pub-id-type="doi">10.1126/science.adp7429</pub-id><volume>386</volume><issue>6722</issue><fpage>eadp7429</fpage></element-citation>
</ref>
<ref id="ref-7">
<element-citation publication-type="paper-conference">
<article-title>Scientific workflow applications on Amazon EC2</article-title>
<person-group person-group-type="author">
<name><surname>Juve</surname><given-names>Gideon</given-names></name>
<name><surname>Deelman</surname><given-names>Ewa</given-names></name>
<name><surname>Vahi</surname><given-names>Karan</given-names></name>
<name><surname>Mehta</surname><given-names>Gaurang</given-names></name>
<name><surname>Berriman</surname><given-names>Bruce</given-names></name>
<name><surname>Berman</surname><given-names>Benjamin P</given-names></name>
<name><surname>Maechling</surname><given-names>Phil</given-names></name>
</person-group><source>2009 5th IEEE international conference on e-science workshops</source><year iso-8601-date="2009">2009</year><fpage>59</fpage><lpage>66</lpage></element-citation>
</ref>
<ref id="ref-8">
<element-citation publication-type="journal">
<article-title>OME-NGFF: a next-generation file format for expanding bioimaging data-access strategies</article-title>
<person-group person-group-type="author">
<name><surname>Moore</surname><given-names>Josh</given-names></name>
<name><surname>Allan</surname><given-names>Chris</given-names></name>
<name><surname>Besson</surname><given-names>Sébastien</given-names></name>
<name><surname>Burel</surname><given-names>Jean-Marie</given-names></name>
<name><surname>Diel</surname><given-names>Erin</given-names></name>
<name><surname>Gault</surname><given-names>David</given-names></name>
<name><surname>Kozlowski</surname><given-names>Kevin</given-names></name>
<name><surname>Lindner</surname><given-names>Dominik</given-names></name>
<name><surname>Linkert</surname><given-names>Melissa</given-names></name>
<name><surname>Manz</surname><given-names>Trevor</given-names></name>
<name><surname>others</surname></name>
</person-group><source>Nature methods</source><year iso-8601-date="2021">2021</year><volume>18</volume><issue>12</issue><fpage>1496</fpage><lpage>1498</lpage></element-citation>
</ref>
<ref id="ref-9">
<element-citation publication-type="journal">
<article-title>Compression strategies for large-scale electrophysiology data</article-title>
<person-group person-group-type="author">
<name><surname>Buccino</surname><given-names>Alessio P</given-names></name>
<name><surname>Winter</surname><given-names>Olivier</given-names></name>
<name><surname>Bryant</surname><given-names>David</given-names></name>
<name><surname>Feng</surname><given-names>David</given-names></name>
<name><surname>Svoboda</surname><given-names>Karel</given-names></name>
<name><surname>Siegle</surname><given-names>Joshua H</given-names></name>
</person-group><source>Journal of Neural Engineering</source><year iso-8601-date="2023">2023</year><volume>20</volume><issue>5</issue><fpage>056009</fpage></element-citation>
</ref>
<ref id="ref-16">
<element-citation publication-type="journal">
<article-title>Impact of Chunk Size on Read Performance of Zarr Data in Cloud-based Object Stores</article-title>
<person-group person-group-type="author">
<name><surname>Nguyen</surname><given-names>Dieu My T</given-names></name>
<name><surname>Cortes</surname><given-names>Johana Chazaro</given-names></name>
<name><surname>Dunn</surname><given-names>Marina M</given-names></name>
<name><surname>Shiklomanov</surname><given-names>Alexey N</given-names></name>
</person-group><source>Authorea Preprints</source><year iso-8601-date="2023">2023</year></element-citation>
</ref>
<ref id="ref-17">
<element-citation publication-type="paper-conference">
<article-title>Code coverage at Google</article-title>
<person-group person-group-type="author">
<name><surname>Ivanković</surname><given-names>Marko</given-names></name>
<name><surname>Petrović</surname><given-names>Goran</given-names></name>
<name><surname>Just</surname><given-names>René</given-names></name>
<name><surname>Fraser</surname><given-names>Gordon</given-names></name>
</person-group><source>Proceedings of the 2019 27th ACM Joint Meeting on European Software Engineering Conference and Symposium on the Foundations of Software Engineering</source><year iso-8601-date="2019">2019</year><fpage>955</fpage><lpage>963</lpage></element-citation>
</ref>
<ref id="ref-18">
<element-citation publication-type="paper-conference">
<article-title>Continuous integration theater</article-title>
<person-group person-group-type="author">
<name><surname>Felidré</surname><given-names>Wagner</given-names></name>
<name><surname>Furtado</surname><given-names>Leonardo</given-names></name>
<name><surname>Da Costa</surname><given-names>Daniel A</given-names></name>
<name><surname>Cartaxo</surname><given-names>Bruno</given-names></name>
<name><surname>Pinto</surname><given-names>Gustavo</given-names></name>
</person-group><source>2019 ACM/IEEE International Symposium on Empirical Software Engineering and Measurement (ESEM)</source><year iso-8601-date="2019">2019</year><fpage>1</fpage><lpage>10</lpage></element-citation>
</ref>
<ref id="ref-4">
<element-citation publication-type="journal">
<article-title>Structured behavioral data format: An NWB extension standard for task-based behavioral neuroscience experiments</article-title>
<person-group person-group-type="author">
<name><surname>Ly</surname><given-names>Ryan</given-names></name>
<name><surname>Avaylon</surname><given-names>Matthew</given-names></name>
<name><surname>Wulf</surname><given-names>Michael</given-names></name>
<name><surname>Kepecs</surname><given-names>Adam</given-names></name>
<name><surname>Rübel</surname><given-names>Oliver</given-names></name>
</person-group><source>bioRxiv</source><year iso-8601-date="2024">2024</year><pub-id pub-id-type="doi">10.1101/2024.01.08.574597</pub-id><fpage>2024</fpage><lpage>01</lpage></element-citation>
</ref>
<ref id="ref-14">
<element-citation publication-type="document">
<article-title>The Diátaxis Documentation Framework</article-title>
<person-group person-group-type="author">
<name><surname>Procida</surname><given-names>Daniele</given-names></name>
</person-group><year iso-8601-date="2020">2020</year></element-citation>
</ref>
<ref id="ref-32">
<element-citation publication-type="journal">
<article-title>A cost-effective strategy for storing scientific datasets with multiple service providers in the cloud</article-title>
<person-group person-group-type="author">
<name><surname>Yuan</surname><given-names>Dong</given-names></name>
<name><surname>Cui</surname><given-names>Lizhen</given-names></name>
<name><surname>Liu</surname><given-names>Xiao</given-names></name>
<name><surname>Fu</surname><given-names>Erjiang</given-names></name>
<name><surname>Yang</surname><given-names>Yun</given-names></name>
</person-group><source>arXiv preprint arXiv:1601.07028</source><year iso-8601-date="2016">2016</year></element-citation>
</ref>
</ref-list>
<ack>
<p>Part of the development of NeuroConv and this work was supported by the NIH projects “<abbrev alt="Distributed Archives for Neurophysiology Data Integration">DANDI</abbrev>: Distributed Archives for Neurophysiology Data Integration” (grant number: 1R24MH117295-01A1) and “Advancing Standardization of Neurophysiology Data Through Dissemination of <abbrev alt="Neurodata Without Borders">NWB</abbrev>” (grant number: 5U24NS120057-03).</p>
</ack>
</back>
</article>
