<?xml version="1.0" encoding="UTF-8"?>
<!DOCTYPE article PUBLIC "-//NLM//DTD JATS (Z39.96) Journal Archiving and Interchange DTD with MathML3 v1.3 20210610//EN" "http://jats.nlm.nih.gov/publishing/1.3/JATS-archivearticle1-3-mathml3.dtd">
<article xmlns:mml="http://www.w3.org/1998/Math/MathML" xmlns:xlink="http://www.w3.org/1999/xlink" xmlns:xsi="http://www.w3.org/2001/XMLSchema-instance" xmlns:ali="http://www.niso.org/schemas/ali/1.0/" dtd-version="1.3" xml:lang="en" id="index">
<front>
<article-meta>
<article-id pub-id-type="doi">10.25080/nwuf8465</article-id>
<title-group>
<article-title>Reproducible Machine Learning Workflows for Scientists with Pixi</article-title>
</title-group>
<contrib-group>
<contrib contrib-type="author" corresp="yes">
<contrib-id contrib-id-type="orcid">https://orcid.org/0000-0003-4124-7862</contrib-id>
<name name-style="western"><surname>Feickert</surname><given-names>Matthew</given-names></name>
<role vocab="credit" vocab-identifier="https://credit.niso.org/" vocab-term="Conceptualization" vocab-term-identifier="https://credit.niso.org/contributor-roles/conceptualization/">Conceptualization</role>
<role vocab="credit" vocab-identifier="https://credit.niso.org/" vocab-term="Writing – original draft" vocab-term-identifier="https://credit.niso.org/contributor-roles/writing-original-draft/">Writing – original draft</role>
<xref ref-type="aff" rid="aff-1"/>
<email>matthew.feickert@cern.ch</email>
</contrib>
<contrib contrib-type="author">
<name name-style="western"><surname>Arts</surname><given-names>Ruben</given-names></name>
<role vocab="credit" vocab-identifier="https://credit.niso.org/" vocab-term="Software" vocab-term-identifier="https://credit.niso.org/contributor-roles/software/">Software</role>
<xref ref-type="aff" rid="aff-2"/>
</contrib>
<contrib contrib-type="author">
<name name-style="western"><surname>Kirkham</surname><given-names>John</given-names></name>
<role vocab="credit" vocab-identifier="https://credit.niso.org/" vocab-term="Software" vocab-term-identifier="https://credit.niso.org/contributor-roles/software/">Software</role>
<xref ref-type="aff" rid="aff-3"/>
</contrib>
</contrib-group>
<aff id="aff-1">
<institution-wrap>
<institution>University of Wisconsin–Madison</institution>
</institution-wrap>
</aff>
<aff id="aff-2">
<institution-wrap>
<institution>Prefix.dev</institution>
</institution-wrap>
</aff>
<aff id="aff-3">
<institution-wrap>
<institution>NVIDIA</institution>
</institution-wrap>
</aff>
<fpage>232</fpage><lpage>244</lpage>
<permissions>
<ali:free_to_read/>
<license xlink:href="https://creativecommons.org/licenses/by/4.0/">
<ali:license_ref>https://creativecommons.org/licenses/by/4.0/</ali:license_ref>
<license-p>This is an open access article distributed under the terms of the <ext-link ext-link-type="uri" xlink:href="http://creativecommons.org/licenses/by/4.0/">Creative Commons Attribution License</ext-link>, which permits unrestricted use, distribution, and reproduction in any medium, provided the original author and source are credited.</license-p>
</license>
</permissions>
<abstract>
<p>Scientific researchers need reproducible software environments for complex applications that can run across heterogeneous computing platforms.
Modern open source tools, like Pixi, provide automatic reproducibility solutions for all dependencies while providing a high level interface well suited for researchers.
Combined with the recent emergence of the entire <abbrev alt="Compute Unified Device Architecture">CUDA</abbrev> software stack — from compilers to development libraries — being supported on conda-forge, researchers are now able to easily specify their exact hardware acceleration requirements and software dependencies and get portable computational environments locked down to the digest level.</p>
</abstract>
<kwd-group>
<kwd>reproducible</kwd>
<kwd>machine learning</kwd>
<kwd>hardware acceleration</kwd>
<kwd>CUDA</kwd>
<kwd>conda-forge</kwd>
<kwd>Pixi</kwd>
</kwd-group>
</article-meta>
</front>
<body/>
</article>
