<?xml version="1.0" encoding="UTF-8"?>
<!DOCTYPE article PUBLIC "-//NLM//DTD JATS (Z39.96) Journal Archiving and Interchange DTD with MathML3 v1.3 20210610//EN" "http://jats.nlm.nih.gov/publishing/1.3/JATS-archivearticle1-3-mathml3.dtd">
<article xmlns:mml="http://www.w3.org/1998/Math/MathML" xmlns:xlink="http://www.w3.org/1999/xlink" xmlns:xsi="http://www.w3.org/2001/XMLSchema-instance" xmlns:ali="http://www.niso.org/schemas/ali/1.0/" dtd-version="1.3" xml:lang="en" id="main">
<front>
<article-meta>
<article-id pub-id-type="doi">10.25080/RVRR7774</article-id>
<title-group>
<article-title>THEIA: An Offline Tool for Tradespace Visualization</article-title>
</title-group>
<contrib-group>
<contrib contrib-type="author" corresp="yes">
<name name-style="western"><surname>Williams</surname><given-names>Samuel</given-names></name>
<xref ref-type="aff" rid="aff-1"/><xref ref-type="aff" rid="aff-2"/>
<email>Samuel.C.Williams@usace.army.mil</email>
</contrib>
<contrib contrib-type="author">
<name name-style="western"><surname>Christensen</surname><given-names>Scott</given-names></name>
<xref ref-type="aff" rid="aff-1"/><xref ref-type="aff" rid="aff-2"/>
<email>Scott.D.Christensen@usace.army.mil</email>
</contrib>
<contrib contrib-type="author">
<name name-style="western"><surname>Brown</surname><given-names>Marvin</given-names></name>
<xref ref-type="aff" rid="aff-1"/><xref ref-type="aff" rid="aff-2"/>
<email>Marvin.S.Brown@usace.army.mil</email>
</contrib>
</contrib-group>
<aff id="aff-1">
<institution-wrap>
<institution>U.S. Army Engineer Research &amp; Development Center</institution>
</institution-wrap>
</aff>
<aff id="aff-2">
<institution-wrap>
<institution>U.S. Army Corps of Engineers</institution>
</institution-wrap>
</aff>
<fpage>345</fpage><lpage>348</lpage>
<permissions>
<ali:free_to_read/>
<license xlink:href="https://creativecommons.org/licenses/by/4.0/">
<ali:license_ref>https://creativecommons.org/licenses/by/4.0/</ali:license_ref>
<license-p>This is an open access article distributed under the terms of the <ext-link ext-link-type="uri" xlink:href="http://creativecommons.org/licenses/by/4.0/">Creative Commons Attribution License</ext-link>, which permits unrestricted use, distribution, and reproduction in any medium, provided the original author and source are credited.</license-p>
</license>
</permissions>
<abstract>
<p>Within the Army Corps of Engineers (<abbrev alt="United States Army Corps of Engineers">USACE</abbrev>), there is a need to evaluate tradespaces. Tradespace datasets are the result of large parameter sweeps run over numerous design options and can consist of thousands or even millions of design configurations and the corresponding performance metrics. Because of the immense size of these datasets, the ability to effectively visualize the data is essential for proper evaluation. At the <abbrev alt="United States Army Corps of Engineers">USACE</abbrev> Engineer Research &amp; Development Center (<abbrev alt="U.S. Army Engineer Research &amp; Development Center">ERDC</abbrev>), an easy-to-use plotting tool known as the Tradespace Holistic Exploration &amp; Insight Application (<abbrev alt="Tradespace Holistic Exploration &amp; Insight Application">THEIA</abbrev>) has been developed for visualizing this complex tradespace data related to the acquisitions process. <abbrev alt="Tradespace Holistic Exploration &amp; Insight Application">THEIA</abbrev> was developed using Python libraries including Panel, Param, Holoviews, Bokeh, and Plotly. When combined, these libraries offer a wide range of widgets and plots that allow the user to visualize their data in multiple ways. Additionally, users can easily save plots, export findings, and utilize multiple data files at once. <abbrev alt="Tradespace Holistic Exploration &amp; Insight Application">THEIA</abbrev> is also capable of importing tabular data while presenting options to customize visualizations and help the end-user make informed decisions.</p>
</abstract>
<kwd-group>
<kwd>python</kwd>
<kwd>panel</kwd>
<kwd>holoviews</kwd>
<kwd>holoviz</kwd>
<kwd>param</kwd>
<kwd>plotly</kwd>
<kwd>bokeh</kwd>
<kwd>tradespace</kwd>
</kwd-group>
</article-meta>
</front>
<body>
<sec id="sec-1">
<label>1</label>
<title>Background/Motivation</title>
<p>Within the United States Army Corps of Engineers (<abbrev alt="United States Army Corps of Engineers">USACE</abbrev>) the evaluation of
tradespaces has become an important capability. Tradespaces, in essence, are
extensive datasets generated from broad parameter sweeps across a multitude of
design options. These datasets can encompass thousands, if not millions of
design configurations, each accompanied by its respective performance metrics.
This process results in an immense amount of data, which, while rich in information,
presents a challenge in terms of analysis and interpretation. Because of the
colossal size of these datasets, the ability to visualize them effectively is
not just beneficial, but essential for comprehensive evaluation. This visualization
is particularly crucial when it come to the acquisitions process, where
understanding the implications of each design choice can have far-reaching
consequences. To address this need, the <abbrev alt="United States Army Corps of Engineers">USACE</abbrev> Engineer Research &amp; Development
Center (<abbrev alt="U.S. Army Engineer Research &amp; Development Center">ERDC</abbrev>) has developed a user-friendly plotting tool, named the Tradespace
Holistic Exploration &amp; Insight Application (<abbrev alt="Tradespace Holistic Exploration &amp; Insight Application">THEIA</abbrev>).</p>
</sec>
<sec id="sec-2">
<label>2</label>
<title>What is a tradespace?</title>
<p>In the context of this paper, the term tradespace is a combination of the terms “parameter space”
and “tradeoff”. A tradespace dataset is a dataset that shows tradeoffs associated with
certain design choices in a parameter space. Oftentimes, these datasets are generated by high
performance computing (<abbrev alt="high performance computing">HPC</abbrev>) jobs called parameter sweeps.</p>
<fig id="figure-1">
<label>Figure 1:</label>
<caption>
<p>This is a simple example of a tradespace in the context of car shopping. When
shopping for a new vehicle, buyers often compile a list of pros and cons based
on certain vehicle types. The dataset the buyer creates is, in essence, a tradespace.
For example, a buyer may want to maximize potential range, while minimizing vehicle
cost. By analyzing this tradespace, the buyer would be able to see that opting for a
sedan provides both the best price and the best potential range.</p>
</caption>
<graphic mimetype="image" mime-subtype="png" xlink:href="files/tradespace-cdc0095ec04de5b1b15f7412e2480024.png"/>
</fig>
</sec>
<sec id="sec-3">
<label>3</label>
<title>Methods</title>
<p><abbrev alt="Tradespace Holistic Exploration &amp; Insight Application">THEIA</abbrev>’s primary function is to provide a means of visualizing intricate tradespace
data, thereby facilitating a more thorough understanding of the various design
configurations and their corresponding performance metrics. It’s a robust
tool built upon several Python libraries, including <ext-link ext-link-type="uri" xlink:href="https://panel.holoviz.org/">Panel</ext-link>, <ext-link ext-link-type="uri" xlink:href="https://bokeh.org/">Bokeh</ext-link>,
<ext-link ext-link-type="uri" xlink:href="https://param.holoviz.org/">Param</ext-link>, <ext-link ext-link-type="uri" xlink:href="https://holoviews.org/">HoloViews</ext-link>,
and <ext-link ext-link-type="uri" xlink:href="https://plotly.com/">Plotly</ext-link>. The integration
of these libraries equips <abbrev alt="Tradespace Holistic Exploration &amp; Insight Application">THEIA</abbrev> with a diverse array of widgets and plots, enabling
users to visualize their data in various ways simultaneously. Panel, Param, and
HoloViews are all a part of the HoloViz suite of Python packages, which allows for
excellent synchronization between them.</p>
<sec id="sec-4">
<label>3.1</label>
<title>Panel</title>
<p>Panel (<xref ref-type="bibr" rid="ref-1">Philipp Rudiger, 2024</xref>) is an open-source library for easily building tools, dashboards, and complex applications,
all within Python. Its role in <abbrev alt="Tradespace Holistic Exploration &amp; Insight Application">THEIA</abbrev> is to define the layout of the application, in an easy, extensible way.
This is done by utilizing Panel’s built-in visual components. Components are the building blocks of apps built
on Panel. The primary components utilized by <abbrev alt="Tradespace Holistic Exploration &amp; Insight Application">THEIA</abbrev> are Widgets, Panes, Layouts, and Templates.</p>
<list list-type="bullet">
<list-item>
<p>Widgets are generally small components like sliders, text fields, or checkboxes.</p>
</list-item><list-item>
<p>Panes are data wrappers that enable rendering of that data in multiple ways.</p>
</list-item><list-item>
<p>Layouts allow for the coupling of various components like widgets or panes so that they can be rendered together using the Bokeh library.</p>
</list-item><list-item>
<p>Templates are components that allow the rendering of Panel objects in an HTML document.</p>
</list-item>
</list>
</sec>
<sec id="sec-5">
<label>3.2</label>
<title>Param</title>
<p>Param (<xref ref-type="bibr" rid="ref-2">Philipp Rudiger, 2024</xref>) is an open-source library built for handling user-modifiable parameters, arguments, and attributes
that control your code. These capabilities are used in <abbrev alt="Tradespace Holistic Exploration &amp; Insight Application">THEIA</abbrev> to monitor for user
inputs and changes while maintaining a far simpler codebase. This is done by leveraging Parameters
in special Parameterized classes, which provide features like type-checking and default values. <abbrev alt="Tradespace Holistic Exploration &amp; Insight Application">THEIA</abbrev> leverages these
classes to define acceptable input types and values as well as handle errors without large amounts of boilerplate code.</p>
</sec>
<sec id="sec-6">
<label>3.3</label>
<title>Holoviews</title>
<p>HoloViews (<xref ref-type="bibr" rid="ref-3">Philipp Rudiger, 2024</xref>) is an open-source library built for data analysis and visualization with small amounts of code. This library is the
backend that provides many of the plots in <abbrev alt="Tradespace Holistic Exploration &amp; Insight Application">THEIA</abbrev>. HoloViews takes a different approach to plotting than many other popular libraries.
Instead of focusing purely on visualization, HoloViews plots are defined in a way that supports analysis in addition to visualization.
This is done by coupling raw data with metadata in a way that allows for immediate visualization rendering as data changes. HoloViews
also leverages some of Bokeh’s capabilities when rendering specific plots.</p>
</sec>
<sec id="sec-7">
<label>3.4</label>
<title>Plotly Express</title>
<p>Plotly Express (<xref ref-type="bibr" rid="ref-5">Plotly Technologies Inc., 2015</xref>) is a high-level interface to Plotly. It’s built to produce easily styleable figures with minimal code.
HoloViews leverages this library within <abbrev alt="Tradespace Holistic Exploration &amp; Insight Application">THEIA</abbrev> to render supplementary plots like the parallel plot. Plotly Express is an
optimal choice because it often provides highly interactive plots by default.</p>
</sec>
</sec>
<sec id="sec-8">
<label>4</label>
<title>Results</title>
<p>Together, these scientific Python libraries allowed the Rapid Application Development team at <abbrev alt="U.S. Army Engineer Research &amp; Development Center">ERDC</abbrev> to develop a
robust visualization tool capable of running in the browser without being reliant
on an internet connection. Additionally, using <abbrev alt="Tradespace Holistic Exploration &amp; Insight Application">THEIA</abbrev> requires no coding. Users simply upload a CSV file using
the built-in navigator, and <abbrev alt="Tradespace Holistic Exploration &amp; Insight Application">THEIA</abbrev> does the rest. The following screenshots show <abbrev alt="Tradespace Holistic Exploration &amp; Insight Application">THEIA</abbrev>’s capabilities using the <ext-link ext-link-type="uri" xlink:href="https://archive.ics.uci.edu/dataset/53/iris">iris</ext-link> dataset.</p>
<fig id="figure-2">
<label>Figure 2:</label>
<caption>
<p>View of <abbrev alt="Tradespace Holistic Exploration &amp; Insight Application">THEIA</abbrev>’s file browser.</p>
</caption>
<graphic mimetype="image" mime-subtype="png" xlink:href="files/upload-101b3eb8677b5e4b6c99ca75c600092c.png"/>
</fig>
<p><abbrev alt="Tradespace Holistic Exploration &amp; Insight Application">THEIA</abbrev> also allows user to select from various plot types and color themes, which is a vital feature when
working with tradespace data because it allows the user to choose the theme which best distinguishes the complex data.</p>
<fig id="figure-3">
<label>Figure 3:</label>
<caption>
<p>View of <abbrev alt="Tradespace Holistic Exploration &amp; Insight Application">THEIA</abbrev>’s plot type options.</p>
</caption>
<graphic mimetype="image" mime-subtype="png" xlink:href="files/user_inputs-c0f0f273540fd1ba0db6742047a183d4.png"/>
</fig>
<fig id="figure-4">
<label>Figure 4:</label>
<caption>
<p>View of <abbrev alt="Tradespace Holistic Exploration &amp; Insight Application">THEIA</abbrev>’s colormap options.</p>
</caption>
<graphic mimetype="image" mime-subtype="png" xlink:href="files/colormap-eadd1d5ed5dac0ebdfa904e11e0590a2.png"/>
</fig>
<p><abbrev alt="Tradespace Holistic Exploration &amp; Insight Application">THEIA</abbrev> also allows users to easily save plots for future reference, export findings
for further analysis, and utilize multiple data files simultaneously.</p>
<fig id="figure-5">
<label>Figure 5:</label>
<caption>
<p>A view of the ‘Download Configuration’ and ‘Export Plot’ options. “Download Configuration” can be used to save a YAML file that <abbrev alt="Tradespace Holistic Exploration &amp; Insight Application">THEIA</abbrev> can leverage to return to a given state. “Export Plot” is used to save an HTML version of a specific plot.</p>
</caption>
<graphic mimetype="image" mime-subtype="png" xlink:href="files/save_and_export-bdd37368ed5bc7d275e57c36a4011229.png"/>
</fig>
<p>Ultimately, <abbrev alt="Tradespace Holistic Exploration &amp; Insight Application">THEIA</abbrev> serves as an excellent example of how open-source libraries can be leveraged to develop robust solutions to emerging problems.</p>
</sec>
</body>
<back>
<ref-list>
<ref id="ref-1">
<element-citation publication-type="document">
<article-title>holoviz/panel: Panel</article-title>
<person-group person-group-type="author">
<name><surname>Philipp Rudiger</surname></name>
</person-group><year iso-8601-date="2024">2024</year><pub-id pub-id-type="doi">10.5281/zenodo.3706648</pub-id></element-citation>
</ref>
<ref id="ref-2">
<element-citation publication-type="document">
<article-title>holoviz/param: Param</article-title>
<person-group person-group-type="author">
<name><surname>Philipp Rudiger</surname></name>
</person-group><year iso-8601-date="2024">2024</year><pub-id pub-id-type="doi">10.5281/zenodo.11046027</pub-id></element-citation>
</ref>
<ref id="ref-3">
<element-citation publication-type="document">
<article-title>holoviz/holoviews: holoviews</article-title>
<person-group person-group-type="author">
<name><surname>Philipp Rudiger</surname></name>
</person-group><year iso-8601-date="2024">2024</year><pub-id pub-id-type="doi">10.5281/zenodo.10653612</pub-id></element-citation>
</ref>
<ref id="ref-5">
<element-citation publication-type="document">
<article-title>Collaborative data science</article-title>
<person-group person-group-type="author">
<name><surname>Plotly Technologies Inc.</surname></name>
</person-group><year iso-8601-date="2015">2015</year></element-citation>
</ref>
</ref-list>
</back>
</article>
