<?xml version="1.0" encoding="UTF-8"?>
<!DOCTYPE manifest PUBLIC "-//MECA//DTD Manifest v1.0//en" "https://meca.zip/manifest-1.0.dtd">
<manifest manifest-version="1" xmlns="https://manuscriptexchange.org/schema/manifest" xmlns:xlink="http://www.w3.org/1999/xlink">
  <item item-type="article-metadata">
    <instance media-type="application/xml" xlink:href="jats.xml"/>
  </item>
  <item item-type="article-supporting-file">
    <instance media-type="image/png" xlink:href="files/colormap-eadd1d5ed5dac0ebdfa904e11e0590a2.png"/>
  </item>
  <item item-type="article-supporting-file">
    <instance media-type="image/png" xlink:href="files/save_and_export-bdd37368ed5bc7d275e57c36a4011229.png"/>
  </item>
  <item item-type="article-supporting-file">
    <instance media-type="image/png" xlink:href="files/tradespace-cdc0095ec04de5b1b15f7412e2480024.png"/>
  </item>
  <item item-type="article-supporting-file">
    <instance media-type="image/png" xlink:href="files/upload-101b3eb8677b5e4b6c99ca75c600092c.png"/>
  </item>
  <item item-type="article-supporting-file">
    <instance media-type="image/png" xlink:href="files/user_inputs-c0f0f273540fd1ba0db6742047a183d4.png"/>
  </item>
  <item item-type="article-source">
    <instance media-type="text/yaml" xlink:href="bundle/myst.yml"/>
  </item>
  <item item-type="article-source">
    <instance media-type="text/markdown" xlink:href="bundle/main.md"/>
  </item>
  <item item-type="article-source">
    <instance media-type="image/png" xlink:href="bundle/assets/tradespace.png"/>
  </item>
  <item item-type="article-source">
    <instance media-type="image/png" xlink:href="bundle/assets/upload.png"/>
  </item>
  <item item-type="article-source">
    <instance media-type="image/png" xlink:href="bundle/assets/user_inputs.png"/>
  </item>
  <item item-type="article-source">
    <instance media-type="image/png" xlink:href="bundle/assets/colormap.png"/>
  </item>
  <item item-type="article-source">
    <instance media-type="image/png" xlink:href="bundle/assets/save_and_export.png"/>
  </item>
  <item item-type="article-source">
    <instance media-type="application/x-bibtex" xlink:href="bundle/mybib.bib"/>
  </item>
  <item item-type="article-source-directory">
    <instance media-type="application/x-directory" xlink:href="bundle/"/>
  </item>
</manifest>