<?xml version="1.0" encoding="UTF-8"?>
<!DOCTYPE article PUBLIC "-//NLM//DTD JATS (Z39.96) Journal Archiving and Interchange DTD with MathML3 v1.3 20210610//EN" "http://jats.nlm.nih.gov/publishing/1.3/JATS-archivearticle1-3-mathml3.dtd">
<article xmlns:mml="http://www.w3.org/1998/Math/MathML" xmlns:xlink="http://www.w3.org/1999/xlink" xmlns:xsi="http://www.w3.org/2001/XMLSchema-instance" xmlns:ali="http://www.niso.org/schemas/ali/1.0/" dtd-version="1.3" xml:lang="en" id="main">
<front>
<article-meta>
<article-id pub-id-type="doi">10.25080/ngdf5738</article-id>
<title-group>
<article-title>Extension of the OpenMC depletion module for transport-independent depletion</article-title>
<alt-title alt-title-type="running-head">Extension of OpenMC depletion module for transport-independence</alt-title>
</title-group>
<contrib-group>
<contrib contrib-type="author" corresp="yes">
<contrib-id contrib-id-type="orcid">https://orcid.org/0000-0003-0715-585X</contrib-id>
<name name-style="western"><surname>Yardas</surname><given-names>Oleksandr</given-names></name>
<xref ref-type="aff" rid="aff-1"/>
<email>oyardas2@illinois.edu</email>
</contrib>
<contrib contrib-type="author">
<contrib-id contrib-id-type="orcid">https://orcid.org/0000-0002-1147-045X</contrib-id>
<name name-style="western"><surname>Romano</surname><given-names>Paul</given-names></name>
<xref ref-type="aff" rid="aff-2"/>
</contrib>
<contrib contrib-type="author">
<contrib-id contrib-id-type="orcid">https://orcid.org/0000-0003-0117-5366</contrib-id>
<name name-style="western"><surname>Muk</surname><given-names>Madicken</given-names></name>
<xref ref-type="aff" rid="aff-3"/>
</contrib>
<contrib contrib-type="author">
<contrib-id contrib-id-type="orcid">https://orcid.org/0000-0002-7075-6802</contrib-id>
<name name-style="western"><surname>Huff</surname><given-names>Kathryn</given-names></name>
<xref ref-type="aff" rid="aff-1"/>
</contrib>
</contrib-group>
<aff id="aff-1">
<institution-wrap>
<institution>Dept. of Nuclear, Plasma, and Radiological Engineering, University of Illinois Urbana-Champaign</institution>
</institution-wrap>
</aff>
<aff id="aff-2">
<institution-wrap>
<institution>Argonne National Laboratory</institution>
</institution-wrap>
</aff>
<aff id="aff-3">
<institution-wrap>
<institution>Dept. of Nuclear Science and Engineering, Oregon State University Yet</institution>
</institution-wrap>
</aff>
<fpage>269</fpage><lpage>277</lpage>
<permissions>
<ali:free_to_read/>
<license xlink:href="https://creativecommons.org/licenses/by/4.0/">
<ali:license_ref>https://creativecommons.org/licenses/by/4.0/</ali:license_ref>
<license-p>This is an open access article distributed under the terms of the <ext-link ext-link-type="uri" xlink:href="http://creativecommons.org/licenses/by/4.0/">Creative Commons Attribution License</ext-link>, which permits unrestricted use, distribution, and reproduction in any medium, provided the original author and source are credited.</license-p>
</license>
</permissions>
<abstract>
<p>We have added functionality for running depletion simulations independently
of neutron transport in OpenMC, an open source Monte Carlo particle
transport code with an internal depletion module. Transport-independent
depletion uses pre-computed static multigroup cross sections and fluxes to
calculate reaction rates for OpenMC’s depletion matrix solver. This
accelerates the depletion calculation, but removes the spatial coupling
between depletion and neutron transport.</p>
<p>We used a simple <abbrev alt="Pressurized Water Reactor">PWR</abbrev> pincell to validate the method against the existing
transport-coupled depletion method.  Nuclide concentration errors roughly
scale with depletion time step size and are inversely proportional to the
amount of the nuclide present in a depletable material. The magnitude of
concentration error depends on the nuclide of interest. Concentration errors
for low-abundance nuclides at longer (30-day) time steps exhibit large
negative initial concentration the becomes more positive with time due to
overestimation of nuclide production stemming from the lack of spatial
coupling to neutron transport. For ten 3-day time steps, fission product
concentration errors are all under 3%.  Actinide concentration errors range
from 10-15% for Am and Cm, 5-7% for Pu and Np, and 2% and less for U.
Surprisingly, the numbers are similar for 30-day time steps. These results
demonstrate the potential of this new method with moderate accuracy and
extraordinary time savings for low and medium fidelity simulations.
Concentration error characterization on larger models remains an open area of
interest.</p>
</abstract>
<kwd-group>
<kwd>depletion</kwd>
<kwd>coupling</kwd>
<kwd>OpenMC</kwd>
<kwd>Cross sections</kwd>
</kwd-group>
</article-meta>
</front>
<body>
<sec id="sec-1">
<label>1</label>
<title>Introduction</title>
<p>Accurate simulations of advanced reactors on exascale computing hardware
requires state-of-the-art software tools in Monte Carlo transport and
heat-coupled computational fluid dynamics
(<xref ref-type="bibr" rid="ref-8">Romano <italic>et al.</italic>, 2021</xref>; <xref ref-type="bibr" rid="ref-9">Merzari <italic>et al.</italic>, 2023</xref>).  These methods are computationally
expensive, but deliver high confidence in their results. If any component in
this tool chain could be simplified or sped up, it would reduce the
computational cost on and economic cost from these exascale machines. For
Monte Carlo neutron transport, depletion simulations are one of the more
expensive simulations. <italic>Depletion</italic> is the process by which the nuclide
composition changes due to nuclear transmutation and decay reactions
occurring in a material subject to irradiation. Depletion capabilities were
recently added (<xref ref-type="bibr" rid="ref-3">Romano, 2021</xref>) to OpenMC
(<xref ref-type="bibr" rid="ref-2">Romano <italic>et al.</italic>, 2015</xref>), an open source, community developed Monte Carlo
particle transport code. The depletion solver utilizes OpenMC’s Python API
to iteratively run a transport simulation, calculate transmutation reaction
rates, solve the depletion matrix (<xref ref-type="disp-formula" rid="eq-3">Eq. 2</xref>), and
update the material composition. This makes transport-coupled depletion
calculations computationally expensive, especially for large reactor models.</p>
<p>In the present work, we describe a new method for running depletion
calculations without the need to iteratively run transport calculations by
using pre-calculated microscopic cross sections and fluxes for each depletion
step. At most, only one transport calculation needs to be run to generate
these cross sections and fluxes. Neutron transport and depletion are tightly
coupled because the change in material composition can result in changes to
the spatial distribution of reaction rates. If few materials are used in a
transport-independent depletion calculation, this effectively removes
spatial effects of the changing material composition due to the static
fluxes and cross sections.</p>
<p>This limits the practical application of transport-independent depletion to
domains where capturing spatial effects are a secondary concern. One
such application is in global fuel-cycle analysis where we are more
concerned with the overall change in material composition. Fuel cycle
simulations typically model many different reactors simultaneously over
long time periods. The capabilities described in this paper
have been utilized in Cyclus (<xref ref-type="bibr" rid="ref-11">Huff <italic>et al.</italic>, 2016</xref>) -- an open source
fuel cycle simulator -- for coupling depletion to the fuel cycle
simulaton (<xref ref-type="bibr" rid="ref-10">Bachmann <italic>et al.</italic>, 2024</xref>). Another area of application is in
facilities where the coupling between neutron transport and depletion is
effectively one-way.  This is often the case for experimental facilities
with a neutron source where the source rate is high enough to cause
activation of materials but not high enough to produce meaningful burnup of
materials. Many proposed fusion energy facilities would fall into this
category. For such applications, it is unnecessary to run a fully coupled
simulation between neutron transport and depletion; instead, a neutron
transport simulation corresponding to the beginning of irradiation can
determine reaction rates relative to the neutron source rate, and then the
depletion calculation can be performed using the reaction rates scaled by
any changes in the neutron source rate over time. For fusion systems, these
calculations are often carried out with FISPACT-II (<xref ref-type="bibr" rid="ref-6">Sublet <italic>et al.</italic>, 2017</xref>);
See (<xref ref-type="bibr" rid="ref-7">Eade <italic>et al.</italic>, 2020</xref>) for a recent example. The capabilities described in
this paper have also been utilized for a recent study of shutdown dose rate
in fusion systems (<xref ref-type="bibr" rid="ref-5">Peterson <italic>et al.</italic>, 2024</xref>).</p>
<p>This paper is organized as follows: In <xref ref-type="sec" rid="sec-2">Section 2</xref>, we describe
the methods and algorithms used to calculate reaction rates using the new
depletion capabilities. In <xref ref-type="sec" rid="sec-5">Section 3</xref>, we describe our
simulation and analyze the results. In <xref ref-type="sec" rid="sec-6">Section 4</xref>, we
summarize our results, and discuss some gaps in the current implementation
of the new feature.</p>
</sec>
<sec id="sec-2">
<label>2</label>
<title>Methods</title>
<p>Depletion is typically done in sub-regions that are small enough to have
little spatial variation in the flux (and hence in the reaction rates). For
example, in a model of a full reactor core, depletion regions may correspond to
individual fuel pins, or even smaller sub-pin regions of radial rings and
azimuthal segments. The general form of the equation governing depletion is</p>
<disp-formula id="eq-1">
<alternatives><mml:math display="block"><mml:mtable rowspacing="0.25em" columnalign="right left" columnspacing="0em"><mml:mtr><mml:mtd><mml:mstyle scriptlevel="0" displaystyle="true"><mml:mrow><mml:mfrac><mml:mrow><mml:mi>d</mml:mi><mml:msub><mml:mi>N</mml:mi><mml:mi>i</mml:mi></mml:msub></mml:mrow><mml:mrow><mml:mi>d</mml:mi><mml:mi>t</mml:mi></mml:mrow></mml:mfrac><mml:mo>=</mml:mo></mml:mrow></mml:mstyle></mml:mtd><mml:mtd><mml:mstyle scriptlevel="0" displaystyle="true"><mml:mrow><mml:mrow/><mml:munderover><mml:mo>∑</mml:mo><mml:mrow><mml:mi>j</mml:mi><mml:mo>=</mml:mo><mml:mn>1</mml:mn></mml:mrow><mml:mi>n</mml:mi></mml:munderover><mml:mrow><mml:mo fence="true">[</mml:mo><mml:msubsup><mml:mo>∫</mml:mo><mml:mn>0</mml:mn><mml:mi mathvariant="normal">∞</mml:mi></mml:msubsup><mml:msub><mml:mi>f</mml:mi><mml:mrow><mml:mi>j</mml:mi><mml:mo>→</mml:mo><mml:mi>i</mml:mi></mml:mrow></mml:msub><mml:mo stretchy="false">(</mml:mo><mml:mi>E</mml:mi><mml:mo stretchy="false">)</mml:mo><mml:msub><mml:mi>σ</mml:mi><mml:mi>j</mml:mi></mml:msub><mml:mo stretchy="false">(</mml:mo><mml:mi>E</mml:mi><mml:mo stretchy="false">)</mml:mo><mml:mi>ϕ</mml:mi><mml:mo stretchy="false">(</mml:mo><mml:mi>E</mml:mi><mml:mo separator="true">,</mml:mo><mml:mi>t</mml:mi><mml:mo stretchy="false">)</mml:mo><mml:mi>d</mml:mi><mml:mi>E</mml:mi><mml:mtext/><mml:mo>+</mml:mo><mml:msub><mml:mi>λ</mml:mi><mml:mrow><mml:mi>j</mml:mi><mml:mo>→</mml:mo><mml:mi>i</mml:mi></mml:mrow></mml:msub><mml:mo fence="true">]</mml:mo></mml:mrow><mml:msub><mml:mi>N</mml:mi><mml:mi>j</mml:mi></mml:msub><mml:mo stretchy="false">(</mml:mo><mml:mi>t</mml:mi><mml:mo stretchy="false">)</mml:mo></mml:mrow></mml:mstyle></mml:mtd></mml:mtr><mml:mtr><mml:mtd><mml:mstyle scriptlevel="0" displaystyle="true"><mml:mrow/></mml:mstyle></mml:mtd><mml:mtd><mml:mstyle scriptlevel="0" displaystyle="true"><mml:mrow><mml:mrow/><mml:mo>−</mml:mo><mml:mrow><mml:mo fence="true">[</mml:mo><mml:msubsup><mml:mo>∫</mml:mo><mml:mn>0</mml:mn><mml:mi mathvariant="normal">∞</mml:mi></mml:msubsup><mml:msub><mml:mi>σ</mml:mi><mml:mi>i</mml:mi></mml:msub><mml:mo stretchy="false">(</mml:mo><mml:mi>E</mml:mi><mml:mo stretchy="false">)</mml:mo><mml:mi>ϕ</mml:mi><mml:mo stretchy="false">(</mml:mo><mml:mi>E</mml:mi><mml:mo separator="true">,</mml:mo><mml:mi>t</mml:mi><mml:mo stretchy="false">)</mml:mo><mml:mi>d</mml:mi><mml:mi>E</mml:mi><mml:mtext/><mml:mo>+</mml:mo><mml:munderover><mml:mo>∑</mml:mo><mml:mrow><mml:mi>j</mml:mi><mml:mo>=</mml:mo><mml:mn>1</mml:mn></mml:mrow><mml:mi>n</mml:mi></mml:munderover><mml:msub><mml:mi>λ</mml:mi><mml:mrow><mml:mi>i</mml:mi><mml:mo>→</mml:mo><mml:mi>j</mml:mi></mml:mrow></mml:msub><mml:mo fence="true">]</mml:mo></mml:mrow><mml:msub><mml:mi>N</mml:mi><mml:mi>i</mml:mi></mml:msub><mml:mo stretchy="false">(</mml:mo><mml:mi>t</mml:mi><mml:mo stretchy="false">)</mml:mo><mml:mo separator="true">,</mml:mo></mml:mrow></mml:mstyle></mml:mtd></mml:mtr></mml:mtable></mml:math><tex-math><![CDATA[\begin{split} \frac{dN_i}{dt} = &\sum\limits_{j=1}^n \left[ \int_0^\infty f_{j \rightarrow i}(E) \sigma_j (E) \phi(E,t) dE \;+ \lambda_{j\rightarrow i} \right] N_j(t) \\ &- \left [\int_0^\infty \sigma_i (E) \phi(E,t) dE \; + \sum\limits_{j=1}^n \lambda_{i\rightarrow j} \right ] N_i(t), \end{split}]]></tex-math></alternatives>
<label>(1)</label>
</disp-formula>
<p>where</p>
<disp-formula id="eq-2">
<alternatives><mml:math display="block"><mml:mtable rowspacing="0.25em" columnalign="right left" columnspacing="0em"><mml:mtr><mml:mtd><mml:mstyle scriptlevel="0" displaystyle="true"><mml:mrow><mml:msub><mml:mi>N</mml:mi><mml:mi>i</mml:mi></mml:msub><mml:mo stretchy="false">(</mml:mo><mml:mi>t</mml:mi><mml:mo stretchy="false">)</mml:mo></mml:mrow></mml:mstyle></mml:mtd><mml:mtd><mml:mstyle scriptlevel="0" displaystyle="true"><mml:mrow><mml:mrow/><mml:mo>≡</mml:mo><mml:mrow><mml:mtext>density of nuclide </mml:mtext><mml:mstyle scriptlevel="0" displaystyle="false"><mml:mi>i</mml:mi></mml:mstyle><mml:mtext> at time </mml:mtext><mml:mstyle scriptlevel="0" displaystyle="false"><mml:mi>t</mml:mi></mml:mstyle></mml:mrow></mml:mrow></mml:mstyle></mml:mtd></mml:mtr><mml:mtr><mml:mtd><mml:mstyle scriptlevel="0" displaystyle="true"><mml:mrow><mml:msub><mml:mi>σ</mml:mi><mml:mi>i</mml:mi></mml:msub><mml:mo stretchy="false">(</mml:mo><mml:mi>E</mml:mi><mml:mo stretchy="false">)</mml:mo></mml:mrow></mml:mstyle></mml:mtd><mml:mtd><mml:mstyle scriptlevel="0" displaystyle="true"><mml:mrow><mml:mrow/><mml:mo>≡</mml:mo><mml:mrow><mml:mtext>transmutation cross section for nuclide </mml:mtext><mml:mstyle scriptlevel="0" displaystyle="false"><mml:mi>i</mml:mi></mml:mstyle><mml:mtext> at energy </mml:mtext><mml:mstyle scriptlevel="0" displaystyle="false"><mml:mi>E</mml:mi></mml:mstyle></mml:mrow></mml:mrow></mml:mstyle></mml:mtd></mml:mtr><mml:mtr><mml:mtd><mml:mstyle scriptlevel="0" displaystyle="true"><mml:mrow><mml:mi>ϕ</mml:mi><mml:mo stretchy="false">(</mml:mo><mml:mi>E</mml:mi><mml:mo separator="true">,</mml:mo><mml:mi>t</mml:mi><mml:mo stretchy="false">)</mml:mo></mml:mrow></mml:mstyle></mml:mtd><mml:mtd><mml:mstyle scriptlevel="0" displaystyle="true"><mml:mrow><mml:mrow/><mml:mo>≡</mml:mo><mml:mrow><mml:mtext>neutron flux at energy </mml:mtext><mml:mstyle scriptlevel="0" displaystyle="false"><mml:mi>E</mml:mi></mml:mstyle><mml:mtext> and time </mml:mtext><mml:mstyle scriptlevel="0" displaystyle="false"><mml:mi>t</mml:mi></mml:mstyle></mml:mrow></mml:mrow></mml:mstyle></mml:mtd></mml:mtr><mml:mtr><mml:mtd><mml:mstyle scriptlevel="0" displaystyle="true"><mml:mrow><mml:msub><mml:mi>f</mml:mi><mml:mrow><mml:mi>j</mml:mi><mml:mo>→</mml:mo><mml:mi>i</mml:mi></mml:mrow></mml:msub><mml:mo stretchy="false">(</mml:mo><mml:mi>E</mml:mi><mml:mo stretchy="false">)</mml:mo></mml:mrow></mml:mstyle></mml:mtd><mml:mtd><mml:mstyle scriptlevel="0" displaystyle="true"><mml:mrow><mml:mrow/><mml:mo>≡</mml:mo><mml:mrow><mml:mtext>fraction of transmutation reactions in nuclide </mml:mtext><mml:mstyle scriptlevel="0" displaystyle="false"><mml:mi>j</mml:mi></mml:mstyle><mml:mtext> that produce nuclide </mml:mtext><mml:mstyle scriptlevel="0" displaystyle="false"><mml:mi>i</mml:mi></mml:mstyle></mml:mrow></mml:mrow></mml:mstyle></mml:mtd></mml:mtr><mml:mtr><mml:mtd><mml:mstyle scriptlevel="0" displaystyle="true"><mml:msub><mml:mi>λ</mml:mi><mml:mrow><mml:mi>j</mml:mi><mml:mo>→</mml:mo><mml:mi>i</mml:mi></mml:mrow></mml:msub></mml:mstyle></mml:mtd><mml:mtd><mml:mstyle scriptlevel="0" displaystyle="true"><mml:mrow><mml:mrow/><mml:mo>≡</mml:mo><mml:mrow><mml:mtext>decay constant for decay modes in nuclide </mml:mtext><mml:mstyle scriptlevel="0" displaystyle="false"><mml:mi>j</mml:mi></mml:mstyle><mml:mtext> that produce nuclide </mml:mtext><mml:mstyle scriptlevel="0" displaystyle="false"><mml:mi>i</mml:mi></mml:mstyle></mml:mrow></mml:mrow></mml:mstyle></mml:mtd></mml:mtr><mml:mtr><mml:mtd><mml:mstyle scriptlevel="0" displaystyle="true"><mml:mi>n</mml:mi></mml:mstyle></mml:mtd><mml:mtd><mml:mstyle scriptlevel="0" displaystyle="true"><mml:mrow><mml:mrow/><mml:mo>≡</mml:mo><mml:mtext>total number of nuclides.</mml:mtext></mml:mrow></mml:mstyle></mml:mtd></mml:mtr></mml:mtable></mml:math><tex-math><![CDATA[\begin{split} N_i(t) &\equiv \text{density of nuclide $i$ at time $t$} \\ \sigma_i(E) &\equiv \text{transmutation cross section for nuclide $i$ at energy $E$} \\ \phi(E,t) &\equiv \text{neutron flux at energy $E$ and time $t$} \\ f_{j \rightarrow i}(E) &\equiv \text{fraction of transmutation reactions in nuclide $j$ that produce nuclide $i$} \\ \lambda_{j \rightarrow i} &\equiv \text{decay constant for decay modes in nuclide $j$ that produce nuclide $i$} \\ n &\equiv \text{total number of nuclides.} \end{split}]]></tex-math></alternatives>
</disp-formula>
<p>The summations in Equation <xref ref-type="disp-formula" rid="eq-1">(1)</xref> are effectively over all
nuclides except <inline-formula><alternatives><mml:math display="inline"><mml:mi>i</mml:mi></mml:math><tex-math><![CDATA[i]]></tex-math></alternatives></inline-formula>, as <inline-formula><alternatives><mml:math display="inline"><mml:msub><mml:mi>f</mml:mi><mml:mrow><mml:mi>i</mml:mi><mml:mo>→</mml:mo><mml:mi>i</mml:mi></mml:mrow></mml:msub><mml:mo stretchy="false">(</mml:mo><mml:mi>E</mml:mi><mml:mo stretchy="false">)</mml:mo></mml:math><tex-math><![CDATA[f_{i \rightarrow i}(E)]]></tex-math></alternatives></inline-formula> and <inline-formula><alternatives><mml:math display="inline"><mml:msub><mml:mi>λ</mml:mi><mml:mrow><mml:mi>i</mml:mi><mml:mo>→</mml:mo><mml:mi>i</mml:mi></mml:mrow></mml:msub></mml:math><tex-math><![CDATA[\lambda_{i \rightarrow i}]]></tex-math></alternatives></inline-formula> must
be zero by definition. Equation <xref ref-type="disp-formula" rid="eq-1">(1)</xref> can be condensed into a
matrix-vector equation:</p>
<disp-formula id="eq-3">
<alternatives><mml:math display="block"><mml:mfrac><mml:mrow><mml:mi>d</mml:mi><mml:mi mathvariant="bold">n</mml:mi></mml:mrow><mml:mrow><mml:mi>d</mml:mi><mml:mi>t</mml:mi></mml:mrow></mml:mfrac><mml:mo>=</mml:mo><mml:mi mathvariant="bold">A</mml:mi><mml:mo stretchy="false">(</mml:mo><mml:mi mathvariant="bold">n</mml:mi><mml:mo separator="true">,</mml:mo><mml:mi>t</mml:mi><mml:mo stretchy="false">)</mml:mo><mml:mi mathvariant="bold">n</mml:mi></mml:math><tex-math><![CDATA[\frac{d\mathbf{n}}{dt} = \mathbf{A}(\mathbf{n},t)\mathbf{n}]]></tex-math></alternatives>
<label>(2)</label>
</disp-formula>
<p>where</p>
<disp-formula id="eq-4">
<alternatives><mml:math display="block"><mml:mi mathvariant="bold">n</mml:mi><mml:mo>=</mml:mo><mml:mrow><mml:mo fence="true">(</mml:mo><mml:mtable rowspacing="0.16em" columnalign="center" columnspacing="1em"><mml:mtr><mml:mtd><mml:mstyle scriptlevel="0" displaystyle="false"><mml:msub><mml:mi>N</mml:mi><mml:mn>1</mml:mn></mml:msub></mml:mstyle></mml:mtd></mml:mtr><mml:mtr><mml:mtd><mml:mstyle scriptlevel="0" displaystyle="false"><mml:msub><mml:mi>N</mml:mi><mml:mn>2</mml:mn></mml:msub></mml:mstyle></mml:mtd></mml:mtr><mml:mtr><mml:mtd><mml:mstyle scriptlevel="0" displaystyle="false"><mml:mi><mml:mi mathvariant="normal">⋮</mml:mi><mml:mpadded height="0em" voffset="0em"><mml:mspace mathbackground="black" width="0em" height="1.5em"/></mml:mpadded></mml:mi></mml:mstyle></mml:mtd></mml:mtr><mml:mtr><mml:mtd><mml:mstyle scriptlevel="0" displaystyle="false"><mml:msub><mml:mi>N</mml:mi><mml:mi>n</mml:mi></mml:msub></mml:mstyle></mml:mtd></mml:mtr></mml:mtable><mml:mo fence="true">)</mml:mo></mml:mrow><mml:mo separator="true">,</mml:mo><mml:mspace width="1em"/></mml:math><tex-math><![CDATA[\mathbf{n} = \begin{pmatrix} N_1 \\ N_2 \\ \vdots \\ N_n \end{pmatrix}, \quad]]></tex-math></alternatives>
<label>(3)</label>
</disp-formula>
<p>and <inline-formula><alternatives><mml:math display="inline"><mml:mi mathvariant="bold">A</mml:mi><mml:mo stretchy="false">(</mml:mo><mml:mi mathvariant="bold">n</mml:mi><mml:mo separator="true">,</mml:mo><mml:mi>t</mml:mi><mml:mo stretchy="false">)</mml:mo><mml:mo>∈</mml:mo><mml:msup><mml:mi mathvariant="double-struck">R</mml:mi><mml:mrow><mml:mi>n</mml:mi><mml:mo>×</mml:mo><mml:mi>n</mml:mi></mml:mrow></mml:msup></mml:math><tex-math><![CDATA[\mathbf{A}(\mathbf{n},t) \in \mathbb{R}^{n\times n}]]></tex-math></alternatives></inline-formula> is the depletion
matrix containing the decay and transmutation coefficients. The coefficients
of <inline-formula><alternatives><mml:math display="inline"><mml:mi mathvariant="bold">A</mml:mi></mml:math><tex-math><![CDATA[\mathbf{A}]]></tex-math></alternatives></inline-formula> change with time and depend on the nuclide
composition vector <inline-formula><alternatives><mml:math display="inline"><mml:mi mathvariant="bold">n</mml:mi></mml:math><tex-math><![CDATA[\mathbf{n}]]></tex-math></alternatives></inline-formula>, making this a nonlinear system of equations.
OpenMC utilized the <abbrev alt="Chebyshev Rational Approximation Method">CRAM</abbrev> method to solve this system of equations
(<xref ref-type="bibr" rid="ref-3">Romano, 2021</xref>).</p>
<p>We had two design goals for
transport-independent depletion functionality:</p>
<list list-type="order">
<list-item>
<p>Enable use of OpenMC depletion capabilities using only the Python API</p>
</list-item><list-item>
<p>Enable depletion of materials directly given a multi-group flux
for each material.</p>
</list-item>
</list>
<p>We created the <monospace>IndependentOperator</monospace> and <monospace>MicroXS</monospace> classes to
achieve these design goals.</p>
<sec id="sec-3">
<label>2.1</label>
<title>MicroXS</title>
<p>The <monospace>MicroXS</monospace> class contains cross section data indexed by nuclide,
reaction name, and energy group. It also contains methods to import and
export <monospace>MicroXS</monospace> objects from <monospace>.csv</monospace> files. In principle, a
user could create multi-group microscopic cross sections with a
transport solver code, and then use the <monospace>MicroXS</monospace>  class to read in
the cross section data for use in depletion. However, this is
unnecessary as the <monospace>get_microxs_and_flux()</monospace> function runs an OpenMC
<inline-formula><alternatives><mml:math display="inline"><mml:mi>k</mml:mi></mml:math><tex-math><![CDATA[k]]></tex-math></alternatives></inline-formula>-eigenvalue calculation to create a <monospace>MicroXS</monospace> object and
multi-group flux profile for each user-specified domain.</p>
<p>In the initial release of this feature in OpenMC v0.13.1, <monospace>MicroXS</monospace>
sub-classed the <monospace>pandas.DataFrame</monospace>. class to store data and assumed a
one-group structure. The v0.14.0 release removed the <monospace>pandas</monospace> dependency
and refactored <monospace>MicroXS</monospace> class to store multi-group cross section
data.</p>
</sec>
<sec id="sec-4">
<label>2.2</label>
<title>IndependentOperator</title>
<p>The <monospace>Operator</monospace> class contains data and methods for running
transport-coupled depletion calculations and runtime processing of
OpenMC statepoint files to extract the data needed to solve Equation
<xref ref-type="disp-formula" rid="eq-3">(2)</xref>. In this work, we refactored the
<monospace>Operator</monospace> class into a <monospace>CoupledOperator</monospace>  class maintaining
the existing depletion capability. We implemented the
transport-independent depletion machinery in a new class,
<monospace>IndependentOperator</monospace> which uses an instance of the <monospace>MicroXS</monospace>
class and corresponding fluxes for each depletion domain to calculate
reaction rates for that domain using multi-group microscopic cross
sections.</p>
<p>Calculating reactions rates using multi-group cross sections is
mathematically equivalent to tallying the reaction rates directly. In
transport-coupled depletion calculation, the transmutation reaction
rates <inline-formula><alternatives><mml:math display="inline"><mml:msub><mml:mi>r</mml:mi><mml:mrow><mml:mi>i</mml:mi><mml:mi>j</mml:mi></mml:mrow></mml:msub><mml:mo stretchy="false">(</mml:mo><mml:mi>t</mml:mi><mml:mo stretchy="false">)</mml:mo></mml:math><tex-math><![CDATA[r_{ij}(t)]]></tex-math></alternatives></inline-formula> are tallied directly as:</p>
<disp-formula id="eq-5">
<alternatives><mml:math display="block"><mml:msub><mml:mi>r</mml:mi><mml:mrow><mml:mi>i</mml:mi><mml:mi>j</mml:mi></mml:mrow></mml:msub><mml:mo stretchy="false">(</mml:mo><mml:mi>t</mml:mi><mml:mo stretchy="false">)</mml:mo><mml:mo>=</mml:mo><mml:mrow><mml:mo fence="true">[</mml:mo><mml:msubsup><mml:mo>∫</mml:mo><mml:mn>0</mml:mn><mml:mi mathvariant="normal">∞</mml:mi></mml:msubsup><mml:msub><mml:mi>σ</mml:mi><mml:mrow><mml:mi>i</mml:mi><mml:mi>j</mml:mi></mml:mrow></mml:msub><mml:mo stretchy="false">(</mml:mo><mml:mi>E</mml:mi><mml:mo stretchy="false">)</mml:mo><mml:mi>ϕ</mml:mi><mml:mo stretchy="false">(</mml:mo><mml:mi>E</mml:mi><mml:mo separator="true">,</mml:mo><mml:mi>t</mml:mi><mml:mo stretchy="false">)</mml:mo><mml:mi>d</mml:mi><mml:mi>E</mml:mi><mml:mtext/><mml:mo fence="true">]</mml:mo></mml:mrow><mml:msub><mml:mi>N</mml:mi><mml:mi>i</mml:mi></mml:msub><mml:mo stretchy="false">(</mml:mo><mml:mi>t</mml:mi><mml:mo stretchy="false">)</mml:mo></mml:math><tex-math><![CDATA[r_{ij}(t) = \left[\int_0^\infty \sigma_{ij}(E) \phi(E,t) dE \; \right] N_{i}(t)]]></tex-math></alternatives>
<label>(4)</label>
</disp-formula>
<p>where <inline-formula><alternatives><mml:math display="inline"><mml:mi>i</mml:mi></mml:math><tex-math><![CDATA[i]]></tex-math></alternatives></inline-formula> and <inline-formula><alternatives><mml:math display="inline"><mml:mi>j</mml:mi></mml:math><tex-math><![CDATA[j]]></tex-math></alternatives></inline-formula> indicate the nuclide and reaction, respectively.</p>
<p>To perform depletion using multi-group cross sections, the multi-group
cross sections and fluxes are multiplied to get a per-source neutron
reaction rate:</p>
<disp-formula id="eq-6">
<alternatives><mml:math display="block"><mml:msub><mml:mi>r</mml:mi><mml:mrow><mml:mi>i</mml:mi><mml:mi>j</mml:mi></mml:mrow></mml:msub><mml:mo stretchy="false">(</mml:mo><mml:mi>t</mml:mi><mml:mo stretchy="false">)</mml:mo><mml:mo>=</mml:mo><mml:mrow><mml:mo fence="true">[</mml:mo><mml:munder><mml:mo>∑</mml:mo><mml:mi>g</mml:mi></mml:munder><mml:msub><mml:mi>σ</mml:mi><mml:mrow><mml:mi>i</mml:mi><mml:mi>j</mml:mi><mml:mo separator="true">,</mml:mo><mml:mi>g</mml:mi></mml:mrow></mml:msub><mml:msub><mml:mi>ϕ</mml:mi><mml:mi>g</mml:mi></mml:msub><mml:mo stretchy="false">(</mml:mo><mml:mi>t</mml:mi><mml:mo stretchy="false">)</mml:mo><mml:mo fence="true">]</mml:mo></mml:mrow><mml:msub><mml:mi>N</mml:mi><mml:mi>i</mml:mi></mml:msub><mml:mo stretchy="false">(</mml:mo><mml:mi>t</mml:mi><mml:mo stretchy="false">)</mml:mo></mml:math><tex-math><![CDATA[r_{ij}(t) = \left[\sum_{g} \sigma_{ij,g} \phi_{g}(t) \right] N_{i}(t)]]></tex-math></alternatives>
<label>(5)</label>
</disp-formula>
<p>In practice, this introduces a discretization error, but in the limit of
infinitely small energy groups, Equation <xref ref-type="disp-formula" rid="eq-6">(5)</xref> is
equivalent to Equation <xref ref-type="disp-formula" rid="eq-5">(4)</xref>. To get a time-dependent
microscopic cross section or flux, we must perform transport
calculations (and in the case of time-varying microscopic cross
sections, incorporate thermal feedbacks). Herein lies the primary
assumption of transport-independent depletion: <italic>microscopic cross
sections and reactor fluxes are static</italic>.</p>
<p>Both the tallied and multi-group-calculated reaction rates have units of
<inline-formula><alternatives><mml:math display="inline"><mml:mtext>reactions</mml:mtext><mml:mi mathvariant="normal">/</mml:mi><mml:mtext>src particle</mml:mtext></mml:math><tex-math><![CDATA[\text{reactions}/\text{src particle}]]></tex-math></alternatives></inline-formula>. A normalization factor
<inline-formula><alternatives><mml:math display="inline"><mml:mi>f</mml:mi></mml:math><tex-math><![CDATA[f]]></tex-math></alternatives></inline-formula> in <inline-formula><alternatives><mml:math display="inline"><mml:mtext>src</mml:mtext><mml:mi mathvariant="normal">/</mml:mi><mml:mtext>s</mml:mtext></mml:math><tex-math><![CDATA[\text{src}/\text{s}]]></tex-math></alternatives></inline-formula> is applied to obtain the more
conventional unit of <inline-formula><alternatives><mml:math display="inline"><mml:mtext>reactions</mml:mtext><mml:mi mathvariant="normal">/</mml:mi><mml:mtext>s</mml:mtext></mml:math><tex-math><![CDATA[\text{reactions}/\text{s}]]></tex-math></alternatives></inline-formula>:</p>
<disp-formula id="eq-7">
<alternatives><mml:math display="block"><mml:msub><mml:mi>R</mml:mi><mml:mrow><mml:mi>i</mml:mi><mml:mi>j</mml:mi></mml:mrow></mml:msub><mml:mo>=</mml:mo><mml:msub><mml:mi>r</mml:mi><mml:mrow><mml:mi>i</mml:mi><mml:mi>j</mml:mi></mml:mrow></mml:msub><mml:mi>f</mml:mi></mml:math><tex-math><![CDATA[R_{ij} = r_{ij} f]]></tex-math></alternatives>
<label>(6)</label>
</disp-formula>
<p>This normalization factor is typically related to the power of the
reactor and energy released from fission (<monospace>fission-q</monospace>
normalization) or the external source strength (<monospace>source-rate</monospace>
normalization). <monospace>IndependentOperator</monospace> may use either of these methods to normalize
the reaction rates. While <monospace>CoupledOperator</monospace> may use several methods to
calculate fission yields, including using the Monte Carlo simulation to
directly tally fission yields, <monospace>IndependentOperator</monospace> relies on
constant yield data included in the depletion chain file.</p>
</sec>
</sec>
<sec id="sec-5">
<label>3</label>
<title>Results</title>
<p>To validate transport-independent depletion, we ran depletion simulations on
a <abbrev alt="Pressurized Water Reactor">PWR</abbrev> with a single depletion zone for three cases:</p>
<list list-type="order">
<list-item>
<p>Transport-coupled depletion,</p>
</list-item><list-item>
<p>Transport-independent depletion,</p>
</list-item><list-item>
<p>Transport-independent depletion with microscopic cross sections
updated after each depletion step.</p>
</list-item>
</list>
<p>The first case serves as a reference solution we use to estimate the error
in the solution of the new method. We used 25 inactive and 125 active
batches, with 10<sup>6</sup> particles per batch. For the second case, we used three
different group structures to test the effect on solution accuracy: one
group, CASMO-8, and CASMO-40. The third case is much slower than the first
case as the cross sections need to be reloaded after each depletion step.
The third case is a sanity check that the cross sections are being computed
correctly, as it should have a smaller error than the second case.
Due to the cross section discretization that occurs before performing
depletion, we do not expect the third case results to converge to the first
case results in limit of infinite particles, but we would expect it to
converge in the limit of infinite particles <italic>and</italic> energy groups. The
third case was only run for one-group transport-independent depletion.</p>
<p><xref ref-type="table" rid="table-1">Table 1</xref> and <xref ref-type="table" rid="table-2">Table 2</xref> contain the material parameters and
compositions of our model, and <xref ref-type="table" rid="table-3">Table 3</xref> contains the geometric
parameters.  We used the ENDF/B-VII.1 nuclear data library available at
<ext-link ext-link-type="uri" xlink:href="https://openmc.org/data/#endf-b-vii-1">openmc.org/data</ext-link>. We used the ENDF/B-VII.1 depletion
chain in the <abbrev alt="Pressurized Water Reactor">PWR</abbrev> spectrum also available at <ext-link ext-link-type="uri" xlink:href="https://openmc.org/data/#endf-b-vii-1-chain-thermal-spectrum">openmc.org/data</ext-link>.</p>
<table-wrap id="table-2">
<label>Table 2:</label>
<caption>
<p>Material Compositions</p>
</caption>
<table>
<thead>
<tr><th colspan="2">Fuel composition</th><th colspan="2">Cladding composition</th><th colspan="2">Water composition</th></tr>
<tr><th>Nuclide</th><th>Composition [atom %]</th><th>Nuclide</th><th>Composition [atom %]</th><th>Nuclide</th><th>Composition [atom %]</th></tr>
</thead>
<tbody>
<tr><td><sup>15</sup>O</td><td>0.000758</td><td><sup>90</sup>Zr</td><td>0.5145</td><td><sup>1</sup>H</td><td>1.999689</td></tr>
<tr><td><sup>16</sup>O</td><td>1.999242</td><td><sup>91</sup>Zr</td><td>0.1122</td><td><sup>2</sup>H</td><td>0.000311</td></tr>
<tr><td><sup>234</sup>U</td><td>0.000385</td><td><sup>92</sup>Zr</td><td>0.1715</td><td><sup>15</sup>O</td><td>0.999621</td></tr>
<tr><td><sup>235</sup>U</td><td>0.043020</td><td><sup>94</sup>Zr</td><td>0.1738</td><td><sup>16</sup>O</td><td>0.000379</td></tr>
<tr><td><sup>236</sup>U</td><td>0.000197</td><td><sup>96</sup>Zr</td><td>0.028</td><td/><td/></tr>
<tr><td><sup>238</sup>U</td><td>0.956398</td><td/><td/><td/><td/></tr>
</tbody>
</table>
</table-wrap>
<p>Depletion is a slow process whose effects on neutronics only start to apply
on longer timescales (days and months). For validation purposes we ran each
of the three cases with four different magnitudes of timestep size: 360
seconds, 4 hours, 3 days, and 30 days. All simulations ran for 10 depletion
steps. We used the <monospace>PredictorIntegrator</monospace> time stepper, which is
analogous to the Euler method. Predictor-corrector methods are not useful
for transport independent depletion. The correction step will utilize the
same reaction rates as the initial prediction due to the static fluxes and
cross sections.  This means any predictor-corrector method will produce the
same numerical results as a predictor method but with higher floating-point
errors due to the increased number of operations <xref ref-type="fn" rid="fn-1">1</xref>. We used constant
reaction rate Q values multiplied by the reaction rates to obtain the
normalization factor <inline-formula><alternatives><mml:math display="inline"><mml:mi>f</mml:mi></mml:math><tex-math><![CDATA[f]]></tex-math></alternatives></inline-formula> (<monospace>fission-q</monospace> normalization) for all cases with
a linear power density of 174 W/cm.</p>
<p>The general trend in our results is that concentration errors are smaller
for shorter depletion time steps, and larger for longer depletion time
steps, however some nuclides exhibit more complicated behavior.</p>
<fig id="figure-1">
<label>(a)</label>
<caption>
<p>
<label>Figure 1:</label>
Relative actinide concentration error using 3-day time steps at 3, 12, 21, and
30 days of depletion for <xref ref-type="fig" rid="figure-2">(a)</xref> constant
cross sections; <xref ref-type="fig" rid="figure-3">(b)</xref> updating cross
sections.</p>
</caption>
<fig id="figure-2">
<label>(a)</label>
<caption>
<p>
<label>(a)</label>
</p>
</caption>
<graphic mimetype="image" mime-subtype="png" xlink:href="files/actinides_constant_x-ef0564f8b23d1da4d68086f9dee32ba1.png"/>
</fig>
<fig id="figure-3">
<label>(b)</label>
<caption>
<p>
<label>(b)</label>
</p>
</caption>
<graphic mimetype="image" mime-subtype="png" xlink:href="files/actinides_updating_x-0f0cdd9b510e9b33e1519858040d7aa9.png"/>
</fig>
</fig>
<p><xref ref-type="fig" rid="figure-2">Figure 1a</xref> and
<xref ref-type="fig" rid="figure-3">Figure 1b</xref> show the relative error in predicted
actinide concentration for constant cross sections and updating cross sections,
respectively, using 3-day time steps. <xref ref-type="fig" rid="figure-6">Figure 3a</xref>
and <xref ref-type="fig" rid="figure-7">Figure 3b</xref> show the same respective
quantities for 30-day time steps. As expected, updating the cross sections at
each depletion step results in low predicted nuclide concentration errors, on
the order of a fraction of a percent. The error trend for constant cross
sections depends both on the cross section and time step size. For example,
constant cross sections using a 3-day time step
underpredicts the <inline-formula><alternatives><mml:math display="inline"><mml:msup><mml:mrow/><mml:mn>241</mml:mn></mml:msup></mml:math><tex-math><![CDATA[^{241}]]></tex-math></alternatives></inline-formula>Pu concentration, but at longer time steps
overpredicts the concentration. <xref ref-type="fig" rid="figure-4">Figure 2</xref> shows
the overprediction is due to overcalculating the rate of (<inline-formula><alternatives><mml:math display="inline"><mml:mi>n</mml:mi><mml:mo separator="true">,</mml:mo><mml:mi>γ</mml:mi></mml:math><tex-math><![CDATA[n,\gamma]]></tex-math></alternatives></inline-formula>) reactions
that occur on <inline-formula><alternatives><mml:math display="inline"><mml:msup><mml:mrow/><mml:mn>240</mml:mn></mml:msup></mml:math><tex-math><![CDATA[^{240}]]></tex-math></alternatives></inline-formula>Pu.</p>
<fig id="figure-4">
<label>Figure 2:</label>
<caption>
<p>Relative <inline-formula><alternatives><mml:math display="inline"><mml:msup><mml:mrow/><mml:mn>240</mml:mn></mml:msup></mml:math><tex-math><![CDATA[^{240}]]></tex-math></alternatives></inline-formula>Pu (<inline-formula><alternatives><mml:math display="inline"><mml:mi>n</mml:mi><mml:mo separator="true">,</mml:mo><mml:mi>γ</mml:mi></mml:math><tex-math><![CDATA[n,\gamma]]></tex-math></alternatives></inline-formula>) reaction rate error using constant cross
sections and 30-day time steps.</p>
</caption>
<graphic mimetype="image" mime-subtype="png" xlink:href="files/pu240-n-gamma-months-e3e4a55588fcf4214a265c58b45be3bb.png"/>
</fig>
<p>The error in <inline-formula><alternatives><mml:math display="inline"><mml:msup><mml:mrow/><mml:mn>241</mml:mn></mml:msup></mml:math><tex-math><![CDATA[^{241}]]></tex-math></alternatives></inline-formula>Pu concentration propagates to daughter nuclides
that are related to the amount of <inline-formula><alternatives><mml:math display="inline"><mml:msup><mml:mrow/><mml:mn>241</mml:mn></mml:msup></mml:math><tex-math><![CDATA[^{241}]]></tex-math></alternatives></inline-formula>Pu, such as isotopes of Cm
and Am. We observe a general trend that the less abundant
nuclides have higher concentration error relative to transport-coupled
depletion. The less abundant actinides have increased sensitivity to
variations in production. The more abundant nuclides (U,
<inline-formula><alternatives><mml:math display="inline"><mml:msup><mml:mrow/><mml:mn>239</mml:mn></mml:msup></mml:math><tex-math><![CDATA[^{239}]]></tex-math></alternatives></inline-formula>Np, <inline-formula><alternatives><mml:math display="inline"><mml:msup><mml:mrow/><mml:mn>239</mml:mn></mml:msup></mml:math><tex-math><![CDATA[^{239}]]></tex-math></alternatives></inline-formula>Pu, <inline-formula><alternatives><mml:math display="inline"><mml:msup><mml:mrow/><mml:mn>240</mml:mn></mml:msup></mml:math><tex-math><![CDATA[^{240}]]></tex-math></alternatives></inline-formula>Pu) tend to have low concentration
errors, (5% or less), whereas the less abundant actinides (isotopes of Am,
isotopes of Cm, <inline-formula><alternatives><mml:math display="inline"><mml:msup><mml:mrow/><mml:mn>241</mml:mn></mml:msup></mml:math><tex-math><![CDATA[^{241}]]></tex-math></alternatives></inline-formula>Pu, <inline-formula><alternatives><mml:math display="inline"><mml:msup><mml:mrow/><mml:mn>242</mml:mn></mml:msup></mml:math><tex-math><![CDATA[^{242}]]></tex-math></alternatives></inline-formula>Pu) tend to have high (more
than 10%) concentration errors depending on the nuclide of interest.</p>
<fig id="figure-5">
<label>(a)</label>
<caption>
<p>
<label>Figure 3:</label>
Relative actinide concentration error using 30-day time steps at 30, 120, 210, and
300 days of depletion for <xref ref-type="fig" rid="figure-6">(a)</xref> constant
cross sections; <xref ref-type="fig" rid="figure-7">(b)</xref> updating cross
sections.</p>
</caption>
<fig id="figure-6">
<label>(a)</label>
<caption>
<p>
<label>(a)</label>
</p>
</caption>
<graphic mimetype="image" mime-subtype="png" xlink:href="files/actinides_constant_x-859402fcf82503fb7988a1f476130d36.png"/>
</fig>
<fig id="figure-7">
<label>(b)</label>
<caption>
<p>
<label>(b)</label>
</p>
</caption>
<graphic mimetype="image" mime-subtype="png" xlink:href="files/actinides_updating_x-179c8ad4325f5de79d7c5cc3d14c574d.png"/>
</fig>
</fig>
<p><xref ref-type="fig" rid="figure-9">Figure 4a</xref> and <xref ref-type="fig" rid="figure-10">Figure 4b</xref> show the
relative error in predicted fission product concentration using constant cross
sections and updating cross sections, respectively, using 3-day time steps.
<xref ref-type="fig" rid="figure-12">Figure 5a</xref> and
<xref ref-type="fig" rid="figure-13">Figure 5b</xref> show the same respective quantities for
30-day time steps. Similar to the actinides, updating the cross sections at each
depletion step results in low predicted nuclide concentration errors. There is a
lower concentration error across the board for many of these fission products
compared to the actinides. This is due to the low concentration error of
<inline-formula><alternatives><mml:math display="inline"><mml:msup><mml:mrow/><mml:mn>235</mml:mn></mml:msup></mml:math><tex-math><![CDATA[^{235}]]></tex-math></alternatives></inline-formula>U, which propagates to the fission products. Other actinides with higher
concentration errors are orders of magnitude less abundant in the fuel than
<inline-formula><alternatives><mml:math display="inline"><mml:msup><mml:mrow/><mml:mn>235</mml:mn></mml:msup></mml:math><tex-math><![CDATA[^{235}]]></tex-math></alternatives></inline-formula>U, so their effect on fission product concentration error is
proportionally small.</p>
<p>Concentration errors for low-abundance nuclides using 30-day time steps follow
an interesting trend where there is an initial large negative concentration
error that becomes more positive over time. This behavior is due to
the static cross sections and fluxes producing the same amount of these
nuclides every timestep, whereas in the transport-coupled case,
net production of the low-abundance nuclides decreases over time.</p>
<fig id="figure-8">
<label>(a)</label>
<caption>
<p>
<label>Figure 4:</label>
Relative fission product concentration error using 3-day time steps at 3, 12, 21, and
30 days of depletion for <xref ref-type="fig" rid="figure-9">(a)</xref> constant
cross sections; <xref ref-type="fig" rid="figure-10">(b)</xref> updating cross
sections.</p>
</caption>
<fig id="figure-9">
<label>(a)</label>
<caption>
<p>
<label>(a)</label>
</p>
</caption>
<graphic mimetype="image" mime-subtype="png" xlink:href="files/fission_products_con-1687f5abcd77232d67eba5af66f1b077.png"/>
</fig>
<fig id="figure-10">
<label>(b)</label>
<caption>
<p>
<label>(b)</label>
</p>
</caption>
<graphic mimetype="image" mime-subtype="png" xlink:href="files/fission_products_upd-14ec8082342363972d4f76733e27df09.png"/>
</fig>
</fig>
<fig id="figure-11">
<label>(a)</label>
<caption>
<p>
<label>Figure 5:</label>
Relative fission product concentration error using 30-day time steps at 30, 120, 210, and
300 days of depletion for <xref ref-type="fig" rid="figure-12">(a)</xref> constant
cross sections; <xref ref-type="fig" rid="figure-13">(b)</xref> updating cross
sections.</p>
</caption>
<fig id="figure-12">
<label>(a)</label>
<caption>
<p>
<label>(a)</label>
</p>
</caption>
<graphic mimetype="image" mime-subtype="png" xlink:href="files/fission_products_con-91e8d74dc34e0b7337719c96d49cd9d7.png"/>
</fig>
<fig id="figure-13">
<label>(b)</label>
<caption>
<p>
<label>(b)</label>
</p>
</caption>
<graphic mimetype="image" mime-subtype="png" xlink:href="files/fission_products_upd-68f011fe7948a2724ae67f9d3820f512.png"/>
</fig>
</fig>
<p>Repeating this analysis for both the CASMO-8 and CASMO-40 multi-group
structures did not yield noticeable decreases in nuclide concentration
errors for transport-independent depletion over the one-group case.
<xref ref-type="fig" rid="figure-15">Figure 6a</xref> and
<xref ref-type="fig" rid="figure-16">Figure 6b</xref> show the relative error in
predicted actinide concentration using the CASMO-8 and CASMO-40 group
structures, respectively, using 3-day time steps.
<xref ref-type="fig" rid="figure-18">Figure 7a</xref> and
<xref ref-type="fig" rid="figure-19">Figure 7b</xref> show the same respective
quantities for 30-day time steps.  It is possible in more complex models,
like full reactor depletion, that the multi-group structure could become more
important.</p>
<fig id="figure-14">
<label>(a)</label>
<caption>
<p>
<label>Figure 6:</label>
Relative actinide concentration error using constant cross sections and 3-day
time steps at 3, 12, 21, and 30 days of depletion for the
<xref ref-type="fig" rid="figure-15">(a)</xref> CASMO-8 group
structure; <xref ref-type="fig" rid="figure-16">(b)</xref>
CASMO-40 group structure.</p>
</caption>
<fig id="figure-15">
<label>(a)</label>
<caption>
<p>
<label>(a)</label>
</p>
</caption>
<graphic mimetype="image" mime-subtype="png" xlink:href="files/actinides_casmo8_con-ef0b6f86e1be96e4d874b29633f9f7d0.png"/>
</fig>
<fig id="figure-16">
<label>(b)</label>
<caption>
<p>
<label>(b)</label>
</p>
</caption>
<graphic mimetype="image" mime-subtype="png" xlink:href="files/actinides_casmo40_co-94c23a8b1460923cda42adff15ab2fdc.png"/>
</fig>
</fig>
<fig id="figure-17">
<label>(a)</label>
<caption>
<p>
<label>Figure 7:</label>
Relative actinide concentration error using constant cross sections and 3-day
time steps at 30, 120, 210, and 300 days of depletion for the
<xref ref-type="fig" rid="figure-18">(a)</xref> CASMO-8 group
structure; <xref ref-type="fig" rid="figure-19">(b)</xref>
CASMO-40 group structure.</p>
</caption>
<fig id="figure-18">
<label>(a)</label>
<caption>
<p>
<label>(a)</label>
</p>
</caption>
<graphic mimetype="image" mime-subtype="png" xlink:href="files/actinides_casmo8_con-f626dfcb07cb93a9a80edac6644a3f41.png"/>
</fig>
<fig id="figure-19">
<label>(b)</label>
<caption>
<p>
<label>(b)</label>
</p>
</caption>
<graphic mimetype="image" mime-subtype="png" xlink:href="files/actinides_casmo40_co-1aef51c8685583269abd9302f0fa158b.png"/>
</fig>
</fig>
<p>The transport-coupled simulations each took several hours to complete,
whereas the transport-independent simulations using
<monospace>IndependentOperator</monospace> took seconds to minutes to complete.</p>
</sec>
<sec id="sec-6">
<label>4</label>
<title>Conclusion</title>
<p>In this paper, we introduced transport-independent depletion in OpenMC. This
method utilized pre-computed multi-group cross sections and fluxes to
calculate reaction rates for a depletion calculation. The new method is much
faster than running a transport-coupled depletion simulation, albeit with a
penalty to accuracy. Better accuracy will be obtained for models where the
neutron flux spectrum will be constant, i.e. in fusion systems and low power
fission reactors, so this new method should be used judiciously on problems
where they are applicable.</p>
<p>This study focused exclusively on nuclide compositions. Future work may include
building machinery to monitor criticality as the fuel depletes. A good
starting point may be in implementing a method similar to the method to estimate
<inline-formula><alternatives><mml:math display="inline"><mml:msub><mml:mi>k</mml:mi><mml:mi mathvariant="normal">∞</mml:mi></mml:msub></mml:math><tex-math><![CDATA[k_{\infty}]]></tex-math></alternatives></inline-formula> used in (<xref ref-type="bibr" rid="ref-4">Lovecký <italic>et al.</italic>, 2014</xref>), wherein</p>
<disp-formula id="eq-8">
<alternatives><mml:math display="block"><mml:msub><mml:mi>k</mml:mi><mml:mi mathvariant="normal">∞</mml:mi></mml:msub><mml:mo>=</mml:mo><mml:mfrac><mml:mrow><mml:munder><mml:mo>∑</mml:mo><mml:mi>i</mml:mi></mml:munder><mml:munder><mml:mo>∑</mml:mo><mml:mi>j</mml:mi></mml:munder><mml:msub><mml:mi>N</mml:mi><mml:mi>i</mml:mi></mml:msub><mml:msub><mml:mi>ν</mml:mi><mml:mi>j</mml:mi></mml:msub><mml:msubsup><mml:mi>σ</mml:mi><mml:mi>i</mml:mi><mml:mi>j</mml:mi></mml:msubsup></mml:mrow><mml:mrow><mml:munder><mml:mo>∑</mml:mo><mml:mi>i</mml:mi></mml:munder><mml:munder><mml:mo>∑</mml:mo><mml:mi>j</mml:mi></mml:munder><mml:msub><mml:mi>N</mml:mi><mml:mi>i</mml:mi></mml:msub><mml:msubsup><mml:mi>σ</mml:mi><mml:mi>i</mml:mi><mml:mi>j</mml:mi></mml:msubsup></mml:mrow></mml:mfrac></mml:math><tex-math><![CDATA[k_{\infty} = \frac{\sum_{i} \sum_{j} N_{i} \nu_{j} \sigma_{i}^{j}}{\sum_{i}\sum_{j} N_{i} \sigma_{i}^{j}}]]></tex-math></alternatives>
<label>(7)</label>
</disp-formula>
<p>where <inline-formula><alternatives><mml:math display="inline"><mml:mi>j</mml:mi></mml:math><tex-math><![CDATA[j]]></tex-math></alternatives></inline-formula> indicates the type of reaction, and <inline-formula><alternatives><mml:math display="inline"><mml:msub><mml:mi>ν</mml:mi><mml:mi>j</mml:mi></mml:msub></mml:math><tex-math><![CDATA[\nu_{j}]]></tex-math></alternatives></inline-formula> is the neutron
multiplication of reaction <inline-formula><alternatives><mml:math display="inline"><mml:mi>j</mml:mi></mml:math><tex-math><![CDATA[j]]></tex-math></alternatives></inline-formula>, defined as</p>
<disp-formula id="eq-9">
<alternatives><mml:math display="block"><mml:msub><mml:mi>ν</mml:mi><mml:mi>j</mml:mi></mml:msub><mml:mo>=</mml:mo><mml:mrow><mml:mo fence="true">{</mml:mo><mml:mtable rowspacing="0.36em" columnalign="left left" columnspacing="1em"><mml:mtr><mml:mtd><mml:mstyle scriptlevel="0" displaystyle="false"><mml:mn>0</mml:mn></mml:mstyle></mml:mtd><mml:mtd><mml:mstyle scriptlevel="0" displaystyle="false"><mml:mrow><mml:mi>j</mml:mi><mml:mo>=</mml:mo><mml:mtext> absorption reaction</mml:mtext></mml:mrow></mml:mstyle></mml:mtd></mml:mtr><mml:mtr><mml:mtd><mml:mstyle scriptlevel="0" displaystyle="false"><mml:mi>x</mml:mi></mml:mstyle></mml:mtd><mml:mtd><mml:mstyle scriptlevel="0" displaystyle="false"><mml:mrow><mml:mi>j</mml:mi><mml:mo>=</mml:mo><mml:mo stretchy="false">(</mml:mo><mml:mi>n</mml:mi><mml:mo separator="true">,</mml:mo><mml:mi>x</mml:mi><mml:mi>n</mml:mi><mml:mo stretchy="false">)</mml:mo></mml:mrow></mml:mstyle></mml:mtd></mml:mtr><mml:mtr><mml:mtd><mml:mstyle scriptlevel="0" displaystyle="false"><mml:mover accent="true"><mml:mi>ν</mml:mi><mml:mo>ˉ</mml:mo></mml:mover></mml:mstyle></mml:mtd><mml:mtd><mml:mstyle scriptlevel="0" displaystyle="false"><mml:mrow><mml:mi>j</mml:mi><mml:mo>=</mml:mo><mml:mtext>fission</mml:mtext></mml:mrow></mml:mstyle></mml:mtd></mml:mtr></mml:mtable></mml:mrow></mml:math><tex-math><![CDATA[\nu_j = \begin{cases} 0 & j=\text{ absorption reaction}\\ x & j=(n,xn)\\ \bar{\nu} & j=\text{fission} \end{cases}]]></tex-math></alternatives>
<label>(8)</label>
</disp-formula>
<p>In OpenMC, <inline-formula><alternatives><mml:math display="inline"><mml:mo stretchy="false">(</mml:mo><mml:mi>n</mml:mi><mml:mo separator="true">,</mml:mo><mml:mi>x</mml:mi><mml:mi>n</mml:mi><mml:mo stretchy="false">)</mml:mo></mml:math><tex-math><![CDATA[(n,xn)]]></tex-math></alternatives></inline-formula> reactions are not used to calculate <inline-formula><alternatives><mml:math display="inline"><mml:msub><mml:mi>k</mml:mi><mml:mtext>eff</mml:mtext></mml:msub></mml:math><tex-math><![CDATA[k_\text{eff}]]></tex-math></alternatives></inline-formula> (and
by extension <inline-formula><alternatives><mml:math display="inline"><mml:msub><mml:mi>k</mml:mi><mml:mi mathvariant="normal">∞</mml:mi></mml:msub></mml:math><tex-math><![CDATA[k_{\infty}]]></tex-math></alternatives></inline-formula>). In this case, <inline-formula><alternatives><mml:math display="inline"><mml:msub><mml:mi>ν</mml:mi><mml:mi>x</mml:mi></mml:msub><mml:mo>=</mml:mo><mml:mn>0</mml:mn></mml:math><tex-math><![CDATA[\nu_{x} = 0]]></tex-math></alternatives></inline-formula> in the numerator for
all <inline-formula><alternatives><mml:math display="inline"><mml:mi>x</mml:mi></mml:math><tex-math><![CDATA[x]]></tex-math></alternatives></inline-formula>, and we would use an ‘effective’ absorption cross section
<inline-formula><alternatives><mml:math display="inline"><mml:msub><mml:mover accent="true"><mml:mi>σ</mml:mi><mml:mo stretchy="true">‾</mml:mo></mml:mover><mml:mi>a</mml:mi></mml:msub><mml:mo>=</mml:mo><mml:msub><mml:mi>σ</mml:mi><mml:mi>a</mml:mi></mml:msub><mml:mo>−</mml:mo><mml:msub><mml:mi>σ</mml:mi><mml:mrow><mml:mo stretchy="false">(</mml:mo><mml:mi>n</mml:mi><mml:mo separator="true">,</mml:mo><mml:mn>2</mml:mn><mml:mi>n</mml:mi><mml:mo stretchy="false">)</mml:mo></mml:mrow></mml:msub><mml:mo>−</mml:mo><mml:mn>2</mml:mn><mml:msub><mml:mi>σ</mml:mi><mml:mrow><mml:mo stretchy="false">(</mml:mo><mml:mi>n</mml:mi><mml:mo separator="true">,</mml:mo><mml:mn>3</mml:mn><mml:mi>n</mml:mi><mml:mo stretchy="false">)</mml:mo></mml:mrow></mml:msub><mml:mo>−</mml:mo><mml:mn>3</mml:mn><mml:msub><mml:mi>σ</mml:mi><mml:mrow><mml:mo stretchy="false">(</mml:mo><mml:mi>n</mml:mi><mml:mo separator="true">,</mml:mo><mml:mn>4</mml:mn><mml:mi>n</mml:mi><mml:mo stretchy="false">)</mml:mo></mml:mrow></mml:msub></mml:math><tex-math><![CDATA[\overline{\sigma}_{a} = \sigma_{a} - \sigma_{(n,2n)} - 2\sigma_{(n,3n)} - 3\sigma_{(n,4n)}]]></tex-math></alternatives></inline-formula>.</p>
<p>Future work could focus on characterizing the effect of sub-regions on the
concentration errors. The geometry used in this study is a simple <abbrev alt="Pressurized Water Reactor">PWR</abbrev>
pincell. It is possible that the error due to static fluxes could be reduced
by dividing the pincell into sub-regions to better capture radial and axial
variations as is done in high-fidelity depletion of large reactor models.
Another area for future work could be on studying the importance of energy
group discretization for more complex reactor models. We did not find a
difference in concentration errors between one-group, CASMO-8 group, and
CASMO-40 group transport-independent depletion for the pincell model. It is
possible that energy group discretization becomes more important for complex
models with distinct depletion zones.</p>
</sec>
</body>
<back>
<sec sec-type="data-availability">
<title>Data Availability</title>
<p>The data that support the findings of this study are openly available at the
following DOI: 10.5281/zenodo.15103379</p>
<p>The data that support the findings of this study are openly available at the
following DOI: 10.5281/zenodo.15103379</p>
</sec>
<ref-list>
<ref id="ref-8">
<element-citation publication-type="journal">
<article-title>A Code-Agnostic Driver Application for Coupled Neutronics and Thermal-Hydraulic Simulations</article-title>
<person-group person-group-type="author">
<name><surname>Romano</surname><given-names>Paul K.</given-names></name>
<name><surname>Hamilton</surname><given-names>Steven P.</given-names></name>
<name><surname>Rahaman</surname><given-names>Ronald O.</given-names></name>
<name><surname>Novak</surname><given-names>April</given-names></name>
<name><surname>Merzari</surname><given-names>Elia</given-names></name>
<name><surname>Harper</surname><given-names>Sterling M.</given-names></name>
<name><surname>Shriwise</surname><given-names>Patrick C.</given-names></name>
<name><surname>Evans</surname><given-names>Thomas M.</given-names></name>
</person-group><source>Nucl. Sci. Eng.</source><year iso-8601-date="2021">2021</year><pub-id pub-id-type="doi">10.1080/00295639.2020.1830620</pub-id><volume>195</volume><fpage>391</fpage><lpage>411</lpage></element-citation>
</ref>
<ref id="ref-9">
<element-citation publication-type="paper-conference">
<article-title>Exascale Multiphysics Nuclear Reactor Simulations for Advanced Designs</article-title>
<person-group person-group-type="author">
<name><surname>Merzari</surname><given-names>Elia</given-names></name>
<name><surname>Hamilton</surname><given-names>Steven</given-names></name>
<name><surname>Evans</surname><given-names>Thomas</given-names></name>
<name><surname>Min</surname><given-names>Misun</given-names></name>
<name><surname>Fischer</surname><given-names>Paul</given-names></name>
<name><surname>Kerkemeier</surname><given-names>Stefan</given-names></name>
<name><surname>Fang</surname><given-names>Jun</given-names></name>
<name><surname>Romano</surname><given-names>Paul</given-names></name>
<name><surname>Lan</surname><given-names>Yu-Hsiang</given-names></name>
<name><surname>Phillips</surname><given-names>Malachi</given-names></name>
<name><surname>Biondo</surname><given-names>Elliott</given-names></name>
<name><surname>Royston</surname><given-names>Katherine</given-names></name>
<name><surname>Warburton</surname><given-names>Tim</given-names></name>
<name><surname>Chalmers</surname><given-names>Noel</given-names></name>
<name><surname>Rathnayake</surname><given-names>Thilina</given-names></name>
</person-group><source>Proceedings of the International Conference for High Performance Computing, Networking, Storage and Analysis</source><year iso-8601-date="2023">2023</year><pub-id pub-id-type="doi">10.1145/3581784.3627038</pub-id></element-citation>
</ref>
<ref id="ref-3">
<element-citation publication-type="journal">
<article-title>Depletion capabilities in the OpenMC Monte Carlo particle transport code</article-title>
<person-group person-group-type="author">
<name><surname>Romano</surname><given-names>Paul K</given-names></name>
</person-group><source>Annals of Nuclear Energy</source><year iso-8601-date="2021">2021</year><pub-id pub-id-type="doi">https://doi.org/10.1016/j.anucene.2020.107989</pub-id><fpage>15</fpage></element-citation>
</ref>
<ref id="ref-2">
<element-citation publication-type="journal">
<article-title>OpenMC: A state-of-the-art Monte Carlo code for research and development</article-title>
<person-group person-group-type="author">
<name><surname>Romano</surname><given-names>Paul K.</given-names></name>
<name><surname>Horelik</surname><given-names>Nicholas E.</given-names></name>
<name><surname>Herman</surname><given-names>Bryan R.</given-names></name>
<name><surname>Nelson</surname><given-names>Adam G.</given-names></name>
<name><surname>Forget</surname><given-names>Benoit</given-names></name>
<name><surname>Smith</surname><given-names>Kord</given-names></name>
</person-group><source>Annals of Nuclear Energy</source><year iso-8601-date="2015">2015</year><pub-id pub-id-type="doi">10.1016/j.anucene.2014.07.048</pub-id><volume>82</volume><issue>Supplement C</issue><fpage>90</fpage><lpage>97</lpage>
<issn>0306-4549</issn>
</element-citation>
</ref>
<ref id="ref-11">
<element-citation publication-type="journal">
<article-title>Fundamental concepts in the Cyclus nuclear fuel cycle simulation framework</article-title>
<person-group person-group-type="author">
<name><surname>Huff</surname><given-names>Kathryn D.</given-names></name>
<name><surname>Gidden</surname><given-names>Matthew J.</given-names></name>
<name><surname>Carlsen</surname><given-names>Robert W.</given-names></name>
<name><surname>Flanagan</surname><given-names>Robert R.</given-names></name>
<name><surname>McGarry</surname><given-names>Meghan B.</given-names></name>
<name><surname>Opotowsky</surname><given-names>Arrielle C.</given-names></name>
<name><surname>Schneider</surname><given-names>Erich A.</given-names></name>
<name><surname>Scopatz</surname><given-names>Anthony M.</given-names></name>
<name><surname>Wilson</surname><given-names>Paul P. H.</given-names></name>
</person-group><source>Advances in Engineering Software</source><year iso-8601-date="2016">2016</year><pub-id pub-id-type="doi">10.1016/j.advengsoft.2016.01.014</pub-id><volume>94</volume><fpage>46</fpage><lpage>59</lpage>
<issn>0965-9978</issn>
</element-citation>
</ref>
<ref id="ref-10">
<element-citation publication-type="journal">
<article-title>An Open-Source Coupling for Depletion During Fuel Cycle Modeling</article-title>
<person-group person-group-type="author">
<name><surname>Bachmann</surname><given-names>Amanda M.</given-names></name>
<name><surname>Yardas</surname><given-names>Oleksandr</given-names></name>
<name><surname>Munk</surname><given-names>Madicken</given-names></name>
</person-group><source>Nuclear Science and Engineering</source><year iso-8601-date="2024">2024</year><pub-id pub-id-type="doi">10.1080/00295639.2024.2393940</pub-id><volume>0</volume><issue>0</issue><fpage>1</fpage><lpage>14</lpage>
<issn>0029-5639</issn>
</element-citation>
</ref>
<ref id="ref-6">
<element-citation publication-type="journal">
<article-title>FISPACT-II: An Advanced Simulation System for Activation, Transmutation and Material Modelling</article-title>
<person-group person-group-type="author">
<name><surname>Sublet</surname><given-names>Jean-Christophe</given-names></name>
<name><surname>Eastwood</surname><given-names>J. W.</given-names></name>
<name><surname>Morgan</surname><given-names>J. G.</given-names></name>
<name><surname>Gilbert</surname><given-names>M. R.</given-names></name>
<name><surname>Fleming</surname><given-names>M.</given-names></name>
<name><surname>Arter</surname><given-names>W.</given-names></name>
</person-group><source>Nucl. Data Sheets</source><year iso-8601-date="2017">2017</year><pub-id pub-id-type="doi">10.1016/j.nds.2017.01.002</pub-id><volume>139</volume><fpage>77</fpage><lpage>137</lpage></element-citation>
</ref>
<ref id="ref-7">
<element-citation publication-type="journal">
<article-title>Shutdown dose rate benchmarking using modern particle transport codes</article-title>
<person-group person-group-type="author">
<name><surname>Eade</surname><given-names>T.</given-names></name>
<name><surname>Colling</surname><given-names>B.</given-names></name>
<name><surname>Naish</surname><given-names>J.</given-names></name>
<name><surname>Packer</surname><given-names>L. W.</given-names></name>
<name><surname>Valentine</surname><given-names>A.</given-names></name>
</person-group><source>Nucl. Fusion</source><year iso-8601-date="2020">2020</year><pub-id pub-id-type="doi">10.1088/1741-4326/ab8181</pub-id><volume>60</volume><issue>5</issue><fpage>056024</fpage></element-citation>
</ref>
<ref id="ref-5">
<element-citation publication-type="journal">
<article-title>Development and validation of fully open-source R2S shutdown dose rate capabilities in OpenMC</article-title>
<person-group person-group-type="author">
<name><surname>Peterson</surname><given-names>Ethan E.</given-names></name>
<name><surname>Romano</surname><given-names>Paul K.</given-names></name>
<name><surname>Shriwise</surname><given-names>Patrick C.</given-names></name>
<name><surname>Myers</surname><given-names>Patrick A.</given-names></name>
</person-group><source>Nucl. Fusion</source><year iso-8601-date="2024">2024</year><pub-id pub-id-type="doi">10.1088/1741-4326/ad32dd</pub-id><volume>64</volume><fpage>056011</fpage></element-citation>
</ref>
<ref id="ref-4">
<element-citation publication-type="journal">
<article-title>UWB1 – Fast nuclear fuel depletion code</article-title>
<person-group person-group-type="author">
<name><surname>Lovecký</surname><given-names>M.</given-names></name>
<name><surname>Piterka</surname><given-names>L.</given-names></name>
<name><surname>Prehradný</surname><given-names>J.</given-names></name>
<name><surname>Škoda</surname><given-names>R.</given-names></name>
</person-group><source>Annals of Nuclear Energy</source><year iso-8601-date="2014">2014</year><pub-id pub-id-type="doi">https://doi.org/10.1016/j.anucene.2014.04.021</pub-id><volume>71</volume><fpage>333</fpage><lpage>339</lpage>
<issn>0306-4549</issn>
</element-citation>
</ref>
</ref-list>
<fn-group><fn id="fn-1">
<label>1</label>
<p>Preliminary testing with predictor-corrector methods confirmed
the higher floating point errors, however their magnitudes are marginal.</p>
</fn></fn-group><ack>
<p>This work was by the Exascale Computing Project (17-SC-20-SC), a collaborative
effort of the U.S. Department of Energy Office of Science and the National
Nuclear Security Administration. This work was additionally supported through
the <abbrev alt="Nuclear Regulatory Commission">NRC</abbrev> Integrated University Grant Program Fellowship.</p>
<p>Refactoring of the initial implementation of the <monospace>MicroXS</monospace> and
<monospace>IndependentOperator</monospace> classes to support multi-group cross sections was
supported by the U.S. Department of Energy Office of Fusion Energy Sciences
under Award Number DE-SC0022033.</p>
<p>We gratefully acknowledge the computing resources provided on Bebop, a
high-performance computing cluster operated by the Laboratory Computing
Resource Center at Argonne National Laboratory.  This research made use of the
resources of the High Performance Computing Center at Idaho National
Laboratory, which is supported by the Office of Nuclear Energy of the U.S.
Department of Energy and the Nuclear Science User Facilities under Contract
No. DE-AC07-05ID14517</p>
</ack>
</back>
</article>
