<?xml version="1.0" encoding="UTF-8"?>
<!DOCTYPE article PUBLIC "-//NLM//DTD JATS (Z39.96) Journal Archiving and Interchange DTD with MathML3 v1.3 20210610//EN" "http://jats.nlm.nih.gov/publishing/1.3/JATS-archivearticle1-3-mathml3.dtd">
<article xmlns:mml="http://www.w3.org/1998/Math/MathML" xmlns:xlink="http://www.w3.org/1999/xlink" xmlns:xsi="http://www.w3.org/2001/XMLSchema-instance" xmlns:ali="http://www.niso.org/schemas/ali/1.0/" dtd-version="1.3" xml:lang="en" id="main">
<front>
<article-meta>
<article-id pub-id-type="doi">10.25080/HWGA5253</article-id>
<title-group>
<article-title>Making Research Data Flow With Python</article-title>
</title-group>
<contrib-group>
<contrib contrib-type="author" corresp="yes">
<contrib-id contrib-id-type="orcid">https://orcid.org/0000-0002-1327-1921</contrib-id>
<name name-style="western"><surname>Borrow</surname><given-names>Josh</given-names></name>
<xref ref-type="aff" rid="aff-1"/>
<email>josh@joshborrow.com</email>
</contrib>
<contrib contrib-type="author">
<contrib-id contrib-id-type="orcid">https://orcid.org/0000-0002-4693-0102</contrib-id>
<name name-style="western"><surname>Plante</surname><given-names>Paul La</given-names></name>
<xref ref-type="aff" rid="aff-2"/><xref ref-type="aff" rid="aff-3"/>
<email>paul.laplante@unlv.edu</email>
</contrib>
<contrib contrib-type="author">
<contrib-id contrib-id-type="orcid">https://orcid.org/0000-0002-4810-666X</contrib-id>
<name name-style="western"><surname>Aguirre</surname><given-names>James</given-names></name>
<xref ref-type="aff" rid="aff-1"/>
<email>jaguirre@sas.upenn.edu</email>
</contrib>
<contrib contrib-type="author">
<contrib-id contrib-id-type="orcid">https://orcid.org/0000-0003-3734-3587</contrib-id>
<name name-style="western"><surname>Williams</surname><given-names>Peter K. G.</given-names></name>
<xref ref-type="aff" rid="aff-4"/>
<email>pwilliams@cfa.harvard.edu</email>
</contrib>
</contrib-group>
<aff id="aff-1">
<institution-wrap>
<institution>Department of Physics and Astronomy, University of Pennsylvania, 209 South 33rd Street, Philadelphia, PA, USA 19104</institution>
</institution-wrap>
</aff>
<aff id="aff-2">
<institution-wrap>
<institution>Department of Computer Science, University of Nevada, Las Vegas, NV 89154</institution>
</institution-wrap>
</aff>
<aff id="aff-3">
<institution-wrap>
<institution>Nevada Center for Astrophysics, University of Nevada, Las Vegas, NV 89154</institution>
</institution-wrap>
</aff>
<aff id="aff-4">
<institution-wrap>
<institution>Center for Astrophysics | Harvard &amp; Smithsonian, 60 Garden St., Cambridge, MA 02138</institution>
</institution-wrap>
</aff>
<fpage>236</fpage><lpage>246</lpage>
<permissions>
<ali:free_to_read/>
<license xlink:href="https://creativecommons.org/licenses/by/4.0/">
<ali:license_ref>https://creativecommons.org/licenses/by/4.0/</ali:license_ref>
<license-p>This is an open access article distributed under the terms of the <ext-link ext-link-type="uri" xlink:href="http://creativecommons.org/licenses/by/4.0/">Creative Commons Attribution License</ext-link>, which permits unrestricted use, distribution, and reproduction in any medium, provided the original author and source are credited.</license-p>
</license>
</permissions>
<abstract>
<p>The increasing volume of research data in fields such as astronomy, biology,
and engineering necessitates efficient distributed data management.
Traditional commercial solutions are often unsuitable for the decentralized
infrastructure typical of academic projects. This paper presents the
Librarian, a custom framework designed for data transfer in large academic
collaborations, designed for the Simons Observatory (SO) as a ground up
re-architechture of a previous astronomical data management tool called the
‘HERA Librarian’ from which it takes its name. SO is a new-generation
observatory designed for observing the Cosmic Microwave Background, and is
located in the Atacama desert in Chile at over 5000 meters of elevation.</p>
<p>Existing tools like Globus Flows, iRODS, Rucio, and Datalad were evaluated
but were found to be lacking in automation or simplicity. Librarian
addresses these gaps by integrating with Globus for efficient data transfer
and providing a RESTful API for easy interaction. It also supports transfers
through the movement of physical media for environments with intermittent
connectivity.</p>
<p>Using technologies like Python, FastAPI, and SQLAlchemy, the Librarian
ensures robust, scalable, and user-friendly data management tailored to the
needs of large-scale scientific projects. This solution demonstrates an
effective method for managing the substantial data flows in modern ‘big
science’ endeavors.</p>
</abstract>
<kwd-group>
<kwd>data</kwd>
<kwd>python</kwd>
<kwd>research</kwd>
</kwd-group>
</article-meta>
</front>
<body>
<sec id="sec-1">
<label>1</label>
<title>Introduction</title>
<p>Research data is ever-growing, with even small projects now producing terabytes
of data. This has been matched by an increase in the typical size of workstation
storage and compute, but as many fields like astronomy, biology, and engineering
continue their march towards ‘big science’, distributed data analysis is
becoming significantly more common. As such, there is a significant need for
software that can seamlessly track and move data between sites without
continuous human intervention. For the very largest of these projects (such as
the Large Hadron Collider at CERN), massive development effort has been invested
to create technologies for data pipelining, but these tools typically assume a
high level of control over the software and hardware that is running for the
project.</p>
<p>At the same time, data science and data analytics are becoming a larger part of
industrial infrastructure, even in what appear to be non-technical fields like
law, commerce, and media. This has led to a huge increase in data engineering
and pipelining software, but this software is generally only available through
private clouds like those provided by Amazon (Amazon Web Services), Microsoft
(Azure), and Alphabet (Google Cloud). These services generally assume that there
is an ingest point into one of their managed storage (e.g. Amazon S3), using
their compute and tools for analysis (e.g. Amazon Athena and Amazon EC2), and
their tools for final data egress (e.g. Amazon API Gateway or Amazon
QuickSight). These resources are mature, performant, and a result of hundreds of
thousands or millions of developer-hours. However, they are not compatible with
the current publicly-funded science model, or the way that large, distributed,
academic collaborations work.</p>
<p>A monolithic stack like those provided by public clouds is almost antithetical
to large, distributed, academic projects. In these projects, funding may come
from a vast array of sources (e.g. faculty members funded through their
institution, large funding agencies like the National Science Foundation, or
more junior members funded through individual fellowships), and compute may be
provided by many different providers at different scales (e.g. on-premises with
the data source, small institutional Tier-2 or Tier-3 centers, or
international-scale Tier-0 centers through an allocation). Pooling these funds
and resources is an almost insurmountable challenge; aside from some $10 B+
projects, even ‘massive’ multi-hundred million dollar projects must design their
staffing, software, and procedures for a level of flexibility (and, by
corollary, simplicity) that would be incomprehensible in an industrial context.</p>
<p>This paper is about solving the base-level problem: how to get raw experiment
data totaling around 1 PB a year from a remote site (in our case, the top of a
mountain in Chile), to various science consumers distributed across the globe.
Our data is comprised of folders (termed ‘books’), each containing 10-20 GB of
data, laid out in a pre-determined scheme in a POSIX filesystem.</p>
</sec>
<sec id="sec-2">
<label>2</label>
<title>Comparing Data Flows</title>
<fig id="figure-1">
<label>Figure 1:</label>
<caption>
<p>Showing a typical layout of a commercial data engineering structure (top) versus
an academic one (bottom). In a commercial context, it is typical that a
significantly higher fraction of the resources are owned (or are directly
configurable, e.g. cloud services) by the user. It is also much more common to
have a centralised ‘data warehouse’ or ‘data lake’ which provides ingress and
egress for all data products. In the academic context, only a very small
fraction of the compute and storage are typically owned by stakeholders.
National facilities, and even local clusters at universities, are typically
rigid and cannot be re-configured to better suit the needs of an individual
experiment. Further, due to limited compute and storage constraints, it is
likely that multiple copies of experimental data must be kept at various sites,
and tight control needs to be maintained on the specific sub-sets of data stored
at each.</p>
</caption>
<graphic mimetype="image" mime-subtype="svg" xlink:href="files/Display-ca8f966f61a516f931e0960057f332f2.svg"/>
</fig>
<p>In <xref ref-type="fig" rid="figure-1">Figure 1</xref>, we show two example data flows: one for a commercial enterprise
(on the top), and one for a typical academic project (bottom; this matches
closely with the needs of the Simons Observatory).</p>
<p>A typical challenge for the commercial scenario is collating data from many
different sources, and processing it in a latency-sensitive manner. Consider an
e-commerce platform, which has sales data, market research, and user tracking
data, which all need to be collected and normalised to make decisions. This
data, though varied, is typically small (and all ‘owned’ in some sense by the
company), meaning that it can all be placed inside one centralised data
warehouse from which analysis can be performed, and data egress can take place
(often through a shared service). Because these services must all be directly
acquired by the business, they are all at a bare minimum highly configurable and
scalable. It can hence make sense to either use a series of interconnecting
services (e.g. those provided through the Apache Software Foundation if using
on-premises hardware), or a managed service collection (e.g. using tools from
AWS). The data flows, represented by arrows in this case, are then made much
simpler, and specific business logic can be programmed around the assumption of
a shared and well-known interface; this hence leads to our understanding of
these interconnected services through the data producers, flows, and products.</p>
<p>For an academic project, there is usually one major data source, and analysis is
usually compute-intensive. This could be an experiment or, in our case, an
observatory. Connected to this experiment there is typically a small on-site
data storage and analysis facility that repackages data and can perform simple
analysis. Those running the experiment usually have complete control over only
this platform; the rest are highly locked-down shared computing services like
national facilities (e.g. NERSC) and university-managed clusters - funding
agencies typically do not support the purchase of significant compute resources,
as they maintain shared high performance computing clusters. An important
corollary to this is that different facilities may have different resources
available, for instance cold storage for archival data, accelerators, or
high-memory nodes. Data must be managed with the understanding that these
resources may have finite lifetimes, may be withdrawn, or replaced at a
completely different site. Further, as there is no centralised provider, data
replication must be managed ‘manually’ by the collaboration through their
network of shared machines, both for integrity and for availability at the sites
that have different compute resources. Working on the data, specific archival
products are produced: either those included in a data release (e.g. images,
maps, etc.), and publications. Both regulation and community standards typically
leads to these products being <italic>immutable</italic> and available <italic>forever</italic>, hosted by an
external service. This reliance on external compute and storage leads to our
understanding of this workflow through the flow of data into and out of the
aforementioned providers.</p>
<p>Though they may have varied locations and resources, the computing centers are
all usually organised in a broadly similar way, with dedicated data ingest (or
transfer) nodes with a fast ‘grid’ internet connection (e.g. Internet2 in the
U.S., JISC in the U.K., etc.) and access to shared disks. Compute is managed via
a job scheduler (e.g. slurm), with file storage provided on GPFS or Lustre (i.e.
POSIX-like, not object store) systems. As such, much of the community software
has been built with the strong assumption that data is stored in files on a
high-performance POSIX-compliant filesystem, with analysis performed through job
submission to compute nodes. Any data management system for such projects must
hence be designed to be compatible with this workflow.</p>
<p>In the specific case of the Simons Observatory (<xref ref-type="bibr" rid="ref-3">Ade <italic>et al.</italic>, 2019</xref>), we have a need for a
piece of software to bring down data from our observatory at the rate of around
20 TB a week. This is accomplished using SneakerNet, where physical media is
used to transport data, and a fiber internet connection. Our data is immutable,
and in the form of ‘books’ (structured directories of binary data), within a
pre-determined directory structure that must be replicated exactly on all of the
downstream sites. At certain downstream sites, we have space for all of the data
from the entire project, but at others only a recent, rolling, sub-set may be
maintained.</p>
<sec id="sec-3">
<label>2.1</label>
<title>Existing Software</title>
<p>Because of the significantly different constraints in the academic world versus
the commercial world, there is a relatively limited set of tools that can be
used to accomplish the goal of automated data management and transfer. In our
search, we evaluated the following tools:</p>
<sec id="sec-4">
<label>2.1.1</label>
<title>Globus</title>
<p>Globus (<xref ref-type="bibr" rid="ref-4">Foster, 2011</xref>; <xref ref-type="bibr" rid="ref-5">Allen <italic>et al.</italic>, 2012</xref>) is a non-profit service from the University of
Chicago, and specialises in the batch transfer of large data products. Globus
works by having an ‘endpoint server’ running at each location, which can
communicate over HTTP. Through the use of their web interface, API, or
command-line client, it is possible to request asynchronous transfers of massive
amounts of data, which are transferred at close to line speeds thanks to GridFTP
being used for the underlying data movement. Globus is used extensively in the
academic community, and is already available ubiquitously throughout the
academic cluster ecosystem.</p>
<p>Globus, however, is not an automated tool; in general, one must tell Globus how,
where, and when to move data. It is possible to set up recurring
synchronisations of data, but this either requires complete copy at all sites
(lest data that was just deleted be moved again) or that all sub-tasks be
expressible as part of a ‘Globus Flow’, which may not always be possible. As
such, Globus is more of a ‘data transfer’ tool, than a data management tool. It
does not have significant cataloguing capability.</p>
</sec>
<sec id="sec-5">
<label>2.1.2</label>
<title>Rucio and iRODS</title>
<p>Rucio (<xref ref-type="bibr" rid="ref-6">Barisits <italic>et al.</italic>, 2019</xref>) is a distributed data management system that was originally
designed for the ATLAS high-energy physics experiment at the LHC, and as such is
extremely scalable (i.e. exabytes or more). Rucio can be backed by different
levels of storage, from fast (SSD) to slow (tape), and is declarative (meaning
that one simply asks the system to follow a set of rules, like ‘keep three
copies of the data’), with its own user and permissions management system. Rucio
is an exceptionally capable piece of software, but this comes with significant
complexity. Further, data is managed externally to the underlying filesystem
and permissions model of the host, potentially causing issues with the user
agreements at shared facilities, and interacting with data generally requires
interaction with the Rucio API. Though Rucio is certainly a fantastic tool, we
found that it was too integrated for our needs of simply transferring data, and
the declarative system is incompatible with our need to leverage SneakerNet.</p>
<p>A similar, albeit older and more mature, project to Rucio is iRODS (the
integrated rule-oriented data system; <xref ref-type="bibr" rid="ref-7">Consortium (2024)</xref>). iRODS, being more mature,
integrates nicely with lots of software (providing a FUSE mount, FTP client
integration, and more), and can likely be a perfect solution for someone looking
for fully integrated data management. However, as it is built on a foundation of
rule-based data management, it was discovered to be incompatible with our need
to tightly control the specific transfers taking place.</p>
</sec>
<sec id="sec-6">
<label>2.1.3</label>
<title>Datalad and git-annex</title>
<p>The git-annex (<xref ref-type="bibr" rid="ref-8">Hess, 2024</xref>) tool is an extension to Git, the version control
system, to handle large quantities of binary data. Due to its extensive use by
home and small business users, it explicitly supports SneakerNet transfers
between sites, but is hampered by the fact that it relies on Git to track files
(though not explicitly their contents; git-annex tracks checksums instead),
which can become slow as repository size scales.</p>
<p>Datalad (<xref ref-type="bibr" rid="ref-9">Halchenko <italic>et al.</italic>, 2021</xref>) is effectively a frontend for git-annex with a
significant feature pool, and is used extensively in the bioscience community.
For projects with small-to-medium size data needs, Datalad would be an
exceptional candidate, but as we expect to need to manage multiple petabytes of
data over a variety of storage needs, it was unfortunately not appropriate for
the Simons Observatory.</p>
</sec>
</sec>
</sec>
<sec id="sec-7">
<label>3</label>
<title>The Librarian</title>
<p>After much consideration, the collaboration decided that building an
orchestration and tracking framework on top of Globus was most appropriate. In
addition, there was an existing piece of software used for the Hydrogen Epoch of
Reionization Array (HERA) (<xref ref-type="bibr" rid="ref-10">DeBoer <italic>et al.</italic>, 2017</xref>), a radio telescope designed to study the
early Universe, called the ‘HERA Librarian’ (<xref ref-type="bibr" rid="ref-2">La Plante <italic>et al.</italic>, 2020</xref>; <xref ref-type="bibr" rid="ref-1">La Plante <italic>et al.</italic>, 2021</xref>) that
provided some of the abstractions that were required, though it was not suitable
for production use for the much larger Simons Observatory. The HERA Librarian
used a significant number of shell commands over SSH in its underlying
architecture, and was designed to be fully synchronous. This lead to a complete
re-write of the Librarian, primarily to eliminate these deficiencies, but also
to migrate the application to a more modern web framework. There are a few key
design concepts that were carried over from the HERA Librarian:</p>
<list list-type="bullet">
<list-item>
<p>There is a distinction drawn between ‘Files’ and ‘Instances’ of files in
the Librarian; a given server may know that ‘File’ exists but not actually
have direct access to a copy of the underlying data.</p>
</list-item><list-item>
<p>Files are immutable, enforced through checksumming, making synchronization
between Librarians uni-directional and much simpler.</p>
</list-item><list-item>
<p>Instances of the Librarian server are free-standing and are loosely-coupled,
meaning that long outages or network downtime do not cause significant
issues.</p>
</list-item>
</list>
<p>The Librarian<xref ref-type="fn" rid="fn-1">1</xref> is made up of five major pieces:</p>
<list list-type="order">
<list-item>
<p>A FastAPI<xref ref-type="fn" rid="fn-2">2</xref> server that allows access through a REST HTTP API.</p>
</list-item><list-item>
<p>A database server (postgres<xref ref-type="fn" rid="fn-3">3</xref> in production, SQLite<xref ref-type="fn" rid="fn-4">4</xref> for
development) to track state and provide atomicity.</p>
</list-item><list-item>
<p>A background task<xref ref-type="fn" rid="fn-5">5</xref> thread that performs data-intensive operations
like checksumming, local cloning, and scheduling of transfers.</p>
</list-item><list-item>
<p>A background transfer thread that manages the transfer queue and communicates
with Globus to query status.</p>
</list-item><list-item>
<p>A Python and associated command-line client for interacting with the API.</p>
</list-item>
</list>
<p>Crucially, the background threads can directly access the database, without
having to interact with the HTTP server. This reduces the level of ‘CRUD’
(create, read, update, delete) API code that is required for the project
significantly, by allowing (e.g.) locking of database rows currently being
transferred directly, rather than having this be handled through a series of API
calls. These background tasks are scheduled automatically using the lightweight
<monospace>schedule</monospace> library.</p>
<p>The Librarian is a specialized tool that excels in reproducing the data and
layout of a POSIX-compatible filesystem on a system with downstream nodes in a
loosely-coupled manner, all whilst maintaining tight control on <italic>how</italic> data is
transferred. The Librarian is open source and available through
GitHub<xref ref-type="fn" rid="fn-1">1</xref>, under the BSD-2-Clause license.</p>
<sec id="sec-8">
<label>3.1</label>
<title>Technology Choices</title>
<p>For this project, it was crucial that we used the Python language, as this is
the lingua franca of the collaboration; all members have at least some knowledge
of Python. No other language comes close (by a significant margin), and all
analysis tools use Python. In addition, Globus provide a complete source
development kit for Python<xref ref-type="fn" rid="fn-6">6</xref>. As our analysis tools will eventually
communicate with the Librarian, and its REST API, it also made sense to employ
pydantic<xref ref-type="fn" rid="fn-7">7</xref> to develop the communication schema. By using pydantic, we
could ensure that responses and requests were serialized and de-serialized by
the exact same models, reducing both development time and errors significantly.
With pydantic models as our base data structure, it was natural to choose
FastAPI for the web server component.</p>
<p>In an ideal case, we would have used SQLModel to further reduce code duplication
in the database layer. However, at the outset of the project,
SQLModel<xref ref-type="fn" rid="fn-8">8</xref> was still in very early development, and as such it made
sense to use SQLAlchemy<xref ref-type="fn" rid="fn-9">9</xref> as our object-relational mapping (ORM) to
translate database operations to object manipulation.</p>
</sec>
<sec id="sec-9">
<label>3.2</label>
<title>Service Layout</title>
<fig id="figure-2">
<label>Figure 2:</label>
<caption>
<p>Showing data ingest (green) and cloning between Librarian instances (orange).
Data flows from the experiment, through a staging area, and to a main store,
before being picked up by the background task (clocks) and copied by Globus in
the background to the remote staging area. On the remote end, once the data is
marked as being staged, the background task picks it up, checksums it, and it is
marked as stored. More information on this process is available in the main
text.</p>
</caption>
<graphic mimetype="image" mime-subtype="svg" xlink:href="files/Ingest-df4d68b79da34214bc64bfeca9a481f1.svg"/>
</fig>
<p>The Librarian service is relatively simple; it allows for the ingestion of
‘files’ (which can themselves be directories containing many files) into a
unified namespace, and this namespace can be synchronised with other sites using
Globus. In this section we will give a brief overview of the key abstractions at
place and the data flow within the application. This process is summarised in
<xref ref-type="fig" rid="figure-2">Figure 2</xref>.</p>
<p>In contrast to many other tools, and to the ‘HERA Librarian’ which preceeded the
Librarian, files carry minimal science metadata along with them through the
system. We found that metadata systems attached to data flow and management
systems often lacked necessary features and caused significant complications
(such as needing frequent database migrations) when coupled. As such, we chose
to explicitly delegate metadata management to other subsystems within the
project, focusing only on file transfers.</p>
<sec id="sec-10">
<label>3.2.1</label>
<title>User and Librarian Management</title>
<p>During the initial setup of the system, an administrator user is provisioned to
facilitate further management tasks. This primary administrator has the ability
to create additional user accounts through the <monospace>librarian</monospace> command-line tool.</p>
<p>Both ‘users’ (i.e. those interacting with the system to ingest data) and
‘Librarians’ (other copies of the application running on other systems) need
accounts. These accounts can be configured with different levels of permissions
to suit various needs. Specifically, accounts can be granted full administrator
privileges, read and append only privileges, or callback-only privileges.
Callback-only privalages are crucial for remote sites like telescopes, as they
ensure that downstream Librarians only have extremely limited access to both the
underlying data and its associated metadata. To ensure security, user passwords
are salted and hashed in the database using the Argon2<xref ref-type="fn" rid="fn-10">10</xref> algorithm. The
API employs HTTP Basic Authentication for user verification and access control.</p>
</sec>
<sec id="sec-11">
<label>3.2.2</label>
<title>Storage Management</title>
<p>In the Librarian system, storage is abstracted into entities known as ‘stores’.
These stores are provisioned during the setup process and can be migrated with a
server restart. Each store comprises two components: a staging area for ingested
files and a main store area, which has a global namespace for permanently
storing data. While stores can have any underlying structure, they must provide
methods for both ingestion and egress of data. In all current use cases, we
employ a ‘local store’, which is a thin wrapper around a POSIX filesystem.</p>
<p>Stores provide two methods for data ingestion: transfer managers and async
transfer managers. Transfer managers are synchronous, and for the ‘local store’,
this involves a simple local file copy. Async transfer managers, on the other
hand, are asynchronous and are used for inter-Librarian transfers, typically
employing Globus for this purpose. Individual storage items are referred to as
‘files’, which can denote either individual files or directories.</p>
<p>Stores on the same device log all the ‘instances’ of ‘files’ they contain in the
database. Additionally, all files can have ‘remote instances’, which are known
instances of files located on another Librarian.</p>
</sec>
<sec id="sec-12">
<label>3.2.3</label>
<title>Data Ingestion</title>
<p>Data ingestion follows a systematic process using accounts that have read and
append privileges. Initially, a request to upload is made to the Librarian web
server prompting it to create a temporary UUID-named directory in the staging
area. Simultaneously, the client computes a checksum for the file. The server
then provides this UUID and a set of transfer managers to the client.</p>
<p>Next, the client selects the most appropriate transfer manager to copy the file
to the staging area. Once the file transfer is complete, the client informs the
server of the completion. The server then verifies that the checksum matches the
one provided in the upload request. If the checksums are consistent, the server
ingests the file into the storage area.</p>
<p>From the client’s perspective, the upload is extremely simple:</p>
<code language="python">from hera_librarian import LibrarianClient
from hera_librarian.settings import client_settings
from pathlib import Path

client_info = client_settings.connections.get(
    "my_librarian_name"
)

client = LibrarianClient.from_info(client_info)

client.upload(
    Path("name_of_a_file_on_disk.txt"),
    Path("/hello/world/this/is/a/file.txt")
)</code>
<p>This then leads to a synchronous uploading of the local file to the global
namespace, with <monospace>upload</monospace> returning once this is complete and, crucially, the
upload is verified (via a checksum) by the server. For most applications,
this fire-and-forget technique is all that is required; if <monospace>upload</monospace> returns
successfully, the file is guaranteed to have been correctly uploaded to
the server and is ready for use and export.</p>
</sec>
<sec id="sec-13">
<label>3.2.4</label>
<title>Data Cloning</title>
<p>Data can be cloned in two main ways: locally and remotely. Local cloning
involves making a copy to a different store on the same Librarian, which is
often used for SneakerNet. This process is straightforward and handled by a
single task that creates a copy on the second device and updates the database.</p>
<p>Remote cloning, on the other hand, is a more complex, multi-stage process.
Initially, files without remote instances on the target Librarian are collated
into a list. Outgoing transfers are then created in the database to track
progress. These transfers are grouped into batches of 128 to 1024 files to be
packaged in a single Globus transfer, due to the limitation that there can only
be 100 listed Globus transfers.</p>
<p>A request is made to the destination Librarian to batch stage clones of these
files, creating a UUID directory for each. The batch transfer is placed in the
queue on the local Librarian. The transfer thread picks up this batch and sends
it using Globus, periodically polling for status updates on the transfer. Once
the transfer is complete, the source Librarian notifies the destination
Librarian that the files are staged. The ‘receive clone’ background task on the
destination Librarian picks up the staged files and verifies them against known
checksums. Once verified, the files are placed in the main store, and a callback
is generated to the source Librarian to complete the transfer and register a new
remote instance.</p>
</sec>
<sec id="sec-14">
<label>3.2.5</label>
<title>Data Access</title>
<p>Data can be accessed through the Librarian, by querying it for the location of
individual instances of a file. However, because our stores generally just wrap
the POSIX filesystem, users typically already know a-priori where the files that
they need to access are, through the use of other science product databases. As
such, data access is generally as simple as opening the file; it is where users
expect it to be.</p>
</sec>
</sec>
<sec id="sec-15">
<label>3.3</label>
<title>Data Down the Mountain</title>
<fig id="figure-3">
<label>Figure 3:</label>
<caption>
<p>Showing the SneakerNet flow between two Librarian instances. The sneaker drive
is physically moved between computing sites, alongside a manifest of all files
on the drive, to complete transfers in large batches.</p>
</caption>
<graphic mimetype="image" mime-subtype="svg" xlink:href="files/Sneaker-db828cc69adf48965bf8afab679b6044.svg"/>
</fig>
<p>In the specific case of an observatory, there is an additional challenge here:
lines representing data flows in <xref ref-type="fig" rid="figure-2">Figure 2</xref> no longer simply show bytes sent
over HTTP connections to highly available services, but instead represent
potentially interruptible inter-continental data movement. In the specific case
of the Simons Observatory, the main data flow from the telescope (which is at
5000 meters above sea level in the Atacama Desert) to the main computing center
(NERSC, a national facility on the west coast of the U.S.) is fraught with
challenges.</p>
<p>The main internet connection from the telescope to the nearest town was, for a
long time, a low-bandwidth radio link. This has now been (thankfully) replaced
with a high throughput fiber connection, but given that this link may go down at
any time due to the remote placement of the site (and no backup), another way to
offload the data is required. The observatory produces around 20 TB of data a
week, which is much more than the 50 MBit/s radio link can transfer; either way,
that bandwidth is required for other uses. This necessitates a more primitive
solution: so-called ‘SneakerNet’ transfers, where data is carried by hand on
physical media.</p>
<p>SneakerNet transfers are supported natively by the Librarian, and occur through
the following steps (as shown in <xref ref-type="fig" rid="figure-3">Figure 3</xref>):</p>
<list list-type="bullet">
<list-item>
<p>A new store is provisioned that refers to the mounted drive that will be
carried in the process.</p>
</list-item><list-item>
<p>A local clone background task catches up on missing files to this drive and,
as new files come in, copies them too.</p>
</list-item><list-item>
<p>Once full, the server sends an alert (implemented using Slack notifications)
to administrators.</p>
</list-item><list-item>
<p>Administrators use the command-line Librarian tools to generate a ‘manifest’
of all files on the device: their checksums, names, etc.</p>
</list-item><list-item>
<p>The drive is hand-carried to the destination, and ingested.</p>
</list-item><list-item>
<p>The Librarian command-line tools are again used to ingest the manifest and
copied files.</p>
</list-item><list-item>
<p>As the files are ingested, HTTP callbacks are made to the source Librarian to
convert the local ‘instance’ rows on the sneaker drive to ‘remote instance’ rows
for the destination Librarian.</p>
</list-item><list-item>
<p>The drive is re-formatted and carried back.</p>
</list-item>
</list>
<p>This is an unusual process, but comes in extremely handy in bandwidth
constrained, remote, environments.</p>
</sec>
<sec id="sec-16">
<label>3.4</label>
<title>Testing</title>
<p>Testing complex data flows like those represented in the Librarian is a
notoriously difficult task. For instance, testing the components that make up
the SneakerNet workflow means being able to test two interacting web-servers,
each backed by a database, with several additional threads running in the
background. To aid with this goal, we make heavy use of dependency injection and
integration testing, alongside more traditional unit testing.</p>
<p>For services that cannot be ‘easily’ replicated, like Globus, we make sure to
always use dependency injection. Dependency injection is a technique where
downstream functions and objects ‘receive’ the things that they require as
arguments or parameters. One significant example where this is used in the
Librarian is the transfer managers: by having the server tell the client how it
can move data, you can return appropriate managers for testing. Instead of using
a Globus transfer (which requires setting up an external server, and registering
it with Globus), one can instead return a transfer manager that simply wraps
<monospace>rsync</monospace> or a local copy instead, and test all the same code paths except the one
line that actually moves the data. The component that performs the Globus
transfer is then tested separately in a more appropriate environment, ensuring
that it conforms to the exact same specification as the local copy manager.
Another example is our database: thanks to SQLAlchemy, and appropriate design
patterns, we can very easily swap out our production postgres database for
SQLite during development, enabling much more simple testing patterns.</p>
<p>In an attempt to avoid ‘dependency hell’, we have developed a testing platform
that heavily leverages <monospace>pytest-xprocess</monospace><xref ref-type="fn" rid="fn-11">11</xref> and pytest fixtures. Using
this tool, one can create a real, live, running Librarian server in a separate
process. This is used to test the interaction between client and server, and for
end-to-end tests of the SneakerNet and inter-Librarian cloning process. Because
this server is running locally, it makes it possible to directly query the
database for testing, which we have found to be invaluable. The only drawback to
this approach is that it is not possible to get test coverage for the lines that
are performed inside the <monospace>xprocess</monospace> fork.</p>
</sec>
<sec id="sec-17">
<label>3.5</label>
<title>Deployment Details</title>
<p>As we have made a relatively straightforward selection of technologies, and the
fact that the Librarian is a small application (less than 10’000 lines),
deployment is a simple process. In addition, it makes it straightforward to
explain the code paths that are taken by the Librarian.</p>
<p>Currently, we deploy Librarian using Docker. We require one container for the
FastAPI server, and one for postgres, which are usually linked using helm charts
(at NERSC) or docker compose (on other systems). We provide access to the
database for Grafana dashboards, and have Slack integrations for both logging
and notifications.</p>
<p>The focus on simplicity that we have made for the Librarian has made deployment
simple; system administrators within the academic community are very familiar
with Globus, and have been happy to assist with deployments of Librarian
orchestration framework.</p>
</sec>
</sec>
<sec id="sec-18">
<label>4</label>
<title>Conclusions</title>
<p>In this paper, we addressed the significant challenges faced by large academic
collaborations in managing and transferring massive datasets across distributed
sites. We evaluated existing data management tools such as Globus Flows, Rucio,
iRODS, and Datalad, identifying their limitations in terms of automation,
complexity, and compatibility with academic workflows.</p>
<p>Our solution, the Librarian was developed to meet these specific needs. By
integrating with Globus, Librarian enables efficient, asynchronous data
transfers. The system also supports SneakerNet, which is essential for
environments with limited or intermittent connectivity like our observatory,
facilitating physical data transfers through portable storage.</p>
<p>The use of widely adopted technologies such as Python, FastAPI, and SQLAlchemy
ensures that Librarian is robust, scalable, and user-friendly. Its design aligns
well with the decentralized and diverse infrastructure typical of academic
projects, providing a practical and efficient method for handling the immense
data flows inherent in modern ‘big science’ endeavors.</p>
<p>Librarian has demonstrated its effectiveness through its deployment at the
Simons Observatory, highlighting its potential as a versatile and reliable data
management solution for large-scale scientific collaborations. We provide
Librarian as free, open source, software to the community.</p>
</sec>
<sec id="sec-19">
<label>5</label>
<title>Acknowledgements</title>
<p>JB acknowledges support from NSF grant AST-2153201. This material is based upon work supported by the National Science Foundation under Grant Nos. 1636646 and 1836019 and institutional support from the HERA collaboration partners. This research is funded in part by the Gordon and Betty Moore Foundation through Grant GBMF5212 to the Massachusetts Institute of Technology.</p>
</sec>
</body>
<back>
<ref-list>
<ref id="ref-3">
<element-citation publication-type="journal">
<article-title>The Simons Observatory: science goals and forecasts</article-title>
<person-group person-group-type="author">
<name><surname>Ade</surname><given-names>Peter</given-names></name>
<name><surname>Aguirre</surname><given-names>James</given-names></name>
<name><surname>Ahmed</surname><given-names>Zeeshan</given-names></name>
<name><surname>Aiola</surname><given-names>Simone</given-names></name>
<name><surname>Ali</surname><given-names>Aamir</given-names></name>
<name><surname>Alonso</surname><given-names>David</given-names></name>
<name><surname>Alvarez</surname><given-names>Marcelo A.</given-names></name>
<name><surname>Arnold</surname><given-names>Kam</given-names></name>
<name><surname>Ashton</surname><given-names>Peter</given-names></name>
<name><surname>Austermann</surname><given-names>Jason</given-names></name>
<name><surname>al.</surname></name>
</person-group><source>\jcap</source><year iso-8601-date="2019">2019</year><pub-id pub-id-type="doi">10.1088/1475-7516/2019/02/056</pub-id><volume>2019</volume><issue>2</issue><fpage>056</fpage></element-citation>
</ref>
<ref id="ref-4">
<element-citation publication-type="journal">
<article-title>Globus Online: Accelerating and Democratizing Science through Cloud-Based Services</article-title>
<person-group person-group-type="author">
<name><surname>Foster</surname><given-names>Ian</given-names></name>
</person-group><source>IEEE Internet Computing</source><year iso-8601-date="2011">2011</year><pub-id pub-id-type="doi">10.1109/MIC.2011.64</pub-id><volume>15</volume><issue>3</issue><fpage>70</fpage><lpage>73</lpage></element-citation>
</ref>
<ref id="ref-5">
<element-citation publication-type="journal">
<article-title>Software as a service for data scientists</article-title>
<person-group person-group-type="author">
<name><surname>Allen</surname><given-names>Bryce</given-names></name>
<name><surname>Bresnahan</surname><given-names>John</given-names></name>
<name><surname>Childers</surname><given-names>Lisa</given-names></name>
<name><surname>Foster</surname><given-names>Ian</given-names></name>
<name><surname>Kandaswamy</surname><given-names>Gopi</given-names></name>
<name><surname>Kettimuthu</surname><given-names>Raj</given-names></name>
<name><surname>Kordas</surname><given-names>Jack</given-names></name>
<name><surname>Link</surname><given-names>Mike</given-names></name>
<name><surname>Martin</surname><given-names>Stuart</given-names></name>
<name><surname>Pickett</surname><given-names>Karl</given-names></name>
<name><surname>Tuecke</surname><given-names>Steven</given-names></name>
</person-group><source>Commun. ACM</source><year iso-8601-date="2012">2012</year><pub-id pub-id-type="doi">10.1145/2076450.2076468</pub-id><volume>55</volume><issue>2</issue><fpage>81</fpage><lpage>88</lpage>
<issn>0001-0782</issn>
</element-citation>
</ref>
<ref id="ref-6">
<element-citation publication-type="journal">
<article-title>Rucio: Scientific Data Management</article-title>
<person-group person-group-type="author">
<name><surname>Barisits</surname><given-names>Martin</given-names></name>
<name><surname>Beermann</surname><given-names>Thomas</given-names></name>
<name><surname>Berghaus</surname><given-names>Frank</given-names></name>
<name><surname>Bockelman</surname><given-names>Brian</given-names></name>
<name><surname>Bogado</surname><given-names>Joaquin</given-names></name>
<name><surname>Cameron</surname><given-names>David</given-names></name>
<name><surname>Christidis</surname><given-names>Dimitrios</given-names></name>
<name><surname>Ciangottini</surname><given-names>Diego</given-names></name>
<name><surname>Dimitrov</surname><given-names>Gancho</given-names></name>
<name><surname>Elsing</surname><given-names>Markus</given-names></name>
<name><surname>Garonne</surname><given-names>Vincent</given-names></name>
<name><surname>di Girolamo</surname><given-names>Alessandro</given-names></name>
<name><surname>Goossens</surname><given-names>Luc</given-names></name>
<name><surname>Guan</surname><given-names>Wen</given-names></name>
<name><surname>Guenther</surname><given-names>Jaroslav</given-names></name>
<name><surname>Javurek</surname><given-names>Tomas</given-names></name>
<name><surname>Kuhn</surname><given-names>Dietmar</given-names></name>
<name><surname>Lassnig</surname><given-names>Mario</given-names></name>
<name><surname>Lopez</surname><given-names>Fernando</given-names></name>
<name><surname>Magini</surname><given-names>Nicolo</given-names></name>
<name><surname>Molfetas</surname><given-names>Angelos</given-names></name>
<name><surname>Nairz</surname><given-names>Armin</given-names></name>
<name><surname>Ould-Saada</surname><given-names>Farid</given-names></name>
<name><surname>Prenner</surname><given-names>Stefan</given-names></name>
<name><surname>Serfon</surname><given-names>Cedric</given-names></name>
<name><surname>Stewart</surname><given-names>Graeme</given-names></name>
<name><surname>Vaand ering</surname><given-names>Eric</given-names></name>
<name><surname>Vasileva</surname><given-names>Petya</given-names></name>
<name><surname>Vigne</surname><given-names>Ralph</given-names></name>
<name><surname>Wegner</surname><given-names>Tobias</given-names></name>
</person-group><source>Computing and Software for Big Science</source><year iso-8601-date="2019">2019</year><pub-id pub-id-type="doi">10.1007/s41781-019-0026-3</pub-id><volume>3</volume><issue>1</issue><fpage>11</fpage>
<issn>2510-2044</issn>
</element-citation>
</ref>
<ref id="ref-7">
<element-citation publication-type="document">
<article-title>iRODS</article-title>
<person-group person-group-type="author">
<name><surname>Consortium</surname><given-names>RODS</given-names></name>
</person-group><year iso-8601-date="2024">2024</year></element-citation>
</ref>
<ref id="ref-8">
<element-citation publication-type="document">
<article-title>git-annex</article-title>
<person-group person-group-type="author">
<name><surname>Hess</surname><given-names>Joey</given-names></name>
</person-group><year iso-8601-date="2024">2024</year></element-citation>
</ref>
<ref id="ref-9">
<element-citation publication-type="journal">
<article-title>DataLad: distributed system for joint management of code, data, and their relationship</article-title>
<person-group person-group-type="author">
<name><surname>Halchenko</surname><given-names>Yaroslav O.</given-names></name>
<name><surname>Meyer</surname><given-names>Kyle</given-names></name>
<name><surname>Poldrack</surname><given-names>Benjamin</given-names></name>
<name><surname>Solanky</surname><given-names>Debanjum Singh</given-names></name>
<name><surname>Wagner</surname><given-names>Adina S.</given-names></name>
<name><surname>Gors</surname><given-names>Jason</given-names></name>
<name><surname>MacFarlane</surname><given-names>Dave</given-names></name>
<name><surname>Pustina</surname><given-names>Dorian</given-names></name>
<name><surname>Sochat</surname><given-names>Vanessa</given-names></name>
<name><surname>Ghosh</surname><given-names>Satrajit S.</given-names></name>
<name><surname>Mönch</surname><given-names>Christian</given-names></name>
<name><surname>Markiewicz</surname><given-names>Christopher J.</given-names></name>
<name><surname>Waite</surname><given-names>Laura</given-names></name>
<name><surname>Shlyakhter</surname><given-names>Ilya</given-names></name>
<name><surname>Vega</surname><given-names>Alejandro</given-names></name>
<name><surname>Hayashi</surname><given-names>Soichi</given-names></name>
<name><surname>Häusler</surname><given-names>Christian Olaf</given-names></name>
<name><surname>Poline</surname><given-names>Jean-Baptiste</given-names></name>
<name><surname>Kadelka</surname><given-names>Tobias</given-names></name>
<name><surname>Skytén</surname><given-names>Kusti</given-names></name>
<name><surname>Jarecka</surname><given-names>Dorota</given-names></name>
<name><surname>Kennedy</surname><given-names>David</given-names></name>
<name><surname>Strauss</surname><given-names>Ted</given-names></name>
<name><surname>Cieslak</surname><given-names>Matt</given-names></name>
<name><surname>Vavra</surname><given-names>Peter</given-names></name>
<name><surname>Ioanas</surname><given-names>Horea-Ioan</given-names></name>
<name><surname>Schneider</surname><given-names>Robin</given-names></name>
<name><surname>Pflüger</surname><given-names>Mika</given-names></name>
<name><surname>Haxby</surname><given-names>James V.</given-names></name>
<name><surname>Eickhoff</surname><given-names>Simon B.</given-names></name>
<name><surname>Hanke</surname><given-names>Michael</given-names></name>
</person-group><source>Journal of Open Source Software</source><year iso-8601-date="2021">2021</year><pub-id pub-id-type="doi">10.21105/joss.03262</pub-id><volume>6</volume><issue>63</issue><fpage>3262</fpage></element-citation>
</ref>
<ref id="ref-10">
<element-citation publication-type="journal">
<article-title>Hydrogen Epoch of Reionization Array (HERA)</article-title>
<person-group person-group-type="author">
<name><surname>DeBoer</surname><given-names>David R.</given-names></name>
<name><surname>Parsons</surname><given-names>Aaron R.</given-names></name>
<name><surname>Aguirre</surname><given-names>James E.</given-names></name>
<name><surname>Alexander</surname><given-names>Paul</given-names></name>
<name><surname>Ali</surname><given-names>Zaki S.</given-names></name>
<name><surname>Beardsley</surname><given-names>Adam P.</given-names></name>
<name><surname>Bernardi</surname><given-names>Gianni</given-names></name>
<name><surname>Bowman</surname><given-names>Judd D.</given-names></name>
<name><surname>Bradley</surname><given-names>Richard F.</given-names></name>
<name><surname>Carilli</surname><given-names>Chris L.</given-names></name>
<name><surname>Cheng</surname><given-names>Carina</given-names></name>
<name><surname>de Lera Acedo</surname><given-names>Eloy</given-names></name>
<name><surname>Dillon</surname><given-names>Joshua S.</given-names></name>
<name><surname>Ewall-Wice</surname><given-names>Aaron</given-names></name>
<name><surname>Fadana</surname><given-names>Gcobisa</given-names></name>
<name><surname>Fagnoni</surname><given-names>Nicolas</given-names></name>
<name><surname>Fritz</surname><given-names>Randall</given-names></name>
<name><surname>Furlanetto</surname><given-names>Steve R.</given-names></name>
<name><surname>Glendenning</surname><given-names>Brian</given-names></name>
<name><surname>Greig</surname><given-names>Bradley</given-names></name>
<name><surname>Grobbelaar</surname><given-names>Jasper</given-names></name>
<name><surname>Hazelton</surname><given-names>Bryna J.</given-names></name>
<name><surname>Hewitt</surname><given-names>Jacqueline N.</given-names></name>
<name><surname>Hickish</surname><given-names>Jack</given-names></name>
<name><surname>Jacobs</surname><given-names>Daniel C.</given-names></name>
<name><surname>Julius</surname><given-names>Austin</given-names></name>
<name><surname>Kariseb</surname><given-names>MacCalvin</given-names></name>
<name><surname>Kohn</surname><given-names>Saul A.</given-names></name>
<name><surname>Lekalake</surname><given-names>Telalo</given-names></name>
<name><surname>Liu</surname><given-names>Adrian</given-names></name>
<name><surname>Loots</surname><given-names>Anita</given-names></name>
<name><surname>MacMahon</surname><given-names>David</given-names></name>
<name><surname>Malan</surname><given-names>Lourence</given-names></name>
<name><surname>Malgas</surname><given-names>Cresshim</given-names></name>
<name><surname>Maree</surname><given-names>Matthys</given-names></name>
<name><surname>Martinot</surname><given-names>Zachary</given-names></name>
<name><surname>Mathison</surname><given-names>Nathan</given-names></name>
<name><surname>Matsetela</surname><given-names>Eunice</given-names></name>
<name><surname>Mesinger</surname><given-names>Andrei</given-names></name>
<name><surname>Morales</surname><given-names>Miguel F.</given-names></name>
<name><surname>Neben</surname><given-names>Abraham R.</given-names></name>
<name><surname>Patra</surname><given-names>Nipanjana</given-names></name>
<name><surname>Pieterse</surname><given-names>Samantha</given-names></name>
<name><surname>Pober</surname><given-names>Jonathan C.</given-names></name>
<name><surname>Razavi-Ghods</surname><given-names>Nima</given-names></name>
<name><surname>Ringuette</surname><given-names>Jon</given-names></name>
<name><surname>Robnett</surname><given-names>James</given-names></name>
<name><surname>Rosie</surname><given-names>Kathryn</given-names></name>
<name><surname>Sell</surname><given-names>Raddwine</given-names></name>
<name><surname>Smith</surname><given-names>Craig</given-names></name>
<name><surname>Syce</surname><given-names>Angelo</given-names></name>
<name><surname>Tegmark</surname><given-names>Max</given-names></name>
<name><surname>Thyagarajan</surname><given-names>Nithyanandan</given-names></name>
<name><surname>Williams</surname><given-names>Peter K. G.</given-names></name>
<name><surname>Zheng</surname><given-names>Haoxuan</given-names></name>
</person-group><source>\pasp</source><year iso-8601-date="2017">2017</year><pub-id pub-id-type="doi">10.1088/1538-3873/129/974/045001</pub-id><volume>129</volume><issue>974</issue><fpage>045001</fpage></element-citation>
</ref>
<ref id="ref-2">
<element-citation publication-type="journal">
<article-title>Developing a Real-Time Processing System for HERA</article-title>
<person-group person-group-type="author">
<name><surname>La Plante</surname><given-names>Paul</given-names></name>
<name><surname>Williams</surname><given-names>Peter K. G.</given-names></name>
<name><surname>Dillon</surname><given-names>Joshua S.</given-names></name>
</person-group><source>URSI Radio Science Letters</source><year iso-8601-date="2020">2020</year><pub-id pub-id-type="doi">10.46620/20-0041</pub-id><volume>2</volume><fpage>41</fpage></element-citation>
</ref>
<ref id="ref-1">
<element-citation publication-type="journal">
<article-title>A Real Time Processing system for big data in astronomy: Applications to HERA</article-title>
<person-group person-group-type="author">
<name><surname>La Plante</surname><given-names>P.</given-names></name>
<name><surname>Williams</surname><given-names>P. K. G.</given-names></name>
<name><surname>Kolopanis</surname><given-names>M.</given-names></name>
<name><surname>Dillon</surname><given-names>J. S.</given-names></name>
<name><surname>Beardsley</surname><given-names>A. P.</given-names></name>
<name><surname>Kern</surname><given-names>N. S.</given-names></name>
<name><surname>Wilensky</surname><given-names>M.</given-names></name>
<name><surname>Ali</surname><given-names>Z. S.</given-names></name>
<name><surname>Abdurashidova</surname><given-names>Z.</given-names></name>
<name><surname>Aguirre</surname><given-names>J. E.</given-names></name>
<name><surname>Alexander</surname><given-names>P.</given-names></name>
<name><surname>Balfour</surname><given-names>Y.</given-names></name>
<name><surname>Bernardi</surname><given-names>G.</given-names></name>
<name><surname>Billings</surname><given-names>T. S.</given-names></name>
<name><surname>Bowman</surname><given-names>J. D.</given-names></name>
<name><surname>Bradley</surname><given-names>R. F.</given-names></name>
<name><surname>Bull</surname><given-names>P.</given-names></name>
<name><surname>Burba</surname><given-names>J.</given-names></name>
<name><surname>Carey</surname><given-names>S.</given-names></name>
<name><surname>Carilli</surname><given-names>C. L.</given-names></name>
<name><surname>Cheng</surname><given-names>C.</given-names></name>
<name><surname>DeBoer</surname><given-names>D. R.</given-names></name>
<name><surname>Dexter</surname><given-names>M.</given-names></name>
<name><surname>de Lera Acedo</surname><given-names>E.</given-names></name>
<name><surname>Ely</surname><given-names>J.</given-names></name>
<name><surname>Ewall-Wice</surname><given-names>A.</given-names></name>
<name><surname>Fagnoni</surname><given-names>N.</given-names></name>
<name><surname>Fritz</surname><given-names>R.</given-names></name>
<name><surname>Furlanetto</surname><given-names>S. R.</given-names></name>
<name><surname>Gale-Sides</surname><given-names>K.</given-names></name>
<name><surname>Glendenning</surname><given-names>B.</given-names></name>
<name><surname>Gorthi</surname><given-names>D.</given-names></name>
<name><surname>Greig</surname><given-names>B.</given-names></name>
<name><surname>Grobbelaar</surname><given-names>J.</given-names></name>
<name><surname>Halday</surname><given-names>Z.</given-names></name>
<name><surname>Hazelton</surname><given-names>B. J.</given-names></name>
<name><surname>Hewitt</surname><given-names>J. N.</given-names></name>
<name><surname>Hickish</surname><given-names>J.</given-names></name>
<name><surname>Jacobs</surname><given-names>D. C.</given-names></name>
<name><surname>Julius</surname><given-names>A.</given-names></name>
<name><surname>Kerrigan</surname><given-names>J.</given-names></name>
<name><surname>Kittiwisit</surname><given-names>P.</given-names></name>
<name><surname>Kohn</surname><given-names>S. A.</given-names></name>
<name><surname>Lanman</surname><given-names>A.</given-names></name>
<name><surname>Lekalake</surname><given-names>T.</given-names></name>
<name><surname>Lewis</surname><given-names>D.</given-names></name>
<name><surname>Liu</surname><given-names>A.</given-names></name>
<name><surname>MacMahon</surname><given-names>D.</given-names></name>
<name><surname>Malan</surname><given-names>L.</given-names></name>
<name><surname>Malgas</surname><given-names>C.</given-names></name>
<name><surname>Maree</surname><given-names>M.</given-names></name>
<name><surname>Martinot</surname><given-names>Z. E.</given-names></name>
<name><surname>Matsetela</surname><given-names>E.</given-names></name>
<name><surname>Mesinger</surname><given-names>A.</given-names></name>
<name><surname>Molewa</surname><given-names>M.</given-names></name>
<name><surname>Morales</surname><given-names>M. F.</given-names></name>
<name><surname>Mosiane</surname><given-names>T.</given-names></name>
<name><surname>Murray</surname><given-names>S.</given-names></name>
<name><surname>Neben</surname><given-names>A. R.</given-names></name>
<name><surname>Nikolic</surname><given-names>B.</given-names></name>
<name><surname>Parsons</surname><given-names>A. R.</given-names></name>
<name><surname>Pascua</surname><given-names>R.</given-names></name>
<name><surname>Patra</surname><given-names>N.</given-names></name>
<name><surname>Pieterse</surname><given-names>S.</given-names></name>
<name><surname>Pober</surname><given-names>J. C.</given-names></name>
<name><surname>Razavi-Ghods</surname><given-names>N.</given-names></name>
<name><surname>Ringuette</surname><given-names>J.</given-names></name>
<name><surname>Robnett</surname><given-names>J.</given-names></name>
<name><surname>Rosie</surname><given-names>K.</given-names></name>
<name><surname>Santos</surname><given-names>M. G.</given-names></name>
<name><surname>Sims</surname><given-names>P.</given-names></name>
<name><surname>Smith</surname><given-names>C.</given-names></name>
<name><surname>Syce</surname><given-names>A.</given-names></name>
<name><surname>Thyagarajan</surname><given-names>N.</given-names></name>
<name><surname>Zheng</surname><given-names>H.</given-names></name>
</person-group><source>Astronomy and Computing</source><year iso-8601-date="2021">2021</year><pub-id pub-id-type="doi">10.1016/j.ascom.2021.100489</pub-id><volume>36</volume><fpage>100489</fpage></element-citation>
</ref>
</ref-list>
<fn-group><fn id="fn-1">
<label>1</label>
<p><ext-link ext-link-type="uri" xlink:href="https://github.com/simonsobs/librarian">https://github.com/simonsobs/librarian</ext-link></p>
</fn><fn id="fn-2">
<label>2</label>
<p><ext-link ext-link-type="uri" xlink:href="https://fastapi.tiangolo.com">https://fastapi.tiangolo.com</ext-link></p>
</fn><fn id="fn-3">
<label>3</label>
<p><ext-link ext-link-type="uri" xlink:href="https://www.postgresql.org">https://www.postgresql.org</ext-link></p>
</fn><fn id="fn-4">
<label>4</label>
<p><ext-link ext-link-type="uri" xlink:href="https://www.sqlite.org">https://www.sqlite.org</ext-link></p>
</fn><fn id="fn-5">
<label>5</label>
<p><ext-link ext-link-type="uri" xlink:href="https://schedule.readthedocs.io/en/stable/index.html">https://schedule.readthedocs.io/en/stable/index.html</ext-link></p>
</fn><fn id="fn-6">
<label>6</label>
<p><ext-link ext-link-type="uri" xlink:href="https://globus-sdk-python.readthedocs.io/en/stable/index.html">https://globus-sdk-python.readthedocs.io/en/stable/index.html</ext-link></p>
</fn><fn id="fn-7">
<label>7</label>
<p><ext-link ext-link-type="uri" xlink:href="https://docs.pydantic.dev/latest/">https://docs.pydantic.dev/latest/</ext-link></p>
</fn><fn id="fn-8">
<label>8</label>
<p><ext-link ext-link-type="uri" xlink:href="https://sqlmodel.tiangolo.com">https://sqlmodel.tiangolo.com</ext-link></p>
</fn><fn id="fn-9">
<label>9</label>
<p><ext-link ext-link-type="uri" xlink:href="https://www.sqlalchemy.org">https://www.sqlalchemy.org</ext-link></p>
</fn><fn id="fn-10">
<label>10</label>
<p><ext-link ext-link-type="uri" xlink:href="https://pypi.org/project/argon2-cffi/">https://pypi.org/project/argon2-cffi/</ext-link></p>
</fn><fn id="fn-11">
<label>11</label>
<p><ext-link ext-link-type="uri" xlink:href="https://pytest-xprocess.readthedocs.io/en/latest/">https://pytest-xprocess.readthedocs.io/en/latest/</ext-link></p>
</fn></fn-group>
</back>
</article>
