<?xml version="1.0" encoding="UTF-8"?>
<!DOCTYPE article PUBLIC "-//NLM//DTD JATS (Z39.96) Journal Archiving and Interchange DTD with MathML3 v1.3 20210610//EN" "http://jats.nlm.nih.gov/publishing/1.3/JATS-archivearticle1-3-mathml3.dtd">
<article xmlns:mml="http://www.w3.org/1998/Math/MathML" xmlns:xlink="http://www.w3.org/1999/xlink" xmlns:xsi="http://www.w3.org/2001/XMLSchema-instance" xmlns:ali="http://www.niso.org/schemas/ali/1.0/" dtd-version="1.3" xml:lang="en" id="main">
<front>
<article-meta>
<article-id pub-id-type="doi">10.25080/yunw5822</article-id>
<title-group>
<article-title>Advancing High Energy Physics Data Analysis with Julia -- A Case for JuliaHEP</article-title>
<alt-title alt-title-type="running-head">Advancing High Energy Physics Data Analysis with Julia</alt-title>
</title-group>
<contrib-group>
<contrib contrib-type="author" corresp="yes">
<contrib-id contrib-id-type="orcid">https://orcid.org/0000-0002-6955-1033</contrib-id>
<name name-style="western"><surname>Osborne</surname><given-names>Ianna</given-names></name>
<xref ref-type="aff" rid="aff-1"/>
<email>ianna.osborne@cern.ch</email>
</contrib>
<contrib contrib-type="author">
<contrib-id contrib-id-type="orcid">https://orcid.org/0000-0002-3359-0380</contrib-id>
<name name-style="western"><surname>Ling</surname><given-names>Jerry 🦑</given-names></name>
<xref ref-type="aff" rid="aff-2"/>
<email>proton@jling.dev</email>
</contrib>
</contrib-group>
<aff id="aff-1">
<institution-wrap>
<institution>Princeton University</institution>
</institution-wrap>
</aff>
<aff id="aff-2">
<institution-wrap>
<institution>Harvard University</institution>
</institution-wrap>
</aff>
<fpage>149</fpage><lpage>152</lpage>
<permissions>
<ali:free_to_read/>
<license xlink:href="https://creativecommons.org/licenses/by/4.0/">
<ali:license_ref>https://creativecommons.org/licenses/by/4.0/</ali:license_ref>
<license-p>This is an open access article distributed under the terms of the <ext-link ext-link-type="uri" xlink:href="http://creativecommons.org/licenses/by/4.0/">Creative Commons Attribution License</ext-link>, which permits unrestricted use, distribution, and reproduction in any medium, provided the original author and source are credited.</license-p>
</license>
</permissions>
<abstract>
<p>For the past 25 years, the High-Energy Physics (<abbrev alt="High Energy Physics">HEP</abbrev>) community has steadily adopted Python as its primary language for data analysis, supported by compiled-backend libraries like <ext-link ext-link-type="uri" xlink:href="https://github.com/numpy/numpy">NumPy</ext-link> and <ext-link ext-link-type="uri" xlink:href="https://github.com/scikit-hep/awkward">Awkward Array</ext-link>, along with other Python tools like <ext-link ext-link-type="uri" xlink:href="https://github.com/scikit-hep/uproot5">Uproot</ext-link> for I/O. However, the Julia programming language offers a compelling alternative, addressing the two-language problem with C++-comparable performance and Python-like ease of use. <ext-link ext-link-type="uri" xlink:href="https://github.com/JuliaHEP/">JuliaHEP</ext-link> is an informal organization that aims to unify effort in developing Julia projects related to <abbrev alt="High Energy Physics">HEP</abbrev>, outlining its advantages, ongoing developments, and integration with existing Python-based tools.</p>
</abstract>
<kwd-group>
<kwd>Awkward Array</kwd>
<kwd>Julia</kwd>
<kwd>High-Energy Physics</kwd>
<kwd>Data Analysis</kwd>
</kwd-group>
</article-meta>
</front>
<body>
<sec id="sec-1">
<label>1</label>
<title>Introduction</title>
<p>The High-Energy Physics (<abbrev alt="High Energy Physics">HEP</abbrev>) community has long relied on Python and C++ for data analysis. While Python provides ease of use and a rich scientific ecosystem, it struggles with performance for large-scale analyses. C++, on the other hand, offers speed but comes with increased complexity and slower development cycles. Julia, a modern language designed for scientific computing, promises the best of both worlds: high-level expressiveness with near-native execution speed.</p>
<fig id="figure-1">
<label>Figure 1:</label>
<caption>
<p><abbrev alt="High Energy Physics">HEP</abbrev> Software: it all revolves around a language, or several.</p>
</caption>
<graphic mimetype="image" mime-subtype="png" xlink:href="files/heplanguages-b151c6690e600643f1d1bf578aece2a7.png"/>
</fig>
<p>Julia<abbrev alt="High Energy Physics">HEP</abbrev>, with its emerging set of tools and libraries (<xref ref-type="bibr" rid="ref-1">Graeme Andrew Stewart, 2025</xref>), aims to facilitate <abbrev alt="High Energy Physics">HEP</abbrev> data analysis in Julia. However, given the long timescales of <abbrev alt="High Energy Physics">HEP</abbrev> experiments and the substantial legacy software they depend on, introducing Julia alongside existing C++ and Python ecosystems inevitably creates a three-language problem — though this is intended as a transitional, rather than permanent, arrangement.</p>
<p>To navigate this, three main development strategies have emerged within the Julia<abbrev alt="High Energy Physics">HEP</abbrev> community. The first involves wrapping mature C++ libraries to make them accessible from Julia — for example, Geant4.jl provides a Julia interface to the widely used Geant4 particle transportation toolkit, and ROOT.jl offers bindings to the ROOT data analysis framework. The second approach opts for complete reimplementations of existing tools in native Julia, as demonstrated by BAT.jl for Bayesian analysis and UnROOT.jl for reading ROOT files without relying on the C++ libraries. The third strategy focuses on integrating Julia with Python; we are following this strategy to expose the Python-based Awkward Array library via its dedicated Julia backend, AwkwardArray.jl, enabling efficient access to nested, irregular data structures commonly used in <abbrev alt="High Energy Physics">HEP</abbrev>.</p>
<p>This backend addresses one of the key challenges in multi-language environments:  data sharing across language boundaries. By exposing the underlying data buffers directly to Julia, AwkwardArray.jl avoids data copying and offers a gentle, incremental path for physicists to explore Julia’s capabilities within their existing Python workflows.</p>
</sec>
<sec id="sec-2">
<label>2</label>
<title>Awkward Array in Julia</title>
<p>Awkward Array is a key library for handling complex and jagged <abbrev alt="High Energy Physics">HEP</abbrev> data in the Python ecosystem. To access this data from Julia, it is integrated via a dedicated backend, AwkwardArray.jl. What sets this backend apart is its tight integration with Julia’s type system.</p>
<p>To bridge the Python and Julia ecosystems, we make extensive use of PythonCall.jl (<xref ref-type="bibr" rid="ref-2">Rowley, 2022</xref>), a package that provides bi-directional interoperability between the two languages. This enables us to offload computationally heavy operations to Julia — following a pattern familiar from other <abbrev alt="Just-in-Time compilation">JIT</abbrev> compilation tools in Python, such as Numba.</p>
<p>We evaluated this integration by comparing performance and usability using Julia-native types like Vector of Vectors, which provide similar capabilities for representing nested, irregular data. Our results show no significant overhead when combining the two ecosystems. Additionally, we explored Julia’s interoperability and native packages to further optimize <abbrev alt="High Energy Physics">HEP</abbrev> computations, offering a practical pathway for gradually introducing Julia to the Python-based <abbrev alt="High Energy Physics">HEP</abbrev> community.</p>
</sec>
<sec id="sec-3">
<label>3</label>
<title>Performance Benefits</title>
<p>We present the benefits of using Julia for <abbrev alt="High Energy Physics">HEP</abbrev> workloads by benchmarking the same operation with Julia<abbrev alt="High Energy Physics">HEP</abbrev> tools and comparing the results to Python and C++ implementations. As shown in <xref ref-type="fig" rid="figure-2">Figure 2</xref>, Julia offers a noticeable speedup with less boilerplate.</p>
<fig id="figure-2">
<label>Figure 2:</label>
<caption>
<p>This is the combinations performance plot, comparing the ak.combinations function with a Julia kernel on an awkward array. The Julia kernel uses JuliaMath/Combinatorics.jl (<xref ref-type="bibr" rid="ref-3">Combinatorics.jl: A combinatorics library for Julia, n.d.</xref>).</p>
</caption>
<graphic mimetype="image" mime-subtype="png" xlink:href="files/combinations-d33067f1abcae0ebaca888fadf99a737.png"/>
</fig>
<p>This is without yet exploiting Julia’s potential for parallel computing and GPU support, which opens the door to workflows where data loaded with AwkwardArray.jl is processed using Julia-native GPU kernels or multi-threaded code — offering scalable performance without disrupting existing pipelines.</p>
</sec>
<sec id="sec-4">
<label>4</label>
<title>Scaling it up</title>
<p>While performance gains matter, integrating Julia into established <abbrev alt="High Energy Physics">HEP</abbrev> workflows also involves practical challenges. AwkwardArray.jl enables physicists to explore Julia’s capabilities alongside existing Python tools by accessing shared data buffers directly, without copying. This allows heavy computations to be offloaded to Julia where appropriate, while maintaining full compatibility with Python’s data ecosystem.</p>
<p>Naturally, introducing a third language raises long-term questions. Could Julia eventually take on a larger role, perhaps replacing parts of the Python or C++ stack? It remains too early to tell. Legacy software must be maintained, Python remains dominant, and new contenders like Rust are emerging. For now, the focus is on enabling a flexible, incremental path to using Julia where it offers clear advantages — without disrupting current workflows.</p>
<p>The main technical hurdle is efficient data interoperability — a challenge addressed by the Awkward Array design, which uses contiguous data buffers and descriptive metadata. This model has also proven effective in related optimizations, such as its virtual array implementation.</p>
<p>Data access remains central. ROOT TTrees are still the dominant format, with RNTuple expected to grow in use. Both formats are accessible as Awkward Arrays via uproot (Python) and UnROOT.jl (Julia), ensuring consistency across languages.</p>
<p>Managing a shared Python–Julia environment remains challenging. Conda for Python, juliaup, and Julia’s package manager integrate well, though keeping package versions aligned requires care. A coordination tool like pixi is currently under evaluation to simplify this.</p>
<p>Overall, this approach offers a pragmatic, low-friction path for gradually introducing Julia into <abbrev alt="High Energy Physics">HEP</abbrev> workflows — letting physicists benefit from its strengths in <abbrev alt="Just-in-Time compilation">JIT</abbrev> compilation, multiple dispatch, and GPU acceleration without leaving established ecosystems behind.</p>
</sec>
<sec id="sec-5">
<label>5</label>
<title>Acknowledgements</title>
<p>This work was supported by the National Science Foundation under Cooperative Agreement PHY-2323298.</p>
</sec>
</body>
<back>
<ref-list>
<ref id="ref-1">
<element-citation publication-type="journal">
<article-title>Julia in HEP</article-title>
<person-group person-group-type="author">
<name><surname>Graeme Andrew Stewart</surname></name>
</person-group><year iso-8601-date="2025">2025</year><pub-id pub-id-type="doi">https://doi.org/10.48550/arXiv.2503.08184</pub-id></element-citation>
</ref>
<ref id="ref-2">
<element-citation publication-type="document">
<article-title>PythonCall.jl: Python and Julia in harmony</article-title>
<person-group person-group-type="author">
<name><surname>Rowley</surname><given-names>Christopher</given-names></name>
</person-group><year iso-8601-date="2022">2022</year></element-citation>
</ref>
<ref id="ref-3">
<element-citation publication-type="document">
<article-title>Combinatorics.jl: A combinatorics library for Julia</article-title>
</element-citation>
</ref>
</ref-list>
</back>
</article>
