<?xml version="1.0" encoding="UTF-8"?>
<!DOCTYPE article PUBLIC "-//NLM//DTD JATS (Z39.96) Journal Archiving and Interchange DTD with MathML3 v1.3 20210610//EN" "http://jats.nlm.nih.gov/publishing/1.3/JATS-archivearticle1-3-mathml3.dtd">
<article xmlns:mml="http://www.w3.org/1998/Math/MathML" xmlns:xlink="http://www.w3.org/1999/xlink" xmlns:xsi="http://www.w3.org/2001/XMLSchema-instance" xmlns:ali="http://www.niso.org/schemas/ali/1.0/" dtd-version="1.3" xml:lang="en" id="main">
<front>
<article-meta>
<article-id pub-id-type="doi">10.25080/vxkf4244</article-id>
<title-group>
<article-title>Ocetrac: An Object-based Framework for Tracking and Quantifying Climate Events in Gridded Datasets</article-title>
<alt-title alt-title-type="running-head">Ocetrac: A Framework for Tracking and Quantifying Climate Events</alt-title>
</title-group>
<contrib-group>
<contrib contrib-type="author" corresp="yes">
<contrib-id contrib-id-type="orcid">https://orcid.org/0009-0007-3540-192X</contrib-id>
<name name-style="western"><surname>Cai</surname><given-names>Cassia</given-names></name>
<role vocab="credit" vocab-identifier="https://credit.niso.org/" vocab-term="Methodology" vocab-term-identifier="https://credit.niso.org/contributor-roles/methodology/">Methodology</role>
<role vocab="credit" vocab-identifier="https://credit.niso.org/" vocab-term="Software" vocab-term-identifier="https://credit.niso.org/contributor-roles/software/">Software</role>
<role vocab="credit" vocab-identifier="https://credit.niso.org/" vocab-term="Writing – original draft" vocab-term-identifier="https://credit.niso.org/contributor-roles/writing-original-draft/">Writing – original draft</role>
<role vocab="credit" vocab-identifier="https://credit.niso.org/" vocab-term="Visualization" vocab-term-identifier="https://credit.niso.org/contributor-roles/visualization/">Visualization</role>
<role vocab="credit" vocab-identifier="https://credit.niso.org/" vocab-term="Conceptualization" vocab-term-identifier="https://credit.niso.org/contributor-roles/conceptualization/">Conceptualization</role>
<xref ref-type="aff" rid="aff-1"/>
<email>fmc2855@uw.edu</email>
</contrib>
<contrib contrib-type="author">
<contrib-id contrib-id-type="orcid">https://orcid.org/0009-0006-2438-3626</contrib-id>
<name name-style="western"><surname>Cohen</surname><given-names>Jacob T.</given-names></name>
<role vocab="credit" vocab-identifier="https://credit.niso.org/" vocab-term="Methodology" vocab-term-identifier="https://credit.niso.org/contributor-roles/methodology/">Methodology</role>
<role vocab="credit" vocab-identifier="https://credit.niso.org/" vocab-term="Software" vocab-term-identifier="https://credit.niso.org/contributor-roles/software/">Software</role>
<role vocab="credit" vocab-identifier="https://credit.niso.org/" vocab-term="Writing – original draft" vocab-term-identifier="https://credit.niso.org/contributor-roles/writing-original-draft/">Writing – original draft</role>
<role vocab="credit" vocab-identifier="https://credit.niso.org/" vocab-term="Visualization" vocab-term-identifier="https://credit.niso.org/contributor-roles/visualization/">Visualization</role>
<role vocab="credit" vocab-identifier="https://credit.niso.org/" vocab-term="Conceptualization" vocab-term-identifier="https://credit.niso.org/contributor-roles/conceptualization/">Conceptualization</role>
<xref ref-type="aff" rid="aff-1"/>
<email>jtcohen@uw.edu</email>
</contrib>
<contrib contrib-type="author">
<contrib-id contrib-id-type="orcid">https://orcid.org/0000-0002-6604-1695</contrib-id>
<name name-style="western"><surname>Scannell</surname><given-names>Hillary</given-names></name>
<role vocab="credit" vocab-identifier="https://credit.niso.org/" vocab-term="Methodology" vocab-term-identifier="https://credit.niso.org/contributor-roles/methodology/">Methodology</role>
<role vocab="credit" vocab-identifier="https://credit.niso.org/" vocab-term="Software" vocab-term-identifier="https://credit.niso.org/contributor-roles/software/">Software</role>
<xref ref-type="aff" rid="aff-2"/>
<email>hillary.scannell@jupiterintel.com</email>
</contrib>
<contrib contrib-type="author">
<contrib-id contrib-id-type="orcid">https://orcid.org/0000-0002-3412-0364</contrib-id>
<name name-style="western"><surname>Staneva</surname><given-names>Valentina</given-names></name>
<role vocab="credit" vocab-identifier="https://credit.niso.org/" vocab-term="Software" vocab-term-identifier="https://credit.niso.org/contributor-roles/software/">Software</role>
<role vocab="credit" vocab-identifier="https://credit.niso.org/" vocab-term="Writing – original draft" vocab-term-identifier="https://credit.niso.org/contributor-roles/writing-original-draft/">Writing – original draft</role>
<xref ref-type="aff" rid="aff-3"/>
<email>vms16@uw.edu</email>
</contrib>
<contrib contrib-type="author">
<contrib-id contrib-id-type="orcid">https://orcid.org/0000-0001-8295-0533</contrib-id>
<name name-style="western"><surname>Thompson</surname><given-names>LuAnne</given-names></name>
<role vocab="credit" vocab-identifier="https://credit.niso.org/" vocab-term="Writing – original draft" vocab-term-identifier="https://credit.niso.org/contributor-roles/writing-original-draft/">Writing – original draft</role>
<xref ref-type="aff" rid="aff-1"/>
<email>luanne@uw.edu</email>
</contrib>
</contrib-group>
<aff id="aff-1">
<institution-wrap>
<institution>School of Oceanography, University of Washington</institution>
</institution-wrap>
</aff>
<aff id="aff-2">
<institution-wrap>
<institution>Jupiter Intelligence</institution>
</institution-wrap>
</aff>
<aff id="aff-3">
<institution-wrap>
<institution>eScience Institute, University of Washington</institution>
</institution-wrap>
</aff>
<fpage>54</fpage><lpage>66</lpage>
<permissions>
<ali:free_to_read/>
<license xlink:href="https://creativecommons.org/licenses/by/4.0/">
<ali:license_ref>https://creativecommons.org/licenses/by/4.0/</ali:license_ref>
<license-p>This is an open access article distributed under the terms of the <ext-link ext-link-type="uri" xlink:href="http://creativecommons.org/licenses/by/4.0/">Creative Commons Attribution License</ext-link>, which permits unrestricted use, distribution, and reproduction in any medium, provided the original author and source are credited.</license-p>
</license>
</permissions>
<abstract>
<p>Climate extremes such as marine heatwaves and ocean acidification events appear as dynamic, irregular structures in gridded datasets. Software tools are available for detecting these events. However, there is a need for standardized methods for tracking their spatiotemporal evolution and evolving characteristics. Ocetrac is an open-source Python package that bridges this gap by integrating morphological image processing (using <monospace>scikit-image</monospace>) with <monospace>xarray</monospace>-based data workflows to track and quantify amorphous two-dimensional features in space and time. The tracking algorithm identifies and tracks objects that split and merge. The Measures submodule computes shape-, motion-, temporal-, and intensity-based measures. These measures enable comparison between similar events that occur at different times (e.g., via clustering), machine learning integration such as feature extraction for classification/regression (e.g., <monospace>scikit-learn</monospace>), and process-oriented analysis such as linking event behavior to physical drivers (e.g., surface heat fluxes). Designed for the Scientific Python ecosystem, Ocetrac simplifies workflows from detection to downstream analysis, supporting applications in climate science, oceanography, and atmospheric research.</p>
</abstract>
<kwd-group>
<kwd>spatiotemporal tracking</kwd>
<kwd>morphological operations</kwd>
<kwd>image processing</kwd>
<kwd>scientific Python</kwd>
<kwd>climate extremes</kwd>
</kwd-group>
</article-meta>
</front>
<body>
<sec id="sec-1">
<label>1</label>
<title>Introduction</title>
<p>Gridded climate datasets are important for studying phenomena like marine heatwaves (<abbrev alt="marine heatwave">MHW</abbrev>s), deoxygenation zones, and atmospheric blocking events among others. These events exhibit complex spatiotemporal behavior including splitting, merging, and complex evolution. The ecological impact of these events is closely tied to their spatial and temporal characteristics. For example, in the case of <abbrev alt="marine heatwave">MHW</abbrev>s, long-lived and spatially extensive events can have significant ecological impacts (<xref ref-type="bibr" rid="ref-14">Smale <italic>et al.</italic>, 2019</xref>). These impacts include habitat destruction (<xref ref-type="bibr" rid="ref-16">Hughes <italic>et al.</italic>, 2017</xref>) and shifts in marine species distributions (<xref ref-type="bibr" rid="ref-15">Mills <italic>et al.</italic>, 2013</xref>). Understanding these events requires not only detecting their occurrence but also tracking their evolution and quantifying their characteristics over time.</p>
<p>Conventional analysis approaches, including gridpoint-based statistics, fixed-region summaries, and empirical orthogonal functions (<abbrev alt="empirical orthogonal function">EOF</abbrev>s), offer valuable insight in explaining spatial patterns but fall short in characterizing events as coherent and evolving structures. Gridpoint statistical analysis obscures spatial connectivity while <abbrev alt="empirical orthogonal function">EOF</abbrev>s, which is a dimensionality reduction technique that decomposes spatiotemporal fields into orthogonal spatial patterns and their time-varying amplitudes, lack object-level granularity. Object tracking is a different approach and has been applied to both atmospheric and oceanic phenomena. Object-based approaches treat climate features as coherent objects in space <inline-formula><alternatives><mml:math display="inline"><mml:mo stretchy="false">(</mml:mo><mml:mi>x</mml:mi><mml:mo separator="true">,</mml:mo><mml:mi>y</mml:mi><mml:mo stretchy="false">)</mml:mo></mml:math><tex-math><![CDATA[(x, y)]]></tex-math></alternatives></inline-formula> and time <inline-formula><alternatives><mml:math display="inline"><mml:mo stretchy="false">(</mml:mo><mml:mi>t</mml:mi><mml:mo stretchy="false">)</mml:mo></mml:math><tex-math><![CDATA[(t)]]></tex-math></alternatives></inline-formula>, thus  enabling direct evaluation of properties like shape, connectivity, and persistence. For example, <xref ref-type="bibr" rid="ref-17">Gagne <italic>et al.</italic> (2017)</xref> used an enhanced watershed method to identify hailstorm objects in radar data. Similarly, <monospace>TempestExtremes</monospace> described in <xref ref-type="bibr" rid="ref-2">Ullrich <italic>et al.</italic> (2021)</xref> applies a MapReduce-style algorithm to detect and track compact, threshold-defined features such as tropical and extratropical cyclones. While effective for well-defined structures, such threshold-based methods can struggle to capture the extent and temporal evolution of more diffuse or amorphous events.</p>
<p>Object-based detection and tracking of spatiotemporal climate features is a growing area of research. Other climate features, such as tropical cyclones and atmospheric rivers, have benefitted from tracking algorithms (<xref ref-type="bibr" rid="ref-2">Ullrich <italic>et al.</italic>, 2021</xref>). Recent studies have used a variety of techniques to identify <abbrev alt="marine heatwave">MHW</abbrev> events, each with its own benefits and limitations. All techniques track objects using a form of connected component analysis: an <abbrev alt="marine heatwave">MHW</abbrev> grid cell is connected with adjacent <abbrev alt="marine heatwave">MHW</abbrev> grid cells in space and time. Algorithms differ in how they assign connectivity, though. Some studies, such as <xref ref-type="bibr" rid="ref-19">Bonino <italic>et al.</italic> (2023)</xref> and <xref ref-type="bibr" rid="ref-20">Woolway <italic>et al.</italic> (2021)</xref>, connect grid cells only if they are directly adjacent to each other. <xref ref-type="bibr" rid="ref-21">Sun <italic>et al.</italic> (2023)</xref> introduced a more flexible approach, using a Nearest Neighbor algorithm to connect nearby grid cells that are not necessarily adjacent to one another. Additional constraints exist in deciding what constitutes overlap for temporal tracking. <xref ref-type="bibr" rid="ref-18">Sun <italic>et al.</italic> (2024)</xref> extended their tracking methodology to analyze <abbrev alt="marine heatwave">MHW</abbrev> volumes. The TOOCAN algorithm (<xref ref-type="bibr" rid="ref-10">Fiolleau &amp; Roca, 2024</xref>), designed for organized deep convective systems, also uses a connected components approach with adjustable spatiotemporal constraints. Ocetrac, like <xref ref-type="bibr" rid="ref-21">Sun <italic>et al.</italic> (2023)</xref>, addresses spatial coherence through smoothing (via morphological operations rather than K-Nearest Neighbor filtering). <xref ref-type="bibr" rid="ref-21">Sun <italic>et al.</italic> (2023)</xref> uses a temporal overlap parameter to determine whether two objects are the same event while Ocetrac connects objects that overlap by at least one grid cell in space and time.</p>
<p>Generally, existing tools tend to fall into two categories: specialized trackers designed for specific phenomena (e.g., tropical cyclones) that use rigid assumptions, or pixel-level anomaly detectors that lack spatial integration. Specialized trackers are often tailored to particular variables or regions, while pixel-level anomaly detectors can produce disjointed results that require manual post processing to reconstruct event trajectories. Moreover, many studies rely on custom scripts that are often not well-documented, making comparisons and reproducibility challenging. Despite their advantages, object-based techniques remain underutilized in many geophysical applications due to gaps in software accessibility and generality.</p>
<p>This paper describes <ext-link ext-link-type="uri" xlink:href="https://github.com/ocetrac/ocetrac/releases/tag/v0.1.6">Ocetrac</ext-link>, an open-source Python package designed for detecting, tracking, and quantifying irregular, evolving features in gridded climate data. Ocetrac combines morphological image processing using <monospace>scikit-image</monospace> (<xref ref-type="bibr" rid="ref-9">Walt <italic>et al.</italic>, 2014</xref>) with labelled array workflows using <monospace>xarray</monospace> (<xref ref-type="bibr" rid="ref-7">Hoyer &amp; Hamman, 2017</xref>) to characterize irregular structures. Although Ocetrac uses an initial threshold to identify candidate regions, Ocetrac moves beyond a simple binary definition by using morphological operations to filter and refine these regions based on their spatial coherence and connectivity. The Measures submodule provides functionality to quantify spatial and temporal properties of the tracked events, and thus facilitates further statistical analysis, such as aggregation analysis of multiple events within large datasets. Its modular design supports:</p>
<list list-type="order">
<list-item>
<p>Detection: Ocetrac smooths spatially connected regions (features) in a binary field, such as sea surface temperature (<abbrev alt="sea surface temperature">SST</abbrev>) anomalies, to identify objects that exceed a user-defined threshold (e.g., the 90th percentile of anomalies)</p>
</list-item><list-item>
<p>Tracking: Ocetrac labels objects across time steps, even when they split or merge</p>
</list-item><list-item>
<p>Quantification: Ocetrac computes shape, motion, and intensity measures</p>
</list-item><list-item>
<p>Integration: Ocetrac is compatible with the Scientific Python ecosystem, including <monospace>dask</monospace> (<xref ref-type="bibr" rid="ref-8">Rocklin, 2015</xref>), <monospace>xarray</monospace> (<xref ref-type="bibr" rid="ref-7">Hoyer &amp; Hamman, 2017</xref>) and  <monospace>scikit-learn</monospace> (<xref ref-type="bibr" rid="ref-28">Pedregosa <italic>et al.</italic>, 2011</xref>)</p>
</list-item>
</list>
<p>Although originally developed for <abbrev alt="marine heatwave">MHW</abbrev> analysis, Ocetrac can be used for other applications, from atmospheric rivers to hypoxic zones and bloom patches in the ocean. Its modular design allows users to customize detection thresholds, tracking logic, and measures of tracked objects. This paper details its design, demonstrates several use cases, and outlines future directions.</p>
</sec>
<sec id="sec-2">
<label>2</label>
<title>Goals and Motivations</title>
<p>Climate phenomena like <abbrev alt="marine heatwave">MHW</abbrev>s are dynamic events that can propagate across basins, changing their size, shape, and intensity as they evolve over time. Traditional gridpoint or static regional analyses that evaluate variables at individual locations or within a fixed region may overlook the structure and the evolution of such events. Object-based methods address this limitation by treating features as one event. This approach shifts the focus from isolated grid cells to the geometry, movement, and intensity evolution of entire events.</p>
<p>Building on the need for accessible and general object-based tracking, Ocetrac, unlike phenomenon-specific tools, operates on intensity data that is thresholded (e.g., <abbrev alt="sea surface temperature">SST</abbrev> anomalies exceeding the 90th percentile), applying morphological operations to group connected regions into labeled objects before tracking their evolution. The design prioritizes interoperability with standard climate data formats (CF-compliant files following Climate and Forecast metadata conventions) and is compatible with observational products, reanalyses, and model output. For <abbrev alt="marine heatwave">MHW</abbrev>-specific applications, Ocetrac is compatible with output from packages such as <ext-link ext-link-type="uri" xlink:href="https://github.com/ecjoliver/marineHeatWaves">marineHeatWaves</ext-link> and <ext-link ext-link-type="uri" xlink:href="https://github.com/coecms/xmhw">xmhw</ext-link>, which allows for existing anomaly detection workflows to be combined with Ocetrac’s object-based tracking. Because the tracking logic is decoupled from domain-specific assumptions, Ocetrac is a practical and adaptable tool for tracking climate features across datasets and can be used to answer diverse research questions. The Measures submodule processes tracked objects to generate quantitative diagnostics, which allows for standardized comparison across events and datasets.</p>
</sec>
<sec id="sec-3">
<label>3</label>
<title>Ocetrac: Tracking and Measures Submodules</title>
<p>Ocetrac is a flexible tracking framework designed for geophysical feature analysis. While we demonstrate its application using <abbrev alt="sea surface temperature">SST</abbrev> anomalies to identify <abbrev alt="marine heatwave">MHW</abbrev>s, the algorithm itself is variable-agnostic. Ocetrac can be applied to any two-dimensional spatiotemporal field that can be thresholded into spatially coherent features and has sufficient temporal resolution to resolve event evolution. The tracking methodology is described briefly below and in detail in <xref ref-type="bibr" rid="ref-1">Scannell <italic>et al.</italic> (2024)</xref> where it was used to examine <abbrev alt="marine heatwave">MHW</abbrev>s throughout the globe. To support event characterization beyond simple tracking, we introduce the Measures submodule, which enables the calculation of a suite of geometric, intensity-based, and motion-related diagnostics for each tracked event. The Ocetrac workflow is demonstrated below in <xref ref-type="fig" rid="figure-1">Figure 1</xref>. The tutorial associated with this workflow is available <ext-link ext-link-type="uri" xlink:href="https://ocetrac.readthedocs.io/en/latest/examples/cesm2lens_with_measures.html">here</ext-link>.</p>
<fig id="figure-1">
<label>Figure 1:</label>
<caption>
<p>Ocetrac workflow diagram</p>
</caption>
<graphic mimetype="image" mime-subtype="jpg" xlink:href="files/ocetrac_workflow-a50e1461c28d7d9df790407576ad17d2.jpg"/>
</fig>
<sec id="sec-4">
<label>3.1</label>
<title>Input Specifications and Preprocessing</title>
<p>Ocetrac requires input data as a 3D <monospace>xarray.DataArray</monospace> with dimensions ordered as <inline-formula><alternatives><mml:math display="inline"><mml:mo stretchy="false">(</mml:mo><mml:mi>x</mml:mi><mml:mo separator="true">,</mml:mo><mml:mi>y</mml:mi><mml:mo separator="true">,</mml:mo><mml:mi>t</mml:mi><mml:mo stretchy="false">)</mml:mo></mml:math><tex-math><![CDATA[(x,y,t)]]></tex-math></alternatives></inline-formula>, where <inline-formula><alternatives><mml:math display="inline"><mml:mo stretchy="false">(</mml:mo><mml:mi>x</mml:mi><mml:mo separator="true">,</mml:mo><mml:mi>y</mml:mi><mml:mo stretchy="false">)</mml:mo></mml:math><tex-math><![CDATA[(x,y)]]></tex-math></alternatives></inline-formula> correspond to regular spatial coordinates, typically latitude and longitude, and <inline-formula><alternatives><mml:math display="inline"><mml:mi>t</mml:mi></mml:math><tex-math><![CDATA[t]]></tex-math></alternatives></inline-formula> corresponds to time. The time dimension should be uniformly spaced to ensure optimal tracking performance of features through the temporal sequence. The time dimension should also have high enough spatial and temporal resolution to capture the temporal evolution of the target feature.  Temporal gaps in the data can be filled using linear temporal interpolation to maintain continuity in the time series.</p>
<p>An optional binary land mask (1 for valid grid cells, 0 for excluded regions such as land or sea ice) can be provided to omit specific areas from detection and tracking. All preprocessing, such as detrending and anomaly calculation, thresholding, must be performed before using Ocetrac. Common thresholding approaches include: percentile-based (e.g., values exceeding the 90th percentile of anomalies), absolute value thresholds (e.g., values exceeding 28°C), or statistical significance thresholds (e.g., values exceeding two standard deviations from the mean). Ocetrac is agnostic to the thresholding method, as long as the input is a binary spatiotemporal field.</p>
</sec>
<sec id="sec-5">
<label>3.2</label>
<title>Tracking Submodule</title>
<p>The tracking process begins with converting anomalies into binary maps using a threshold (typically the 90th percentile for <abbrev alt="marine heatwave">MHW</abbrev>s). Grid cells exceeding the threshold are marked as features where active grid cells are assigned the value of 1 and all others are inactive and assigned the value of 0.</p>
<p>To refine features, Ocetrac applies sequential morphological operations:</p>
<list list-type="order">
<list-item>
<p>Closing (dilation followed by erosion): Fills small holes within features and connects nearby regions belonging to the same object. This operation helps maintain spatial coherence by ensuring that nearby features that should logically be part of the same event are connected.</p>
</list-item><list-item>
<p>Opening (erosion followed by dilation): Removes isolated pixels, smooths feature boundaries, and cleans residual artifacts introduced by closing. This operation helps eliminate noise and small-scale features that may not be physically meaningful.</p>
</list-item>
</list>
<p>The choice of these morphological operations follows image processing practices for feature enhancement and noise reduction. The closing operation is applied first to connect nearby features, followed by opening to remove small artifacts and refine the boundaries of the features. This sequence is important for maintaining the integrity of the detected features while minimizing fragmentation. The morphological operations are implemented using <monospace>scikit-image</monospace> (<xref ref-type="bibr" rid="ref-9">Walt <italic>et al.</italic>, 2014</xref>) and are designed to be computationally efficient, allowing for processing large datasets in parallel using <monospace>dask</monospace> (<xref ref-type="bibr" rid="ref-8">Rocklin, 2015</xref>). While other sequences of operations (e.g., opening followed by closing) can be implemented, empirically, this sequence (closing followed by opening) optimizes feature integrity while minimizing fragmentation. The intermediate results of morphological operations are shown and described in greater detail in <xref ref-type="bibr" rid="ref-1">Scannell <italic>et al.</italic> (2024)</xref>.</p>
<p>The operations are performed using a structuring element, which defines the neighborhood around each pixel used to determine its new value. Ocetrac uses a circular structuring element, which is a disk-shaped kernel that treats all directions equally. The size of this disk is defined by its radius <inline-formula><alternatives><mml:math display="inline"><mml:mi>R</mml:mi></mml:math><tex-math><![CDATA[R]]></tex-math></alternatives></inline-formula> (in number of grid cells). The radius is a parameter that controls the spatial scale of the filtering: a larger radius results in more aggressive smoothing and merging of features, while a smaller radius preserves finer details but may retain more noise.</p>
<p>For 0.25° resolution data:</p>
<list list-type="bullet">
<list-item>
<p><inline-formula><alternatives><mml:math display="inline"><mml:mi>R</mml:mi></mml:math><tex-math><![CDATA[R]]></tex-math></alternatives></inline-formula> = 4 to 6 grid cells (1 - 1.5°): Preserves smaller-scale features while removing noise</p>
</list-item><list-item>
<p><inline-formula><alternatives><mml:math display="inline"><mml:mi>R</mml:mi></mml:math><tex-math><![CDATA[R]]></tex-math></alternatives></inline-formula> = 6 to 8 grid cells (1.5 to 2°): Emphasizes larger, more coherent structures</p>
</list-item><list-item>
<p><inline-formula><alternatives><mml:math display="inline"><mml:mi>R</mml:mi></mml:math><tex-math><![CDATA[R]]></tex-math></alternatives></inline-formula> &gt; 8 grid cells: May merge distinct features or even fail to identify features as valid objects altogether</p>
</list-item>
</list>
<p>For data at a different resolution, the radius must be scaled to maintain a consistent physical filtering scale. For example, for higher-resolution 0.125° data, the grid cell size is halved. To achieve an equivalent physical filter size, <inline-formula><alternatives><mml:math display="inline"><mml:mi>R</mml:mi></mml:math><tex-math><![CDATA[R]]></tex-math></alternatives></inline-formula> should be doubled.</p>
<p>The choice of <inline-formula><alternatives><mml:math display="inline"><mml:mi>R</mml:mi></mml:math><tex-math><![CDATA[R]]></tex-math></alternatives></inline-formula> should be informed by the typical spatial scale of the features of interest and the resolution of the input data and represents a trade-off between feature completeness (higher <inline-formula><alternatives><mml:math display="inline"><mml:mi>R</mml:mi></mml:math><tex-math><![CDATA[R]]></tex-math></alternatives></inline-formula> retains more connected areas) and spatial precision (lower <inline-formula><alternatives><mml:math display="inline"><mml:mi>R</mml:mi></mml:math><tex-math><![CDATA[R]]></tex-math></alternatives></inline-formula> preserves finer-scale details) (<xref ref-type="fig" rid="figure-2">Figure 2</xref>). The optimal radius depends on the spatial resolution of the input data and the typical size of the features being tracked. Users should experiment with different radius values to find the best balance between feature retention and noise reduction for their specific application. Users should also validate this parameter against known feature scales in their domain. Features, after undergoing morphological operations, are now referred to as objects.</p>
<p>Ocetrac then applies size-based filtering to focus on the most spatially coherent objects. It calculates the area of each detected object in grid cells, then removes objects smaller than a user-defined area threshold <inline-formula><alternatives><mml:math display="inline"><mml:mi>P</mml:mi></mml:math><tex-math><![CDATA[P]]></tex-math></alternatives></inline-formula>. By default, it keeps objects larger than 75% of all detected features (the 75th percentile) for the full dataset, meaning the smallest 25% of all objects are filtered out. This filtering step helps eliminate noise and isolate the most physically meaningful objects in the dataset.</p>
<fig id="figure-2">
<label>Figure 2:</label>
<caption>
<p>Objects outlined (purple outlines) detected using varying <inline-formula><alternatives><mml:math display="inline"><mml:mi>R</mml:mi></mml:math><tex-math><![CDATA[R]]></tex-math></alternatives></inline-formula> values (<inline-formula><alternatives><mml:math display="inline"><mml:mi>R</mml:mi></mml:math><tex-math><![CDATA[R]]></tex-math></alternatives></inline-formula> ranging from 1° to 7°). The background shows <abbrev alt="sea surface temperature">SST</abbrev> anomalies (°C) from February 2007 of an ensemble member of the CESM2-LENS dataset. The horizontal resolution is 1°.</p>
</caption>
<graphic mimetype="image" mime-subtype="jpg" xlink:href="files/radsize-4f9e5bb20d3ffeac7937fe6b1563b862.jpg"/>
</fig>
<p>Ocetrac identifies objects in each timestep by grouping together adjacent pixels, including diagonal connections (8-connectivity). This is a permissive approach for the initial detection phase to ensure that complex, irregularly shaped features are identified as single, coherent objects rather than being artifically fragmented into multiple parts. Then, to link objects across consecutive timesteps, Ocetrac uses a more conservative 6-connectivity approach where it matches objects that appear in either the exact same grid cell or directly adjacent cells (up/down/left/right) in the next timestep. This conservative approach allows objects to move gradually and prevents discontinuous jumps. The system maintains consistent ID numbers for objects as they evolve and handles global datasets where the map wraps around the globe at 0°/360° longitude, and tracks when objects merge together or split apart. The only requirement is that objects must overlap by at least one grid cell from one time step to the next to be in the same event.</p>
<p>The current implementation of Ocetrac is designed for rectilinear (latitude-longitude) grids. A limitation of this framework is its handling of high-latitude regions. At high latitudes, the convergence of meridians leads to distortions in area representation, which can affect the accuracy of object detection and tracking. Future versions of Ocetrac will address this limitation by incorporating grid-aware algorithms that adjust for varying grid cell sizes and shapes at different latitudes.</p>
<p><bold>Implementation example</bold></p>
<code language="python"># Initialize tracker with user-defined parameter
obj_Tracker = ocetrac.Tracker(
    binary_out_afterlandmask,   # Thresholded binary field
    newmask,                    # Land/ice mask (optional)
    radius=3,                   # R in grid cells
    min_size_quartile= 0.75,    # P (determines minimum object size)
    timedim = 'time',           # Time dimension name
    xdim = 'lon',               # Longitude dimension name
    ydim='lat',                 # Latitude dimension name
    positive=True)              # Track positive anomalies

# Execute tracking and morphological operations
blobs = obj_Tracker.track()

mo = obj_Tracker._morphological_operations()</code>
<p>Here Ocetrac provides basic diagnostics (e.g., initial/final object counts, area retention percentage) to evaluate tracking performance and feature characteristics.</p>
</sec>
<sec id="sec-6">
<label>3.3</label>
<title>Measures Submodule</title>
<p>The output of the tracker is a <monospace>xarray.Dataset</monospace> with many labelled events. The Measures submodule allows users to process large numbers of tracked events by automating repetitive calculations. Its standardized outputs allow for direct comparison across different events and datasets, which streamlines analysis workflows. The submodule supports both individual case studies and ensemble analyses. In brief, the Measures submodule processes the output of Ocetrac’s tracking algorithm and provides quantitative metrics to characterize detected events. These measures fall into five categories: shape, motion, intensity, and temporal, and contextual and are summarized in <xref ref-type="table" rid="table-1">Table 1</xref>.</p>
<p>Shape measures characterize geometric properties including area, perimeter, and circularity that are relevant for quantifying structural evolution. Shape measures can be used for understanding ecological impacts, for example, the area/extent can be used for assessing potential habitat affected, while the deformation quantifies shape changes between timesteps. These measures can help answer questions such as (1) How does event shape affect local ecosystems? and (2) Do certain shapes persist or evolve predictably? Motion measures track movement and displacement patterns via centroids and intensity-weighted centers of mass, while also handling longitudinal wrapping. Motion measures can help identify propagation directions and whether events remain stationary. Intensity measures capture magnitude variations through spatial statistics (mean, maximum, percentile extremes) of the underlying anomaly field. Intensity measures can be used for assessing thermal stress on ecosystems. Temporal measures record lifecycle characteristics including duration, initiation timing, and timing peaks of intensity and area. Temporal measures can determine event development stages, seasonal dependencies, and potential climate connections. Some of the measures can also be used to create contextual measures (e.g., object counts per timestep) which capture splitting and merging objects. Together, these measures enable analysis of event dynamics.</p>
<p>The computed measures are designed for application across both individual events and multiple events. Each measure is stored in a structured Python dictionary keyed by event ID, supporting single-event analysis and multi-event comparison, where ensemble statistics can be calculated when aggregating across multiple event IDs. The submodule includes built-in visualization tools that generate plots of trajectory maps (centroid/center-of-mass paths with arrow markers indicating directionality).</p>
<p><bold>Implementation example for a few measures</bold></p>
<code language="python">event_binary, event_intensity = get_object_masks(blobs, var_notrend, object_id=226.) # specific event ID

shape = ShapeMeasures(lat_resolution=111.320,
                       lon_resolution=111.320,
                       use_decorators=False)
spatial_extent_data = shape.calc_spatial_extents(event_binary) # Area-related measures

motion = MotionMeasures(use_decorators=False)
centroid_path, centroid_displacements = motion.calculate_centroid_displacement(
  event_binary) # Calculate centroid displacements

# Intensity
intensity_metrics = calculate_intensity_metrics(event_intensity)</code>
<p>The nested dictionary output structure accommodates mixed dimensionality, where scalars (e.g., maximum intensity) coexist with vectors (e.g., centroid path) and expansion, where new measures can be added without restructuring existing outputs. This approach is particularly valuable for comparative analyses, where aggregating specific measures across events needs only simple dictionary comprehensions. The Measures submodule allows for user-defined extension, which is an important feature for domain-specific applications.</p>
<p><bold>Implementation example</bold></p>
<code language="python">object_ids = [8., 11., 16.]           # Example IDs from Ocetrac tracking output

# Toggle which measures to compute for the objects (True/False flags)
run_shape_flag = True       
run_motion_flag = False               # Example: turn off motion measures
run_temporal_flag = True
run_intensity_flag = True


results_for_objects = process_objects_and_calculate_measures(
   object_ids,                        # List of object IDs to process
   blob_data = labelled_field,        # Ocetrac's labeled output (tracked objects)
   intensity_data = intensity_field,  # Intensity data (e.g., SST anomalies)
   run_shape=run_shape_flag,
   run_motion=run_motion_flag,
   run_temporal=run_temporal_flag,
   run_intensity=run_intensity_flag,
   lon_resolution_value=lon_resolution_value,
   lat_resolution_value=lat_resolution_value
)</code>
</sec>
<sec id="sec-7">
<label>3.4</label>
<title>Flexibility and Extensibility</title>
<p>Ocetrac’s modularity supports diverse applications beyond <abbrev alt="marine heatwave">MHW</abbrev>s and can be used to analyze atmospheric systems (with geopotential height data), precipitation events, ocean eddies (using sea surface height anomalies), and freshwater plumes (via salinity fields), amongst others. Ocetrac integrates with <monospace>xarray</monospace> for labeled data handling, <monospace>dask</monospace> for parallel processing, and common geospatial toolkits, making the package suitable for studying different geophysical phenomena.</p>
</sec>
</sec>
<sec id="sec-8">
<label>4</label>
<title>Example use cases</title>
<p>To demonstrate Ocetrac’s broad applicability, we present several example use cases focused on <abbrev alt="marine heatwave">MHW</abbrev>s. These examples illustrate Ocetrac’s capabilities in analyzing global patterns, investigating regional dynamics, placing events within a historical context, and evaluating forecast skill.</p>
<sec id="sec-9">
<label>4.1</label>
<title>Application to Observational Data</title>
<p>We apply Ocetrac to the <ext-link ext-link-type="uri" xlink:href="https://climatedataguide.ucar.edu/climate-data/sst-data-noaa-high-resolution-025x025-blended-analysis-daily-sst-and-ice-oisstv2">NOAA 1/4° Optimum Interpolation Sea Surface Temperature (OISST) dataset</ext-link> (<xref ref-type="bibr" rid="ref-4">Reynolds <italic>et al.</italic>, 2002</xref>; <xref ref-type="bibr" rid="ref-5">Reynolds <italic>et al.</italic>, 2007</xref>) to demonstrate its functionality for global <abbrev alt="marine heatwave">MHW</abbrev> analysis. This methodology for anomaly calculation and results is described in greater detail in <xref ref-type="bibr" rid="ref-1">Scannell <italic>et al.</italic> (2024)</xref>. This study demonstrates Ocetrac successfully identifying known <abbrev alt="marine heatwave">MHW</abbrev> events and their spatial structure, temporal evolution, and intensity distributions from the observational record. This shows how Ocetrac captures both large-scale and regional <abbrev alt="marine heatwave">MHW</abbrev> events in observational products. The workflow is shown in <xref ref-type="fig" rid="figure-3">Figure 3</xref>.</p>
<fig id="figure-3">
<label>Figure 3:</label>
<caption>
<p>Ocetrac workflow for <abbrev alt="marine heatwave">MHW</abbrev> analysis in an observational data product (in this example, the <ext-link ext-link-type="uri" xlink:href="https://www.ncei.noaa.gov/products/optimum-interpolation-sst">NOAA 1/4° Optimum Interpolation Sea Surface Temperature dataset</ext-link>). The diagram illustrates the processing pipeline from model output through event detection, tracking, and characterization of observational <abbrev alt="marine heatwave">MHW</abbrev>s.</p>
</caption>
<graphic mimetype="image" mime-subtype="jpg" xlink:href="files/jtechworkflow-cf4a1ef06994b49009884d2142ad3ccc.jpg"/>
</fig>
</sec>
<sec id="sec-10">
<label>4.2</label>
<title>Characterizing Events in a Large Ensemble</title>
<p>This use case demonstrates that Ocetrac allows for comprehensive analysis of <abbrev alt="marine heatwave">MHW</abbrev>s across a large ensemble of climate simulations. By processing many ensemble members, we generate an extensive event catalog that is orders of magnitude larger than the observational record. This provides robust statistics for <abbrev alt="marine heatwave">MHW</abbrev> characteristics calculated using the Measures submodule, This expanded dataset supports clustering analyses to identify recurrent event types and their associated physical drivers.</p>
<p>The large number of simulated events allows us to address key questions about <abbrev alt="marine heatwave">MHW</abbrev> diversity: What canonical patterns emerge? How do their dynamical drivers differ? Such analyses would not be possible using the observational record alone. The approach is particularly valuable for characterizing rare but high-impact events, where large ensembles provide sufficient samples to assess their physical rarity and driving mechanisms. The workflow is shown in <xref ref-type="fig" rid="figure-4">Figure 4</xref>.</p>
<fig id="figure-4">
<label>Figure 4:</label>
<caption>
<p>Ocetrac workflow for <abbrev alt="marine heatwave">MHW</abbrev> analysis in climate ensembles. This workflow focuses on events in the North Pacific Ocean. This approach allows for statistical analysis of event properties.</p>
</caption>
<graphic mimetype="image" mime-subtype="jpg" xlink:href="files/lensworkflow-657029fc3aba1a9099ca4e65f7a17c0e.jpg"/>
</fig>
</sec>
<sec id="sec-11">
<label>4.3</label>
<title>Comparing Observed Marine Heatwaves Against Many Simulated Events</title>
<p>In this scenario, we show the use of Ocetrac to compare <abbrev alt="marine heatwave">MHW</abbrev>s in the observational record (i.e., the spatially large and long-lasting Northeast Pacific <abbrev alt="marine heatwave">MHW</abbrev> ‘The Blob’ in 2014-2016) with events simulated in a large ensemble of climate models, such as the <ext-link ext-link-type="uri" xlink:href="https://www.cesm.ucar.edu/community-projects/lens2">Community Earth System Model version 2 Large Ensemble Community Project (CESM2-LENS)</ext-link> (<xref ref-type="bibr" rid="ref-6">Rodgers <italic>et al.</italic>, 2021</xref>). The approach facilitates a statistical framework for assessing their rarity, spatial structure, and dynamical drivers. By applying consistent object-based detection and tracking to both observations and model output, Ocetrac allows direct comparisons that address questions such as (1) How unusual was the observed event in the context of internal climate variability?, (2) What is the modeled likelihood of similar or more intense <abbrev alt="marine heatwave">MHW</abbrev>s?, and (3) What types of <abbrev alt="marine heatwave">MHW</abbrev>s does the model suggest are possible but have not yet been observed? An analysis workflow is illustrated in <xref ref-type="fig" rid="figure-5">Figure 5</xref>.</p>
<fig id="figure-5">
<label>Figure 5:</label>
<caption>
<p>Ocetrac workflow for comparing observed and simulated <abbrev alt="marine heatwave">MHW</abbrev>s.</p>
</caption>
<graphic mimetype="image" mime-subtype="jpg" xlink:href="files/comparison_workflow-3bd1b4708ad825c54654374a6d086b28.jpg"/>
</fig>
</sec>
<sec id="sec-12">
<label>4.4</label>
<title>Evaluating Marine Heatwave Predictions Using Object-Based Metrics</title>
<p>Object-based analysis of <abbrev alt="marine heatwave">MHW</abbrev>s can be applied not only to observations and model output, but also to seasonal forecasts. In recent work, <xref ref-type="bibr" rid="ref-3">Cohen <italic>et al.</italic> (2025)</xref> combine Ocetrac with the <ext-link ext-link-type="uri" xlink:href="https://metplus.readthedocs.io/projects/met/en/latest/Users_Guide/mode.html">Method for Object-based Diagnostic Evaluation (MODE)</ext-link> to evaluate <abbrev alt="marine heatwave">MHW</abbrev> forecasts. More information about <ext-link ext-link-type="uri" xlink:href="https://metplus.readthedocs.io/projects/met/en/latest/Users_Guide/mode.html">MODE</ext-link> can be found in <xref ref-type="bibr" rid="ref-11">Davis <italic>et al.</italic> (2006)</xref>, <xref ref-type="bibr" rid="ref-12">Davis <italic>et al.</italic> (2006)</xref>, and <xref ref-type="bibr" rid="ref-13">Bullock <italic>et al.</italic> (2016)</xref>. Events were identified with <monospace>ocetrac.Tracker</monospace>, then forecast and observed events were compared and matched based on the similarity of their attributes. Event matching and attribute calculations were performed using <abbrev alt="Method for Object-based Diagnostic Evaluation">MODE</abbrev>. The Measures submodule, however, will allow users to perform this analysis within the Python ecosystem <xref ref-type="fig" rid="figure-6">(Figure 6)</xref>.</p>
<fig id="figure-6">
<label>Figure 6:</label>
<caption>
<p>Ocetrac workflow for comparing forecast and observed <abbrev alt="marine heatwave">MHW</abbrev> events. Objects are identified and tracked with <monospace>ocetrac.Tracker</monospace> and compared between the forecast and observation datasets with ocetrac.measures</p>
</caption>
<graphic mimetype="image" mime-subtype="jpg" xlink:href="files/mode_workflow-3e5cf2dfdb64fbdf3e775e35a3f228ea.jpg"/>
</fig>
</sec>
</sec>
<sec id="sec-13">
<label>5</label>
<title>Discussion</title>
<p>Ocetrac is an open-source software suite designed to identify, track, and quantify irregular, evolving features in gridded climate data, such as <abbrev alt="marine heatwave">MHW</abbrev>s. It is actively being developed with extensibility in mind. Future plans include: (1) expanding grid compatibility (e.g., <ext-link ext-link-type="uri" xlink:href="https://www.cesm.ucar.edu/models/pop">Parallel Ocean Program (POP) grid</ext-link>, (2) enhancing tracking to incorporate vertical structure (e.g., <abbrev alt="marine heatwave">MHW</abbrev>s can have subsurface signatures), and (3) customizing analysis (e.g., different kinds of user-defined thresholding and intensity field extraction). Beyond <abbrev alt="marine heatwave">MHW</abbrev>s, Ocetrac is being adapted for other spatiotemporal phenomena, including atmospheric blocking, ocean eddies, and biogeochemical extremes, with practical examples to be demonstrated in interactive tutorials. The Measures submodule will also be extended to include new measures (e.g., co-occurring event counts) and visualization features. Although Ocetrac was originally developed for <abbrev alt="marine heatwave">MHW</abbrev> research, this package is a versatile tool for ocean, atmospheric, and climate sciences. As a Python-based tool, Ocetrac is designed to evolve with both community needs and computational Earth science advancements. We invite collaboration through conferences, workshops, and open development on GitHub, particularly from researchers working on event detection and feature tracking. These efforts will advance Ocetrac’s capacity to analyze the  structure of ocean and atmospheric events in observational and model data.</p>
</sec>
<sec id="sec-14">
<label>6</label>
<title>Acknowledgments</title>
<p>We gratefully acknowledge the software and methods contributions to Ocetrac from Ryan Abernathey, Julius Busecke, David John Gagne, and Daniel Whitt (listed alphabetically). The work was supported by funding from NSF, NSF NCAR, the Leonardo DiCaprio Foundation Foundation, Microsoft, the Gordon and Betty Moore Foundation, and the University of Washington eScience Institute.</p>
</sec>
</body>
<back>
<ref-list>
<ref id="ref-14">
<element-citation publication-type="journal">
<article-title>Marine heatwaves threaten global biodiversity and the provision of ecosystem services</article-title>
<person-group person-group-type="author">
<name><surname>Smale</surname><given-names>D.A</given-names></name>
<name><surname>Wernberg</surname><given-names>T.</given-names></name>
<name><surname>Oliver</surname><given-names>E.C.J.</given-names></name>
<name><surname>Thomsen</surname><given-names>M.</given-names></name>
<name><surname>Harvey</surname><given-names>B.P.</given-names></name>
<name><surname>Straub</surname><given-names>S.C.</given-names></name>
<name><surname>Burrows</surname><given-names>M.T.</given-names></name>
<name><surname>Alexander</surname><given-names>L.V.</given-names></name>
<name><surname>Benthuysen</surname><given-names>J.A.</given-names></name>
<name><surname>Donat</surname><given-names>M.G.</given-names></name>
<name><surname>Feng</surname><given-names>M.</given-names></name>
<name><surname>Hobday</surname><given-names>A.J.</given-names></name>
<name><surname>Holbrook</surname><given-names>N.J.</given-names></name>
<name><surname>Perkins-kirkpatrick</surname><given-names>S.E.</given-names></name>
<name><surname>Scannell</surname><given-names>H.A.</given-names></name>
<name><surname>Gupta</surname><given-names>A. Sen</given-names></name>
<name><surname>Payne</surname><given-names>B.L.</given-names></name>
<name><surname>Moore</surname><given-names>P.J.</given-names></name>
</person-group><source>Nat. Clim. Change</source><year iso-8601-date="2019">2019</year><pub-id pub-id-type="doi">10.1038/s41558-019-0412-1</pub-id><volume>9</volume><fpage>306</fpage><lpage>312</lpage></element-citation>
</ref>
<ref id="ref-16">
<element-citation publication-type="journal">
<article-title>Global warming and recurrent mass bleaching of corals</article-title>
<person-group person-group-type="author">
<name><surname>Hughes</surname><given-names>T. P.</given-names></name>
<name><surname>Kerry</surname><given-names>J.T.</given-names></name>
<name><surname>Alvarez-Noriega</surname><given-names>M. J.</given-names></name>
<name><surname>Hoegh-Guldberg</surname><given-names>K. E.</given-names></name>
<name><surname>Anderson</surname><given-names>S.</given-names></name>
<name><surname>Baird</surname><given-names>A.</given-names></name>
<name><surname>Baria</surname><given-names>C.</given-names></name>
<name><surname>Basset</surname><given-names>J.</given-names></name>
<name><surname>Bender</surname><given-names>M.</given-names></name>
<name><surname>Berkelmans</surname><given-names>J.</given-names></name>
<name><surname>Bridge</surname><given-names>J.</given-names></name>
<name><surname>Brown</surname><given-names>S.</given-names></name>
<name><surname>Eakin</surname><given-names>M.</given-names></name>
<name><surname>Hooidonk</surname><given-names>R. F.</given-names></name>
<name><surname>Kennedy</surname><given-names>D.</given-names></name>
<name><surname>Knowlton</surname><given-names>N.</given-names></name>
<name><surname>Lough</surname><given-names>A.</given-names></name>
<name><surname>Liu</surname><given-names>C.</given-names></name>
<name><surname>McCulloch</surname><given-names>J.</given-names></name>
<name><surname>Hoegh-Guldberg</surname><given-names>O.</given-names></name>
</person-group><source>Nature</source><year iso-8601-date="2017">2017</year><pub-id pub-id-type="doi">10.1038/nature21707</pub-id><volume>543</volume><fpage>373</fpage><lpage>377</lpage></element-citation>
</ref>
<ref id="ref-15">
<element-citation publication-type="journal">
<article-title>Fisheries management in a changing climate: Lessons from the 2012 ocean heat wave in the Northwest Atlantic</article-title>
<person-group person-group-type="author">
<name><surname>Mills</surname><given-names>K. E.</given-names></name>
<name><surname>Pershing</surname><given-names>A. J.</given-names></name>
<name><surname>Brown</surname><given-names>C.J.</given-names></name>
<name><surname>Chen</surname><given-names>Y.</given-names></name>
<name><surname>Chiang</surname><given-names>F.-S.</given-names></name>
<name><surname>Holland</surname><given-names>D.S.</given-names></name>
<name><surname>Lehuta</surname><given-names>S.</given-names></name>
<name><surname>Nye</surname><given-names>J.A.</given-names></name>
<name><surname>Sun</surname><given-names>J.C.</given-names></name>
<name><surname>Thomas</surname><given-names>A.C.</given-names></name>
<name><surname>Wahle</surname><given-names>R.A.</given-names></name>
</person-group><source>Oceanography</source><year iso-8601-date="2013">2013</year><pub-id pub-id-type="doi">10.5670/oceanog.2013.27</pub-id><volume>26</volume><issue>2</issue><fpage>191</fpage><lpage>195</lpage></element-citation>
</ref>
<ref id="ref-17">
<element-citation publication-type="journal">
<article-title>Storm-based probabilistic hail forecasting with machine learning applied to convection-allowing ensembles</article-title>
<person-group person-group-type="author">
<name><surname>Gagne</surname><given-names>D. J.</given-names></name>
<name><surname>McGovern</surname><given-names>A.</given-names></name>
<name><surname>Haupt</surname><given-names>S. E.</given-names></name>
<name><surname>Sobash</surname><given-names>R. A.</given-names></name>
<name><surname>Williams</surname><given-names>J. K.</given-names></name>
<name><surname>Xue</surname><given-names>M.</given-names></name>
</person-group><source>Weather and Forecasting</source><year iso-8601-date="2017">2017</year><pub-id pub-id-type="doi">10.1175/WAF-D-17-0010.1</pub-id><volume>32</volume><fpage>1819</fpage><lpage>1840</lpage></element-citation>
</ref>
<ref id="ref-2">
<element-citation publication-type="journal">
<article-title>TempestExtremes v2.1: a community framework for feature detection, tracking, and analysis in large datasets</article-title>
<person-group person-group-type="author">
<name><surname>Ullrich</surname><given-names>P. A.</given-names></name>
<name><surname>Zarzycki</surname><given-names>C. M.</given-names></name>
<name><surname>McClenny</surname><given-names>E. E.</given-names></name>
<name><surname>Pinheiro</surname><given-names>M. C.</given-names></name>
<name><surname>Stansfield</surname><given-names>A. M.</given-names></name>
<name><surname>Reed</surname><given-names>K. A.</given-names></name>
</person-group><source>Geoscientific Model Development</source><year iso-8601-date="2021">2021</year><pub-id pub-id-type="doi">10.5194/gmd-14-5023-2021</pub-id><volume>14</volume><issue>8</issue><fpage>5023</fpage><lpage>5048</lpage></element-citation>
</ref>
<ref id="ref-19">
<element-citation publication-type="journal">
<article-title>Southern Europe and western Asian marine heatwaves (SEWA-MHWs): a dataset based on macroevents</article-title>
<person-group person-group-type="author">
<name><surname>Bonino</surname><given-names>Giulia</given-names></name>
<name><surname>Masina</surname><given-names>Simona</given-names></name>
<name><surname>Galimberti</surname><given-names>Giuliano</given-names></name>
<name><surname>Moretti</surname><given-names>Matteo</given-names></name>
</person-group><source>Earth System Science Data</source><year iso-8601-date="2023">2023</year><pub-id pub-id-type="doi">10.5194/essd-15-1269-2023</pub-id><volume>15</volume><fpage>1269</fpage><lpage>1285</lpage></element-citation>
</ref>
<ref id="ref-20">
<element-citation publication-type="journal">
<article-title>Rapidly expanding lake heatwaves under climate change</article-title>
<person-group person-group-type="author">
<name><surname>Woolway</surname><given-names>R. I.</given-names></name>
<name><surname>Anderson</surname><given-names>E. J.</given-names></name>
<name><surname>Albergel</surname><given-names>C.</given-names></name>
</person-group><source>Environmental Research Letters</source><year iso-8601-date="2021">2021</year><pub-id pub-id-type="doi">10.1088/1748-9326/ac1a3a</pub-id><volume>16</volume><issue>9</issue><fpage>094013</fpage></element-citation>
</ref>
<ref id="ref-21">
<element-citation publication-type="journal">
<article-title>Characterizing global marine heatwaves under a spatio-temporal framework</article-title>
<person-group person-group-type="author">
<name><surname>Sun</surname><given-names>Di</given-names></name>
<name><surname>Jing</surname><given-names>Zhao</given-names></name>
<name><surname>Li</surname><given-names>Furong</given-names></name>
<name><surname>Wu</surname><given-names>Lixin</given-names></name>
</person-group><source>Progress in Oceanography</source><year iso-8601-date="2023">2023</year><pub-id pub-id-type="doi">10.1016/j.pocean.2022.102947</pub-id><volume>211</volume><fpage>102947</fpage></element-citation>
</ref>
<ref id="ref-18">
<element-citation publication-type="journal">
<article-title>Correction to: Frequent marine heatwaves hidden below the surface of the global ocean</article-title>
<person-group person-group-type="author">
<name><surname>Sun</surname><given-names>Di</given-names></name>
<name><surname>Li</surname><given-names>Furong</given-names></name>
<name><surname>Jing</surname><given-names>Zhao</given-names></name>
<name><surname>al.</surname></name>
</person-group><source>Nature Geoscience</source><year iso-8601-date="2024">2024</year><pub-id pub-id-type="doi">10.1038/s41561-023-01359-0</pub-id><volume>17</volume><fpage>171</fpage></element-citation>
</ref>
<ref id="ref-10">
<element-citation publication-type="journal">
<article-title>A database of deep convective systems derived from the intercalibrated meteorological geostationary satellite fleet and the TOOCAN algorithm (2012–2020)</article-title>
<person-group person-group-type="author">
<name><surname>Fiolleau</surname><given-names>T.</given-names></name>
<name><surname>Roca</surname><given-names>R.</given-names></name>
</person-group><source>Earth System Science Data</source><year iso-8601-date="2024">2024</year><pub-id pub-id-type="doi">10.5194/essd-16-4021-2024</pub-id><volume>16</volume><issue>9</issue><fpage>4021</fpage><lpage>4050</lpage></element-citation>
</ref>
<ref id="ref-9">
<element-citation publication-type="journal">
<article-title>scikit-image: Image processing in Python</article-title>
<person-group person-group-type="author">
<name><surname>Walt</surname><given-names>S.</given-names></name>
<name><surname>Schönberger</surname><given-names>J. L.</given-names></name>
<name><surname>Nunez-Iglesias</surname><given-names>J.</given-names></name>
<name><surname>Boulogne</surname><given-names>F.</given-names></name>
<name><surname>Warner</surname><given-names>J. D.</given-names></name>
<name><surname>Yager</surname><given-names>N.</given-names></name>
<name><surname>Gouillart</surname><given-names>E.</given-names></name>
<name><surname>Yu</surname><given-names>T.</given-names></name>
<name><surname>contributors</surname></name>
</person-group><source>PeerJ</source><year iso-8601-date="2014">2014</year><pub-id pub-id-type="doi">10.7717/peerj.453</pub-id><volume>2</volume><fpage>e453</fpage></element-citation>
</ref>
<ref id="ref-7">
<element-citation publication-type="journal">
<article-title>xarray: N-D labeled arrays and datasets in Python</article-title>
<person-group person-group-type="author">
<name><surname>Hoyer</surname><given-names>Stephan</given-names></name>
<name><surname>Hamman</surname><given-names>James</given-names></name>
</person-group><source>Journal of Open Research Software</source><year iso-8601-date="2017">2017</year><pub-id pub-id-type="doi">10.5334/jors.148</pub-id><volume>5</volume><issue>1</issue><fpage>10</fpage></element-citation>
</ref>
<ref id="ref-8">
<element-citation publication-type="journal">
<article-title>Dask: Parallel computation with task scheduling</article-title>
<person-group person-group-type="author">
<name><surname>Rocklin</surname><given-names>Matthew</given-names></name>
</person-group><source>Proceedings of the 14th Python in Science Conference</source><year iso-8601-date="2015">2015</year><pub-id pub-id-type="doi">10.25080/majora-629e541a-00e</pub-id><fpage>130</fpage><lpage>136</lpage></element-citation>
</ref>
<ref id="ref-28">
<element-citation publication-type="journal">
<article-title>Scikit-learn: Machine Learning in Python</article-title>
<person-group person-group-type="author">
<name><surname>Pedregosa</surname><given-names>F.</given-names></name>
<name><surname>Varoquaux</surname><given-names>G.</given-names></name>
<name><surname>Gramfort</surname><given-names>A.</given-names></name>
<name><surname>Michel</surname><given-names>V.</given-names></name>
<name><surname>Thirion</surname><given-names>B.</given-names></name>
<name><surname>Grisel</surname><given-names>O.</given-names></name>
<name><surname>Blondel</surname><given-names>M.</given-names></name>
<name><surname>Prettenhofer</surname><given-names>P.</given-names></name>
<name><surname>Weiss</surname><given-names>R.</given-names></name>
<name><surname>Dubourg</surname><given-names>V.</given-names></name>
<name><surname>Vanderplas</surname><given-names>J.</given-names></name>
<name><surname>Passos</surname><given-names>A.</given-names></name>
<name><surname>Cournapeau</surname><given-names>D.</given-names></name>
<name><surname>Brucher</surname><given-names>M.</given-names></name>
<name><surname>Perrot</surname><given-names>M.</given-names></name>
<name><surname>Duchesnay</surname><given-names>E.</given-names></name>
</person-group><source>Journal of Machine Learning Research</source><year iso-8601-date="2011">2011</year><pub-id pub-id-type="doi">10.48550/arXiv.1201.0490</pub-id><volume>12</volume><fpage>2825</fpage><lpage>2830</lpage></element-citation>
</ref>
<ref id="ref-1">
<element-citation publication-type="journal">
<article-title>Spatiotemporal Evolution of Marine Heatwaves Globally</article-title>
<person-group person-group-type="author">
<name><surname>Scannell</surname><given-names>H. A.</given-names></name>
<name><surname>Cai</surname><given-names>C.</given-names></name>
<name><surname>Thompson</surname><given-names>L.</given-names></name>
<name><surname>Whitt</surname><given-names>D. B.</given-names></name>
<name><surname>Gagne</surname><given-names>D. J.</given-names></name>
<name><surname>Abernathey</surname><given-names>R. P.</given-names></name>
</person-group><source>Journal of Atmospheric and Oceanic Technology</source><year iso-8601-date="2024">2024</year><pub-id pub-id-type="doi">10.1175/JTECH-D-23-0126.1</pub-id><volume>41</volume><issue>12</issue><fpage>1247</fpage><lpage>1263</lpage></element-citation>
</ref>
<ref id="ref-4">
<element-citation publication-type="journal">
<article-title>An improved in situ and satellite SST analysis for climate</article-title>
<person-group person-group-type="author">
<name><surname>Reynolds</surname><given-names>R. W.</given-names></name>
<name><surname>Rayner</surname><given-names>N. A.</given-names></name>
<name><surname>Smith</surname><given-names>T. M.</given-names></name>
<name><surname>Stokes</surname><given-names>D. C.</given-names></name>
<name><surname>Wang</surname><given-names>W.</given-names></name>
</person-group><source>J. Climate</source><year iso-8601-date="2002">2002</year><pub-id pub-id-type="doi">10.1175/1520-0442(2002)015&lt;1609:AIISAS&gt;2.0.CO;2</pub-id><volume>15</volume><fpage>1609</fpage><lpage>1625</lpage></element-citation>
</ref>
<ref id="ref-5">
<element-citation publication-type="journal">
<article-title>Daily high-resolution-blended analyses for sea surface temperature</article-title>
<person-group person-group-type="author">
<name><surname>Reynolds</surname><given-names>R. W.</given-names></name>
<name><surname>Smith</surname><given-names>T. M.</given-names></name>
<name><surname>Liu</surname><given-names>C.</given-names></name>
<name><surname>Chelton</surname><given-names>D. B.</given-names></name>
<name><surname>Casey</surname><given-names>K. S.</given-names></name>
<name><surname>Schlax</surname><given-names>M. G.</given-names></name>
</person-group><source>J. Climate</source><year iso-8601-date="2007">2007</year><pub-id pub-id-type="doi">10.1175/2007JCLI1824.1</pub-id><volume>20</volume><fpage>5473</fpage><lpage>5496</lpage></element-citation>
</ref>
<ref id="ref-6">
<element-citation publication-type="journal">
<article-title>Ubiquity of human-induced changes in climate variability</article-title>
<person-group person-group-type="author">
<name><surname>Rodgers</surname><given-names>K. B.</given-names></name>
<name><surname>Lee</surname><given-names>S.-S.</given-names></name>
<name><surname>Rosenbloom</surname><given-names>N.</given-names></name>
<name><surname>Timmermann</surname><given-names>A.</given-names></name>
<name><surname>Danabasoglu</surname><given-names>G.</given-names></name>
<name><surname>Deser</surname><given-names>C.</given-names></name>
<name><surname>Edwards</surname><given-names>J.</given-names></name>
<name><surname>Kim</surname><given-names>J.-E.</given-names></name>
<name><surname>Simpson</surname><given-names>I. R.</given-names></name>
<name><surname>Stein</surname><given-names>K.</given-names></name>
<name><surname>Stuecker</surname><given-names>M. F.</given-names></name>
<name><surname>Yamaguchi</surname><given-names>R.</given-names></name>
<name><surname>Bódai</surname><given-names>T.</given-names></name>
<name><surname>Chung</surname><given-names>E.-S.</given-names></name>
<name><surname>Huang</surname><given-names>L.</given-names></name>
<name><surname>Kim</surname><given-names>W. M.</given-names></name>
<name><surname>Lamarque</surname><given-names>J.-F.</given-names></name>
<name><surname>Lombardozzi</surname><given-names>D. L.</given-names></name>
<name><surname>Wieder</surname><given-names>W. R.</given-names></name>
<name><surname>Yeager</surname><given-names>S. G.</given-names></name>
</person-group><source>Earth Syst. Dynam.</source><year iso-8601-date="2021">2021</year><pub-id pub-id-type="doi">10.5194/esd-12-1393-2021</pub-id><volume>12</volume><fpage>1393</fpage><lpage>1411</lpage></element-citation>
</ref>
<ref id="ref-3">
<element-citation publication-type="journal">
<article-title>Object-based evaluation of seasonal-to-multiyear marine heatwave predictions</article-title>
<person-group person-group-type="author">
<name><surname>Cohen</surname><given-names>J. T.</given-names></name>
<name><surname>Thompson</surname><given-names>L.</given-names></name>
<name><surname>Maroon</surname><given-names>E.</given-names></name>
<name><surname>Deppenmeier</surname><given-names>A.-L.</given-names></name>
<name><surname>Cai</surname><given-names>C.</given-names></name>
</person-group><source>ESS Open Archive</source><year iso-8601-date="2025">2025</year><pub-id pub-id-type="doi">10.22541/essoar.173870867.74048627/v1</pub-id></element-citation>
</ref>
<ref id="ref-11">
<element-citation publication-type="journal">
<article-title>Object-based verification of precipitation forecasts, Part I: Methodology and application to mesoscale rain areas</article-title>
<person-group person-group-type="author">
<name><surname>Davis</surname><given-names>C. A.</given-names></name>
<name><surname>Brown</surname><given-names>B. G.</given-names></name>
<name><surname>Bullock</surname><given-names>R. G.</given-names></name>
</person-group><source>Mon. Wea. Rev.</source><year iso-8601-date="2006">2006</year><pub-id pub-id-type="doi">10.1175/mwr3145.1</pub-id><volume>134</volume><fpage>1772</fpage><lpage>1784</lpage></element-citation>
</ref>
<ref id="ref-12">
<element-citation publication-type="journal">
<article-title>Object-based verification of precipitation forecasts, Part II: Application to convective rain systems</article-title>
<person-group person-group-type="author">
<name><surname>Davis</surname><given-names>C. A.</given-names></name>
<name><surname>Brown</surname><given-names>B. G.</given-names></name>
<name><surname>Bullock</surname><given-names>R. G.</given-names></name>
</person-group><source>Mon. Wea. Rev.</source><year iso-8601-date="2006">2006</year><pub-id pub-id-type="doi">10.1175/MWR3146.1</pub-id><volume>134</volume><fpage>1785</fpage><lpage>1795</lpage></element-citation>
</ref>
<ref id="ref-13">
<element-citation publication-type="report">
<article-title>Method for Object-Based Diagnostic Evaluation</article-title>
<person-group person-group-type="author">
<name><surname>Bullock</surname><given-names>R.</given-names></name>
<name><surname>Fowler</surname><given-names>T.</given-names></name>
<name><surname>Brown</surname><given-names>B.</given-names></name>
</person-group><year iso-8601-date="2016">2016</year><pub-id pub-id-type="doi">10.5065/D61V5CBS</pub-id><fpage>66</fpage></element-citation>
</ref>
</ref-list>
</back>
</article>
