<?xml version="1.0" encoding="UTF-8"?>
<!DOCTYPE article PUBLIC "-//NLM//DTD JATS (Z39.96) Journal Archiving and Interchange DTD with MathML3 v1.3 20210610//EN" "http://jats.nlm.nih.gov/publishing/1.3/JATS-archivearticle1-3-mathml3.dtd">
<article xmlns:mml="http://www.w3.org/1998/Math/MathML" xmlns:xlink="http://www.w3.org/1999/xlink" xmlns:xsi="http://www.w3.org/2001/XMLSchema-instance" xmlns:ali="http://www.niso.org/schemas/ali/1.0/" dtd-version="1.3" xml:lang="en" id="main">
<front>
<article-meta>
<article-id pub-id-type="doi">10.25080/kvfm5762</article-id>
<title-group>
<article-title>Pipeline-level differentiable programming for the real world</article-title>
</title-group>
<contrib-group>
<contrib contrib-type="author" corresp="yes" equal-contrib="yes">
<contrib-id contrib-id-type="orcid">https://orcid.org/0009-0001-6002-5096</contrib-id>
<name name-style="western"><surname>Rehmann</surname><given-names>Andrin</given-names></name>
<xref ref-type="aff" rid="aff-1"/>
<email>andrin.rehmann@simulation.science</email>
</contrib>
<contrib contrib-type="author" equal-contrib="yes">
<contrib-id contrib-id-type="orcid">https://orcid.org/0000-0002-4465-7317</contrib-id>
<name name-style="western"><surname>Häfner</surname><given-names>Dion</given-names></name>
<xref ref-type="aff" rid="aff-1"/>
<email>dion.haefner@simulation.science</email>
</contrib>
<contrib contrib-type="author">
<contrib-id contrib-id-type="orcid">https://orcid.org/0000-0003-4653-8036</contrib-id>
<name name-style="western"><surname>Angioi</surname><given-names>Alessandro</given-names></name>
<xref ref-type="aff" rid="aff-1"/>
<email>alessandro.angioi@simulation.science</email>
</contrib>
<contrib contrib-type="author">
<contrib-id contrib-id-type="orcid">https://orcid.org/0000-0002-9941-3977</contrib-id>
<name name-style="western"><surname>Qu</surname><given-names>Yongquan</given-names></name>
<xref ref-type="aff" rid="aff-1"/><xref ref-type="aff" rid="aff-2"/><xref ref-type="aff" rid="aff-3"/>
<email>yongquan.qu@simulation.science</email>
</contrib>
<contrib contrib-type="author">
<contrib-id contrib-id-type="orcid">https://orcid.org/0000-0002-3703-8163</contrib-id>
<name name-style="western"><surname>Paleyes</surname><given-names>Andrei</given-names></name>
<xref ref-type="aff" rid="aff-1"/>
<email>andrei.paleyes@simulation.science</email>
</contrib>
</contrib-group>
<aff id="aff-1">
<institution-wrap>
<institution>Pasteur Labs, Brooklyn, NY, USA</institution>
</institution-wrap>
</aff>
<aff id="aff-2">
<institution-wrap>
<institution>Columbia University, Manhattan, NY, USA</institution>
</institution-wrap>
</aff>
<aff id="aff-3">
<institution-wrap>
<institution>NSF Center for Learning the Earth with Artificial Intelligence and Physics, Manhattan, NY, USA</institution>
</institution-wrap>
</aff>
<fpage>278</fpage><lpage>285</lpage>
<permissions>
<ali:free_to_read/>
<license xlink:href="https://creativecommons.org/licenses/by/4.0/">
<ali:license_ref>https://creativecommons.org/licenses/by/4.0/</ali:license_ref>
<license-p>This is an open access article distributed under the terms of the <ext-link ext-link-type="uri" xlink:href="http://creativecommons.org/licenses/by/4.0/">Creative Commons Attribution License</ext-link>, which permits unrestricted use, distribution, and reproduction in any medium, provided the original author and source are credited.</license-p>
</license>
</permissions>
<abstract>
<p>Automatic differentiation is increasingly being adopted beyond machine learning to tackle optimization problems in various scientific and engineering contexts. These methods have catalyzed the development of differentiable simulators, solvers, 3D renderers, and other powerful components, under the umbrella of differentiable programming. However, building pipelines that propagate gradients effortlessly across components introduces unique challenges. Real-world pipelines often span diverse technologies, frameworks, computing environments, and human skill sets. We argue for the need to support automatic differentiation on a system level to enable further real-world utility of differentiable programming, and ultimately, tangible progress within inverse modeling and design. To that end, we present <ext-link ext-link-type="uri" xlink:href="https://github.com/pasteurlabs/tesseract-core">Tesseract</ext-link>, a software ecosystem that provides pipeline-level differentiable programming at scale, and demonstrate its utility on a non-trivial <ext-link ext-link-type="uri" xlink:href="/optimize">shape optimization case study</ext-link>.</p>
</abstract>
<kwd-group>
<kwd>automatic differentiation</kwd>
<kwd>differentiable programming</kwd>
<kwd>differentiable physics</kwd>
<kwd>remote procedure calls</kwd>
<kwd>distributed computing</kwd>
<kwd>computer-aided engineering</kwd>
<kwd>containerization</kwd>
<kwd>scientific computing</kwd>
<kwd>scientific machine learning</kwd>
<kwd>simulation</kwd>
<kwd>interoperability</kwd>
</kwd-group>
</article-meta>
</front>
<body>
<sec id="sec-1">
<label>1</label>
<title>Introduction</title>
<p>Countless problems in science and engineering can be framed as tuning tasks, where parameters of a complex process — such as a physical simulation or a lab experiment — are iteratively tuned to maximize an objective. For such tasks, differentiable programming (<abbrev alt="Differentiable Programming">DP</abbrev>) has emerged as a powerful tool, due to its ability to automate and accelerate gradient-based operations, enabling “differentiable physics” by codifying the use of gradient information to optimize, correct, or control physical systems. At the core of <abbrev alt="Differentiable Programming">DP</abbrev> is the technique known as automatic differentiation (autodiff, <abbrev alt="Automatic Differentiation">AD</abbrev>) to compute partial derivatives of computer programs without the need to spell out explicit forms of said derivatives. Autodiff techniques enjoy great success in the fields of artificial intelligence and machine learning (<abbrev alt="machine learning">ML</abbrev>) thanks to proliferation of deep learning software frameworks such as Autograd, TensorFlow, JAX, and PyTorch (<xref ref-type="bibr" rid="ref-6">Baydin <italic>et al.</italic>, 2018</xref>). However, applications of <abbrev alt="Automatic Differentiation">AD</abbrev> in differentiable physics are largely untested at industrial scale, and <abbrev alt="machine learning">ML</abbrev> frameworks are rarely designed for, nor tested on, practical science and engineering <italic>systems</italic> (as opposed to single components).</p>
<p>We propose “Differentiable Physics Programming” (<abbrev alt="Differentiable Physics Programming">DPP</abbrev>), a system engineering approach to <abbrev alt="Automatic Differentiation">AD</abbrev>-driven, simulation-heavy pipelines, including but not limited to workflows within computational fluid dynamics (<abbrev alt="Computational Fluid Dynamics">CFD</abbrev>) and computer-aided engineering (<abbrev alt="Computer-aided Engineering">CAE</abbrev>). <abbrev alt="Differentiable Physics Programming">DPP</abbrev> composes heterogeneous, end-to-end differentiable pipelines from components such as physics simulations, differentiable meshers, solvers, and learned models. As such, <abbrev alt="Differentiable Physics Programming">DPP</abbrev> is a sub-field of Simulation Intelligence (<abbrev alt="Simulation Intelligence">SI</abbrev>) (<xref ref-type="bibr" rid="ref-15">Lavin <italic>et al.</italic>, 2021</xref>), where motifs from numerical simulation, scientific computing, and machine learning are combined to unlock fundamentally new possibilities for design and discovery in science and engineering.</p>
<p>To demonstrate <abbrev alt="Differentiable Physics Programming">DPP</abbrev> in action we leverage Tesseract, a software ecosystem that enables pipeline-level <abbrev alt="Automatic Differentiation">AD</abbrev> at real-world scale (<xref ref-type="bibr" rid="ref-18">Häfner &amp; Lavin, 2025</xref>). Tesseract resolves the above challenges via universal, autodiff-native software interfaces, containerization, and dataflow-based orchestration, built to be highly modular and interoperable with physics simulation tools and engineering data types. This allows scientists and engineers of diverse backgrounds to build complex workflows centered around simulation and data-driven surrogate models and propagate gradients throughout entire workflows, thus unleashing the potential of <abbrev alt="Automatic Differentiation">AD</abbrev> on end-to-end applications.</p>
<p>We give an overview of Tesseract’s software design and functionality, and demonstrate its utility on a non-trivial problem, showcasing the minimization of compliance of a parametric structure made of a linear elastic material through a physical solver. Our aim in developing Tesseract is to present the community with the tools necessary to realize the potential of <abbrev alt="Differentiable Physics Programming">DPP</abbrev> broadly, and to build the community that drives the development of said workflows.</p>
</sec>
<sec id="sec-2">
<label>2</label>
<title>The state of pipeline-level differentiable programming</title>
<p>Real-world pipelines often span diverse technologies, frameworks, computing environments (local vs. distributed clusters; CPU vs. GPU), and teams with varying expertise. Additionally, legacy systems and non-differentiable components often need to coexist with modern <abbrev alt="Automatic Differentiation">AD</abbrev>-enabled frameworks. This provides a unique set of challenges for building and maintaining differentiable pipelines fit for real-world applications.</p>
<p>To the best of our knowledge, modern scientific computing tools do not provide native support for service-level <abbrev alt="Automatic Differentiation">AD</abbrev>, limiting all autodiff processing to a single compute context or hand-implemented remote procedure calls, e.g. via an <abbrev alt="Automatic Differentiation">AD</abbrev>-native framework (such as JAX, TensorFlow, PyTorch, Julia) and a service layer that exposes gradient-specific endpoints. Crucially, there are no standardized gradient <abbrev alt="Application Programming Interface">API</abbrev>s on the level of REST/gRPC protocols, so all of these solutions for service-level <abbrev alt="Automatic Differentiation">AD</abbrev> require large efforts to define <abbrev alt="Automatic Differentiation">AD</abbrev>-relevant endpoints, input and output schemas, and glue code. Additionally, it is necessary to factor in orchestration of distributed gradient calculation jobs and workflows.</p>
<p>This severely constrains the ability for researchers to realize the potential of <abbrev alt="Differentiable Physics Programming">DPP</abbrev>, which is demonstrated in applications like NeuralGCM (<xref ref-type="bibr" rid="ref-16">Kochkov <italic>et al.</italic>, 2024</xref>) and solver-in-the-loop approaches (<xref ref-type="bibr" rid="ref-17">Um <italic>et al.</italic>, 2020</xref>). These early applications, while powerful, are typically confined to 2 independent components, and coupled in an ad hoc way<xref ref-type="fn" rid="fn-1">1</xref>. Better tooling and standardized interfaces are needed to enable the community to build complex, multi-step pipelines that can be easily shared and reused.</p>
<p>We are not the first to recognise this gap, and there are several examples in academic literature for solutions to distributed <abbrev alt="Automatic Differentiation">AD</abbrev>. <xref ref-type="bibr" rid="ref-11">Baker <italic>et al.</italic> (2021)</xref> proposes a technique for distributed training of deep neural networks that leverages
the outer-product structure of the gradient of a network layer. <xref ref-type="bibr" rid="ref-12">Rush <italic>et al.</italic> (2024)</xref> adopted <abbrev alt="Automatic Differentiation">AD</abbrev> to the context of federated learning of <abbrev alt="machine learning">ML</abbrev> models. <xref ref-type="bibr" rid="ref-13">Tang <italic>et al.</italic> (2023)</xref> considered the problem of differentiating computations expressed in relational databases. Nevertheless, even experimental support for pipeline-level <abbrev alt="Automatic Differentiation">AD</abbrev> is nascent, and it is remarkable that recent surveys on the state of <abbrev alt="Automatic Differentiation">AD</abbrev> do not consider it being an important research direction (<xref ref-type="bibr" rid="ref-14">Van Merriënboer <italic>et al.</italic> (2018)</xref>, <xref ref-type="bibr" rid="ref-6">Baydin <italic>et al.</italic> (2018)</xref>).</p>
</sec>
<sec id="sec-3">
<label>3</label>
<title>Tesseracts enable differentiable physics programming at scale</title>
<sec id="sec-4">
<label>3.1</label>
<title>What is a Tesseract</title>
<p>Tesseracts are components that allow scientists to expose experimental, research-grade software to the world. They are self-contained, self-documenting, and self-executing, via command line, HTTP, and Python interfaces. They are designed to be easy to create, easy to use, and easy to share, including in a production environment. Crucially, Tesseracts provide built-in support for propagating gradient information at the level of individual components, making it easy to build complex, diverse software pipelines that can be optimized end-to-end.</p>
<p>This functionality is implemented in Tesseract Core, the foundational library for defining and serving autodiff-capable components as containerized services. In its simplest form, every Tesseract is a functional compute unit that has a single entrypoint <monospace>apply</monospace>, which wraps a software functionality of the user’s choice. Other <abbrev alt="Application Programming Interface">API</abbrev> functions of a Tesseract relate to the operation implemented in <monospace>apply</monospace>, for example <monospace>input_schema</monospace> returns expected input structure and types, <monospace>jacobian</monospace> implements a derivative, and so forth. A Tesseract is usually – but not necessarily – built and distributed as a Docker image, which allows it to be run in any environment that supports Docker, including local machines, cloud platforms, and HPC clusters without explicit dependency management. Tesseracts can be run as standalone services, or composed into larger pipelines, which can be orchestrated using a variety of tools, such as Kubernetes, Airflow, or Prefect.</p>
<p>An overview of Tesseract creation process is depicted in <xref ref-type="fig" rid="figure-1">Figure 1</xref>.</p>
<fig id="figure-1">
<label>Figure 1:</label>
<caption>
<p>The process of defining, creating, and serving a Tesseract.</p>
</caption>
<graphic mimetype="image" mime-subtype="png" xlink:href="files/tesseract-scipy-1-5b8eea8b4368b8fb74681728cc8c1a42.png"/>
</fig>
</sec>
<sec id="sec-5">
<label>3.2</label>
<title>Scientific pipelines with Tesseract</title>
<p>Since all Tesseracts can be seen as standalone and stateless components that expose a handful of endpoints with fixed schemas, it is trivial to build pipelines connecting multiple Tesseracts, thus creating complex workflows. Multi-step computational workflows are very common across various branches of science. For example, a <abbrev alt="Computer-aided Engineering">CAE</abbrev> pipeline might include steps for generating geometry, meshing, simulation, and postprocessing. Data processing pipelines replace error-prone manual workflows with a structured, automated solution, improving reproducibility, quality, scalability, and collaboration.</p>
<p>To support native integration into JAX-based pipelines, we also provide Tesseract-JAX, which wraps Tesseract Core components as JAX-compatible primitives. This allows users to compose, differentiate, and jit-compile<xref ref-type="fn" rid="fn-2">2</xref> pipelines involving Tesseracts using standard JAX transformations like <monospace>grad</monospace>, <monospace>jit</monospace> and <monospace>vmap</monospace>. Crucially, this allows users to auto-differentiate entire pipelines that include Tesseracts with a single call to <monospace>jax.grad</monospace> (<xref ref-type="fig" rid="figure-2">Figure 2</xref>).</p>
<fig id="figure-2">
<label>Figure 2:</label>
<caption>
<p>The process of defining multi-tesseract pipelines with Tesseract-JAX.</p>
</caption>
<graphic mimetype="image" mime-subtype="png" xlink:href="files/tesseract-scipy-2-1803fbc8a355a50e855365eb24223bdd.png"/>
</fig>
<p>Several demonstrations of such pipelines already exist in Tesseract ecosystem:</p>
<list list-type="bullet">
<list-item>
<p><bold><ext-link ext-link-type="uri" xlink:href="https://github.com/pasteurlabs/tesseract-core/blob/7106bf39ae1e07f092e821741aea2b6a02a6d4f4/demo/data-assimilation-4dvar/demo.ipynb">4D-Variational data assimilation for a chaotic dynamical system</ext-link>.</bold> Using Tesseract Core, we hand-implement a data assimilation pipeline for a chaotic dynamical system. It exploits auto-differentiation capabilities of JAX to backpropagate gradients through the data generating process for efficient solution of the 4D-Variational problem.</p>
</list-item><list-item>
<p><bold><ext-link ext-link-type="uri" xlink:href="https://github.com/pasteurlabs/tesseract-jax/blob/a2f5a91e7d6f0381723dc99a47f5f08d3e76475b/examples/cfd/demo.ipynb">Gradient-based optimization of a differentiable CFD simulation</ext-link>.</bold> Uses Tesseract-JAX to automatically register Tesseracts as JAX-compatible functions, and performs optimization over them through a computational fluid dynamics (<abbrev alt="Computational Fluid Dynamics">CFD</abbrev>) simulation.</p>
</list-item>
</list>
<p>While illustrative, these examples are relatively simple and only contain a single Tesseract that is being differentiated in an optimization context. In practice, scientific pipelines are often more complex, involving multiple Tesseracts that need to be composed together and differentiated end-to-end. This is where Tesseract shines, as it allows users to build complex workflows that can be easily shared and reused.</p>
</sec>
<sec id="sec-6">
<label>3.3</label>
<title>Case study: Parametric shape optimization with differentiable <abbrev alt="Finite Element Method">FEM</abbrev> simulation</title>
<p>👉 See <ext-link ext-link-type="uri" xlink:href="/optimize">supplementary notebook</ext-link> for full case study 👈</p>
<p>We present a concrete demonstration for how the Tesseract ecosystem enables differentiable physics programing, in the form of a novel case study showcasing parametric end-to-end shape optimization of a geometric model with respect to its physical properties.</p>
<p>The pipeline consists of several steps:</p>
<list list-type="order">
<list-item>
<p><bold>Assemble</bold>: construct a parametric geometry using a standard 3D geometry library.</p>
</list-item><list-item>
<p><bold>Discretize</bold>: compute an SDF (signed distance field) on a fixed grid.</p>
</list-item><list-item>
<p><bold>Transform</bold>: apply a sigmoid function to transform the SDF into a density field.</p>
</list-item><list-item>
<p><bold>Solve</bold>: compute the compliance of the design via a finite element solver.</p>
</list-item>
</list>
<p>In this pipeline, steps (1)+(2) and (4) are implemented as Tesseract and containerized, while step (3) is implemented as a standard JAX function (<xref ref-type="fig" rid="figure-3">Figure 3</xref>).</p>
<fig id="figure-3">
<label>Figure 3:</label>
<caption>
<p>Data flow through a Tesseract-based pipeline for parametric shape optimization. Involves two separate Tesseracts: one for computing a signed distance field (SDF) from a parametric geometry, and another for computing the compliance of a structure given a density field via finite element analysis.
In the picture, the plots display the intermediate results and gradients which are passed between components, and the boxes with a Python or Tesseract logo represent the actual components that are implemented in Python or as a Tesseract in this demo. The primal evaluation, with solid green lines, is executed first, left-to-right, after which the backward pass, in dotted green lines, calculates the gradient of the the loss function with respect to the pipeline’s input parameters.</p>
</caption>
<graphic mimetype="image" mime-subtype="png" xlink:href="files/illustration-5e2d9cbb83ef661db5f2fc988b539f90.png"/>
</fig>
<p>Since the mapping from design parameters to SDF is done through an industry-standard geometric processing library (PyVista), it is not natively auto-differentiable. Therefore, we implement a custom Tesseract endpoint computing a vector-Jacobian product using finite differences. We then leverage Tesseract-JAX to assemble the full processing pipeline, and use the standard gradient computation function <monospace>jax.grad</monospace> to compute the total derivative of the objective (compliance) with respect to the design parameters. This allows us to apply gradient-based optimization methods to the design parameters, such as gradient descent or Adam.</p>
<p>We compare our solution with the free form topology optimization solution that is implemented in the jax-fem library (<xref ref-type="bibr" rid="ref-10">Xue <italic>et al.</italic>, 2023</xref>). We observe that our solution yields a structure that is strikingly similar to the free form topology optimization solution, even though in our case the design space is parametrized by a small number of parameters, and not solving an unconstrained topology optimization problem.</p>
<table>
<thead>
<tr><th>Parametric Optimization (Ours)</th><th>Free Form Topology Optimization (jax-fem example)</th></tr>
</thead>
<tbody>
<tr><td>
<graphic mimetype="image" mime-subtype="gif" xlink:href="files/rho_optim-fff1b530eee43fa79d90ae1229f785e6.gif"/></td><td>
<graphic mimetype="image" mime-subtype="gif" xlink:href="files/free_form-b643e090d084359f221eb72805236678.gif"/></td></tr>
</tbody>
</table>
<p>Despite being a synthetic example, this has line-of-sight to many important real-world applications, such as shape optimization of mechanical structures parametrized by a C<abbrev alt="Automatic Differentiation">AD</abbrev> model, or optimization of fluid flow through a complex geometry. Tesseract pipelines allow us to swap out toy components with real-world implementations, while keeping the overall structure of the pipeline intact.</p>
</sec>
<sec id="sec-7">
<label>3.4</label>
<title>Unique value-add</title>
<p>In a world without Tesseract, the above would be significantly more difficult for several reasons.</p>
<p><bold>Heterogeneity of gradient computation.</bold> In this pipeline some components rely on automatic differentiation, while others rely on finite differences. With Tesseracts, each component is free to implement its own gradient computation strategy, and the pipeline can be composed without knowledge about the details of each component.</p>
<p><bold>Modularity.</bold> The components of the pipeline are implemented as Tesseract components, which allows us to easily swap out components and reuse them in other pipelines. For example, we could replace the design space Tesseract relying on PyVista with one relying on OpenSC<abbrev alt="Automatic Differentiation">AD</abbrev>, or other commercial C<abbrev alt="Automatic Differentiation">AD</abbrev> software. This is evidenced in the compact representation of the pipeline in <xref ref-type="fig" rid="figure-2">Figure 2</xref>, which directly maps to the logical steps of the implemented process (<italic>assemble-discretize-transform-solve</italic> above).</p>
<p><bold>Dependency management.</bold> Tesseract components are containerized, which allows us to easily manage dependencies and ensure that the pipeline runs in a consistent environment, which greatly simplifies working with heavyweight scientific software like numerical solvers or graphics processing libraries.</p>
<p><bold>Computing resources.</bold> Tesseract components can be run on different computing resources, which allows us to easily scale the pipeline and run it on different machines. For example, we are able to run the finite element solver on a GPU machine and the design space Tesseract on a separate CPU node to make the most of available resources.</p>
</sec>
</sec>
<sec id="sec-8">
<label>4</label>
<title>Related work</title>
<p>Tesseracts offer a combination of containerised runtime for scientific computing and native <abbrev alt="Automatic Differentiation">AD</abbrev> capabilities. Considered separately, both these areas are rich with existing tools and frameworks.</p>
<p><bold>Containerised runtime.</bold> There are several projects that provide containerisedruntime infrastructure for scientific computations. Some, including <abbrev alt="machine learning">ML</abbrev>Server (<xref ref-type="bibr" rid="ref-4">Seldon, n.d.</xref>), Bento<abbrev alt="machine learning">ML</abbrev> (<xref ref-type="bibr" rid="ref-3">Yang <italic>et al.</italic>, n.d.</xref>), or Triton Inference Server (<xref ref-type="bibr" rid="ref-2">NVIDIA Corporation, n.d.</xref>), target primarily machine learning workloads. Other projects, such as UM-Bridge (<xref ref-type="bibr" rid="ref-1">Seelinger <italic>et al.</italic>, 2023</xref>) or Singularity (<xref ref-type="bibr" rid="ref-5">Kurtzer <italic>et al.</italic>, 2017</xref>), cover a broader scope of scientific domains. A key feature that separates Tesseract ecosystem from these project is its strong focus on gradient computation, and batteries-included approach to the entire <abbrev alt="Simulation Intelligence">SI</abbrev> component lifecycle.</p>
<p><bold>Automatic differentiation.</bold> Deep learning frameworks like PyTorch (<xref ref-type="bibr" rid="ref-8">Paszke <italic>et al.</italic>, 2017</xref>) and TensorFlow (<xref ref-type="bibr" rid="ref-7">Abadi <italic>et al.</italic>, 2016</xref>) implement <abbrev alt="Automatic Differentiation">AD</abbrev> and leverage it extensively for training of <abbrev alt="machine learning">ML</abbrev> models. <abbrev alt="Automatic Differentiation">AD</abbrev> is also one of the main features of JAX, a Python library for high performance numerical computing (<xref ref-type="bibr" rid="ref-9">Bradbury <italic>et al.</italic>, 2018</xref>), and JAX primitives strongly influenced the design of Tesseract’s <abbrev alt="Application Programming Interface">API</abbrev>. However, these frameworks support <abbrev alt="Automatic Differentiation">AD</abbrev> on a program level, which assumes that the entire program is locally available and traceable. While composite solutions are possible (e.g. combining an <abbrev alt="Automatic Differentiation">AD</abbrev>-capable backend with an HTTP service), there is no native support for distributed <abbrev alt="Automatic Differentiation">AD</abbrev>.</p>
<p>To the best of our knowledge, Tesseract is the first software project that combines these two areas as first-class citizens, and provides a comprehensive solution for building and deploying differentiable scientific computing pipelines.</p>
</sec>
<sec id="sec-9">
<label>5</label>
<title>Future work</title>
<p>The Tesseract ecosystem already supports a wide range of scientific and engineering workflows. However, not all envisioned use cases are sufficiently supported with tooling, validation, demonstration, and documentation. Ongoing work emphasizes several key directions to improve Tesseract’s applicability and usability in real-world scenarios.</p>
<p><bold>Distributed and cloud-native automatic differentiation.</bold> That is, gradient-based workflows that span multiple machines and heterogeneous environments, including HPC clusters and cloud platforms. This involves enabling remote gradient execution, efficient recomputation strategies, and distributed pipeline orchestration.</p>
<p><bold>Cross-framework integration.</bold> Many scientific pipelines today mix components from different programming ecosystems. Tesseracts enable end-to-end gradient propagation across JAX, PyTorch, Julia, and other tools—treating them as composable, <abbrev alt="Automatic Differentiation">AD</abbrev>-aware Tesseract components.</p>
<p><bold>Wrapping simulations behind unified, differentiable interfaces.</bold> Similar to frameworks like OpenAI Gymnasium, Tesseracts can serve as wrappers for expensive simulations—e.g., <abbrev alt="Computational Fluid Dynamics">CFD</abbrev> solvers, structural mechanics codes—that expose unified <abbrev alt="Application Programming Interface">API</abbrev>s along with gradient endpoints. This makes it easy to use classical simulation software within differentiable optimization or reinforcement learning pipelines.</p>
<p><bold>Interoperability in <abbrev alt="Computer-aided Engineering">CAE</abbrev> and beyond.</bold> Many domain-specific tools in <abbrev alt="Computer-aided Engineering">CAE</abbrev> are poorly integrated with <abbrev alt="Automatic Differentiation">AD</abbrev> tooling. Tesseracts are a natural fit to provide robust support for meshing, geometry processing, and legacy formats in differentiable workflows, allowing users to plug in existing <abbrev alt="Computer-aided Engineering">CAE</abbrev> pipelines without compromising engineering efficiency.</p>
<p><bold>Pipeline-level <abbrev alt="Differentiable Physics Programming">DPP</abbrev> for real-world applications.</bold> Ultimately, Tesseract aims to demonstrate the real-world viability of <abbrev alt="Differentiable Physics Programming">DPP</abbrev> across full scientific workflows. This includes hybrid pipelines that blend simulation and machine learning (e.g., surrogate modeling, control, inverse design), and stress-testing <abbrev alt="Differentiable Physics Programming">DPP</abbrev> tooling under realistic constraints.</p>
</sec>
<sec id="sec-10">
<label>6</label>
<title>Conclusions</title>
<p>The Tesseract ecosystem is born out of realization that modern autodiff tooling is limited in its scaling capabilities. Tesseracts demonstrate how this gap can be addressed by elevating the concept of derivative computation to the systems level.</p>
<p>In particular, the focus on composing modular components into end-to-end differentiable pipelines addresses a critical barrier in real-world scientific computing, where workflows often span multiple communities, frameworks, and computational environments. By containerizing components and standardizing interfaces, Tesseracts bridge the gap between specialized tools, legacy systems, research-grade software, and modern <abbrev alt="Automatic Differentiation">AD</abbrev> engines.</p>
</sec>
<sec id="sec-11">
<label>7</label>
<title>Further reading</title>
<list list-type="bullet">
<list-item>
<p><ext-link ext-link-type="uri" xlink:href="https://docs.pasteurlabs.ai/projects/tesseract-core/latest/">Tesseract documentation</ext-link>.</p>
</list-item><list-item>
<p><ext-link ext-link-type="uri" xlink:href="https://github.com/pasteurlabs/tesseract-core">Tesseract Core</ext-link> repository on GitHub.</p>
</list-item><list-item>
<p><ext-link ext-link-type="uri" xlink:href="https://si-tesseract.discourse.group/">Tesseract Community Forum</ext-link>; in particular, the <ext-link ext-link-type="uri" xlink:href="https://si-tesseract.discourse.group/c/showcase/11">showcase section</ext-link>.</p>
</list-item>
</list>
</sec>
</body>
<back>
<ref-list>
<ref id="ref-6">
<element-citation publication-type="journal">
<article-title>Automatic differentiation in machine learning: a survey</article-title>
<person-group person-group-type="author">
<name><surname>Baydin</surname><given-names>Atilim Gunes</given-names></name>
<name><surname>Pearlmutter</surname><given-names>Barak A</given-names></name>
<name><surname>Radul</surname><given-names>Alexey Andreyevich</given-names></name>
<name><surname>Siskind</surname><given-names>Jeffrey Mark</given-names></name>
</person-group><source>Journal of machine learning research</source><year iso-8601-date="2018">2018</year><volume>18</volume><issue>153</issue><fpage>1</fpage><lpage>43</lpage></element-citation>
</ref>
<ref id="ref-15">
<element-citation publication-type="journal">
<article-title>Simulation Intelligence: Towards a New Generation of Scientific Methods</article-title>
<person-group person-group-type="author">
<name><surname>Lavin</surname><given-names>Alexander</given-names></name>
<name><surname>Krakauer</surname><given-names>David</given-names></name>
<name><surname>Zenil</surname><given-names>Hector</given-names></name>
<name><surname>Gottschlich</surname><given-names>Justin</given-names></name>
<name><surname>Mattson</surname><given-names>Tim</given-names></name>
<name><surname>Brehmer</surname><given-names>Johann</given-names></name>
<name><surname>Anandkumar</surname><given-names>Anima</given-names></name>
<name><surname>Choudry</surname><given-names>Sanjay</given-names></name>
<name><surname>Rocki</surname><given-names>Kamil</given-names></name>
<name><surname>Baydin</surname><given-names>Atılım Güneş</given-names></name>
<name><surname>Prunkl</surname><given-names>Carina</given-names></name>
<name><surname>Paige</surname><given-names>Brooks</given-names></name>
<name><surname>Isayev</surname><given-names>Olexandr</given-names></name>
<name><surname>Peterson</surname><given-names>Erik</given-names></name>
<name><surname>McMahon</surname><given-names>Peter L.</given-names></name>
<name><surname>Macke</surname><given-names>Jakob</given-names></name>
<name><surname>Cranmer</surname><given-names>Kyle</given-names></name>
<name><surname>Zhang</surname><given-names>Jiaxin</given-names></name>
<name><surname>Wainwright</surname><given-names>Haruko</given-names></name>
<name><surname>Hanuka</surname><given-names>Adi</given-names></name>
<name><surname>Veloso</surname><given-names>Manuela</given-names></name>
<name><surname>Assefa</surname><given-names>Samuel</given-names></name>
<name><surname>Zheng</surname><given-names>Stephan</given-names></name>
<name><surname>Pfeffer</surname><given-names>Avi</given-names></name>
</person-group><source>arXiv preprint arXiv:2112.03235</source><year iso-8601-date="2021">2021</year><pub-id pub-id-type="doi">10.48550/arXiv.2112.03235</pub-id></element-citation>
</ref>
<ref id="ref-18">
<element-citation publication-type="journal">
<article-title>Tesseract Core: Universal, autodiff-native software components for Simulation Intelligence</article-title>
<person-group person-group-type="author">
<name><surname>Häfner</surname><given-names>Dion</given-names></name>
<name><surname>Lavin</surname><given-names>Alexander</given-names></name>
</person-group><source>Journal of Open Source Software</source><year iso-8601-date="2025">2025</year><pub-id pub-id-type="doi">10.21105/joss.08385</pub-id><volume>10</volume><issue>111</issue><fpage>8385</fpage></element-citation>
</ref>
<ref id="ref-16">
<element-citation publication-type="journal">
<article-title>Neural general circulation models for weather and climate</article-title>
<person-group person-group-type="author">
<name><surname>Kochkov</surname><given-names>Dmitrii</given-names></name>
<name><surname>Yuval</surname><given-names>Janni</given-names></name>
<name><surname>Langmore</surname><given-names>Ian</given-names></name>
<name><surname>Norgaard</surname><given-names>Peter</given-names></name>
<name><surname>Smith</surname><given-names>Jamie</given-names></name>
<name><surname>Mooers</surname><given-names>Griffin</given-names></name>
<name><surname>Klöwer</surname><given-names>Milan</given-names></name>
<name><surname>Lottes</surname><given-names>James</given-names></name>
<name><surname>Rasp</surname><given-names>Stephan</given-names></name>
<name><surname>Düben</surname><given-names>Peter</given-names></name>
<name><surname>Hatfield</surname><given-names>Sam</given-names></name>
<name><surname>Battaglia</surname><given-names>Peter</given-names></name>
<name><surname>Sanchez-Gonzalez</surname><given-names>Alvaro</given-names></name>
<name><surname>Willson</surname><given-names>Matthew</given-names></name>
<name><surname>Brenner</surname><given-names>Michael P.</given-names></name>
<name><surname>Hoyer</surname><given-names>Stephan</given-names></name>
</person-group><source>Nature</source><year iso-8601-date="2024">2024</year><pub-id pub-id-type="doi">10.1038/s41586-024-07744-y</pub-id><volume>632</volume><issue>8027</issue><fpage>1060</fpage><lpage>1066</lpage></element-citation>
</ref>
<ref id="ref-17">
<element-citation publication-type="journal">
<article-title>Solver-in-the-loop: Learning from differentiable physics to interact with iterative PDE-solvers</article-title>
<person-group person-group-type="author">
<name><surname>Um</surname><given-names>Kiwon</given-names></name>
<name><surname>Brand</surname><given-names>Robert</given-names></name>
<name><surname>Fei</surname><given-names>Yun Raymond</given-names></name>
<name><surname>Holl</surname><given-names>Philipp</given-names></name>
<name><surname>Thuerey</surname><given-names>Nils</given-names></name>
</person-group><source>Advances in neural information processing systems</source><year iso-8601-date="2020">2020</year><pub-id pub-id-type="doi">10.48550/arXiv.2007.00016</pub-id><volume>33</volume><fpage>6111</fpage><lpage>6122</lpage></element-citation>
</ref>
<ref id="ref-11">
<element-citation publication-type="journal">
<article-title>Peering beyond the gradient veil with distributed auto differentiation</article-title>
<person-group person-group-type="author">
<name><surname>Baker</surname><given-names>Bradley T</given-names></name>
<name><surname>Khanal</surname><given-names>Aashis</given-names></name>
<name><surname>Calhoun</surname><given-names>Vince D</given-names></name>
<name><surname>Pearlmutter</surname><given-names>Barak</given-names></name>
<name><surname>Plis</surname><given-names>Sergey M</given-names></name>
</person-group><source>arXiv preprint arXiv:2102.09631</source><year iso-8601-date="2021">2021</year></element-citation>
</ref>
<ref id="ref-12">
<element-citation publication-type="journal">
<article-title>Federated automatic differentiation</article-title>
<person-group person-group-type="author">
<name><surname>Rush</surname><given-names>Keith</given-names></name>
<name><surname>Charles</surname><given-names>Zachary</given-names></name>
<name><surname>Garrett</surname><given-names>Zachary</given-names></name>
</person-group><source>Journal of Machine Learning Research</source><year iso-8601-date="2024">2024</year><volume>25</volume><issue>357</issue><fpage>1</fpage><lpage>39</lpage></element-citation>
</ref>
<ref id="ref-13">
<element-citation publication-type="paper-conference">
<article-title>Auto-differentiation of relational computations for very large scale machine learning</article-title>
<person-group person-group-type="author">
<name><surname>Tang</surname><given-names>Yuxin</given-names></name>
<name><surname>Ding</surname><given-names>Zhimin</given-names></name>
<name><surname>Jankov</surname><given-names>Dimitrije</given-names></name>
<name><surname>Yuan</surname><given-names>Binhang</given-names></name>
<name><surname>Bourgeois</surname><given-names>Daniel</given-names></name>
<name><surname>Jermaine</surname><given-names>Chris</given-names></name>
</person-group><source>International Conference on Machine Learning</source><year iso-8601-date="2023">2023</year><fpage>33581</fpage><lpage>33598</lpage></element-citation>
</ref>
<ref id="ref-14">
<element-citation publication-type="journal">
<article-title>Automatic differentiation in ML: Where we are and where we should be going</article-title>
<person-group person-group-type="author">
<name><surname>Van Merriënboer</surname><given-names>Bart</given-names></name>
<name><surname>Breuleux</surname><given-names>Olivier</given-names></name>
<name><surname>Bergeron</surname><given-names>Arnaud</given-names></name>
<name><surname>Lamblin</surname><given-names>Pascal</given-names></name>
</person-group><source>Advances in neural information processing systems</source><year iso-8601-date="2018">2018</year><volume>31</volume></element-citation>
</ref>
<ref id="ref-10">
<element-citation publication-type="journal">
<article-title>JAX-FEM: A differentiable GPU-accelerated 3D finite element solver for automatic inverse design and mechanistic data science</article-title>
<person-group person-group-type="author">
<name><surname>Xue</surname><given-names>Tianju</given-names></name>
<name><surname>Liao</surname><given-names>Shuheng</given-names></name>
<name><surname>Gan</surname><given-names>Zhengtao</given-names></name>
<name><surname>Park</surname><given-names>Chanwook</given-names></name>
<name><surname>Xie</surname><given-names>Xiaoyu</given-names></name>
<name><surname>Liu</surname><given-names>Wing Kam</given-names></name>
<name><surname>Cao</surname><given-names>Jian</given-names></name>
</person-group><source>Computer Physics Communications</source><year iso-8601-date="2023">2023</year><pub-id pub-id-type="doi">10.1016/j.cpc.2023.108802</pub-id><fpage>108802</fpage></element-citation>
</ref>
<ref id="ref-4">
<element-citation publication-type="software">
<article-title>MLServer: An open source inference server for your machine learning models</article-title>
<person-group person-group-type="author">
<name><surname>Seldon</surname></name>
</person-group></element-citation>
</ref>
<ref id="ref-3">
<element-citation publication-type="software">
<article-title>BentoML: The framework for building reliable, scalable and cost-efficient AI application</article-title>
<person-group person-group-type="author">
<name><surname>Yang</surname><given-names>Chaoyu</given-names></name>
<name><surname>Sheng</surname><given-names>Sean</given-names></name>
<name><surname>Pham</surname><given-names>Aaron</given-names></name>
<name><surname>Zhao</surname><given-names>Shenyang</given-names></name>
<name><surname>Lee</surname><given-names>Sauyon</given-names></name>
<name><surname>Jiang</surname><given-names>Bo</given-names></name>
<name><surname>Dong</surname><given-names>Fog</given-names></name>
<name><surname>Guan</surname><given-names>Xipeng</given-names></name>
<name><surname>Ming</surname><given-names>Frost</given-names></name>
</person-group></element-citation>
</ref>
<ref id="ref-2">
<element-citation publication-type="software">
<article-title>Triton Inference Server: An Optimized Cloud and Edge Inferencing Solution</article-title>
<person-group person-group-type="author">
<name><surname>NVIDIA Corporation</surname></name>
</person-group></element-citation>
</ref>
<ref id="ref-1">
<element-citation publication-type="journal">
<article-title>UM-Bridge: Uncertainty quantification and modeling bridge</article-title>
<person-group person-group-type="author">
<name><surname>Seelinger</surname><given-names>Linus</given-names></name>
<name><surname>Cheng-Seelinger</surname><given-names>Vivian</given-names></name>
<name><surname>Davis</surname><given-names>Andrew</given-names></name>
<name><surname>Parno</surname><given-names>Matthew</given-names></name>
<name><surname>Reinarz</surname><given-names>Anne</given-names></name>
</person-group><source>Journal of Open Source Software</source><year iso-8601-date="2023">2023</year><pub-id pub-id-type="doi">10.21105/joss.04748</pub-id><volume>8</volume><issue>83</issue><fpage>4748</fpage></element-citation>
</ref>
<ref id="ref-5">
<element-citation publication-type="journal">
<article-title>Singularity: Scientific containers for mobility of compute</article-title>
<person-group person-group-type="author">
<name><surname>Kurtzer</surname><given-names>Gregory M</given-names></name>
<name><surname>Sochat</surname><given-names>Vanessa</given-names></name>
<name><surname>Bauer</surname><given-names>Michael W</given-names></name>
</person-group><source>PloS one</source><year iso-8601-date="2017">2017</year><pub-id pub-id-type="doi">10.1371/journal.pone.0177459</pub-id><volume>12</volume><issue>5</issue><fpage>e0177459</fpage></element-citation>
</ref>
<ref id="ref-8">
<element-citation publication-type="journal">
<article-title>Automatic differentiation in PyTorch</article-title>
<person-group person-group-type="author">
<name><surname>Paszke</surname><given-names>Adam</given-names></name>
<name><surname>Gross</surname><given-names>Sam</given-names></name>
<name><surname>Chintala</surname><given-names>Soumith</given-names></name>
<name><surname>Chanan</surname><given-names>Gregory</given-names></name>
<name><surname>Yang</surname><given-names>Edward</given-names></name>
<name><surname>DeVito</surname><given-names>Zachary</given-names></name>
<name><surname>Lin</surname><given-names>Zeming</given-names></name>
<name><surname>Desmaison</surname><given-names>Alban</given-names></name>
<name><surname>Antiga</surname><given-names>Luca</given-names></name>
<name><surname>Lerer</surname><given-names>Adam</given-names></name>
</person-group><source>Autodiff Workshop, NIPS</source><year iso-8601-date="2017">2017</year></element-citation>
</ref>
<ref id="ref-7">
<element-citation publication-type="paper-conference">
<article-title>TensorFlow: a system for Large-Scale machine learning</article-title>
<person-group person-group-type="author">
<name><surname>Abadi</surname><given-names>Martı́n</given-names></name>
<name><surname>Barham</surname><given-names>Paul</given-names></name>
<name><surname>Chen</surname><given-names>Jianmin</given-names></name>
<name><surname>Chen</surname><given-names>Zhifeng</given-names></name>
<name><surname>Davis</surname><given-names>Andy</given-names></name>
<name><surname>Dean</surname><given-names>Jeffrey</given-names></name>
<name><surname>Devin</surname><given-names>Matthieu</given-names></name>
<name><surname>Ghemawat</surname><given-names>Sanjay</given-names></name>
<name><surname>Irving</surname><given-names>Geoffrey</given-names></name>
<name><surname>Isard</surname><given-names>Michael</given-names></name>
<name><surname>others</surname></name>
</person-group><source>12th USENIX symposium on operating systems design and implementation (OSDI 16)</source><year iso-8601-date="2016">2016</year><fpage>265</fpage><lpage>283</lpage></element-citation>
</ref>
<ref id="ref-9">
<element-citation publication-type="software">
<article-title>JAX: composable transformations of Python+NumPy programs</article-title>
<person-group person-group-type="author">
<name><surname>Bradbury</surname><given-names>James</given-names></name>
<name><surname>Frostig</surname><given-names>Roy</given-names></name>
<name><surname>Hawkins</surname><given-names>Peter</given-names></name>
<name><surname>Johnson</surname><given-names>Matthew James</given-names></name>
<name><surname>Leary</surname><given-names>Chris</given-names></name>
<name><surname>Maclaurin</surname><given-names>Dougal</given-names></name>
<name><surname>Necula</surname><given-names>George</given-names></name>
<name><surname>Paszke</surname><given-names>Adam</given-names></name>
<name><surname>VanderPlas</surname><given-names>Jake</given-names></name>
<name><surname>Wanderman-Milne</surname><given-names>Skye</given-names></name>
<name><surname>Zhang</surname><given-names>Qiao</given-names></name>
</person-group><year iso-8601-date="2018">2018</year></element-citation>
</ref>
</ref-list>
<fn-group><fn id="fn-1">
<label>1</label>
<p>The solver-in-the-loop code is pure python, see an example pipeline <ext-link ext-link-type="uri" xlink:href="https://github.com/tum-pbs/Solver-in-the-Loop/blob/f514fcf53c5c955677fb9cbe24c3a17606eef5eb/karman-2d/karman_apply.py#L139">here</ext-link>; components cannot be reused without knowledge over the specific details of their interface and installing all dependencies locally. NeuralGCM instead ships two separate components: the dynamical core of their physical simulation <ext-link ext-link-type="uri" xlink:href="https://github.com/neuralgcm/dinosaur">Dinosaur</ext-link> and the learned parts <ext-link ext-link-type="uri" xlink:href="https://github.com/neuralgcm/neuralgcm/blob/df10438b41e38c41f7e34ba13dc698c699585ad2/neuralgcm/legacy/api.py#L176">PressureLevelModel</ext-link>, both written in JAX.</p>
</fn><fn id="fn-2">
<label>2</label>
<p>In this context, with “jittable” we imply that JAX does not throw errors when Tesseracts are wrapped with <monospace>jax.jit</monospace>, although no actual compilation of internal Tesseract code is happening. This is still useful, as it allows users to mix and match Tesseract computations with JAX code in the same functional block. Inner components of Tesseracts may be JIT compiled separately if using JAX internally.</p>
</fn></fn-group>
</back>
<sub-article id="optimize">
<front-stub>
<title-group>
<article-title>Case study: Pipeline-level differentiable programming demo</article-title>
</title-group>
<contrib-group>
<contrib contrib-type="author" corresp="yes" equal-contrib="yes">
<contrib-id contrib-id-type="orcid">https://orcid.org/0009-0001-6002-5096</contrib-id>
<name name-style="western"><surname>Rehmann</surname><given-names>Andrin</given-names></name>
<xref ref-type="aff" rid="aff-4"/>
<email>andrin.rehmann@simulation.science</email>
</contrib>
<contrib contrib-type="author" equal-contrib="yes">
<contrib-id contrib-id-type="orcid">https://orcid.org/0000-0002-4465-7317</contrib-id>
<name name-style="western"><surname>Häfner</surname><given-names>Dion</given-names></name>
<xref ref-type="aff" rid="aff-4"/>
<email>dion.haefner@simulation.science</email>
</contrib>
<contrib contrib-type="author">
<contrib-id contrib-id-type="orcid">https://orcid.org/0000-0003-4653-8036</contrib-id>
<name name-style="western"><surname>Angioi</surname><given-names>Alessandro</given-names></name>
<xref ref-type="aff" rid="aff-4"/>
<email>alessandro.angioi@simulation.science</email>
</contrib>
<contrib contrib-type="author">
<contrib-id contrib-id-type="orcid">https://orcid.org/0000-0002-9941-3977</contrib-id>
<name name-style="western"><surname>Qu</surname><given-names>Yongquan</given-names></name>
<xref ref-type="aff" rid="aff-4"/><xref ref-type="aff" rid="aff-5"/><xref ref-type="aff" rid="aff-6"/>
<email>yongquan.qu@simulation.science</email>
</contrib>
<contrib contrib-type="author">
<contrib-id contrib-id-type="orcid">https://orcid.org/0000-0002-3703-8163</contrib-id>
<name name-style="western"><surname>Paleyes</surname><given-names>Andrei</given-names></name>
<xref ref-type="aff" rid="aff-4"/>
<email>andrei.paleyes@simulation.science</email>
</contrib>
</contrib-group>
<aff id="aff-4">
<institution-wrap>
<institution>Pasteur Labs, Brooklyn, NY, USA</institution>
</institution-wrap>
</aff>
<aff id="aff-5">
<institution-wrap>
<institution>Columbia University, Manhattan, NY, USA</institution>
</institution-wrap>
</aff>
<aff id="aff-6">
<institution-wrap>
<institution>NSF Center for Learning the Earth with Artificial Intelligence and Physics, Manhattan, NY, USA</institution>
</institution-wrap>
</aff>
</front-stub>
<body>
<sec id="sec-12" sec-type="notebook-content">
<sec id="sec-13">
<label>1</label>
<title>Parametric shape optimization with differentiable <abbrev alt="Finite Element Method">FEM</abbrev> simulation</title>
<p>In this notebook, we explore the optimization of a parametric structure made of a linear elastic material. The structure is parametrized by N bars, each of which has M piecewise linear segments. We seek the ideal configuration of the <inline-formula><alternatives><mml:math display="inline"><mml:mi>y</mml:mi></mml:math><tex-math><![CDATA[y]]></tex-math></alternatives></inline-formula>-coordinates of the vertices that connect those bar segments. This notebook is based on the <ext-link ext-link-type="uri" xlink:href="https://github.com/deepmodeling/jax-fem/tree/main/demos/topology_optimization">2D topology optimization example</ext-link> from <monospace>jax-fem</monospace>, but we solve the problem using a parametric approach instead.</p>
<p><bold>That is, we use end-to-end automatic differentiation (<abbrev alt="Automatic Differentiation">AD</abbrev>) through several components to optimize the design variables directly with respect to (simulated) performance of the design.</bold></p>
<p>The design space is defined using a geometry library called PyVista, which does not support automatic differentiation. However, we can enable differentiability of this operation by using a finite difference approximation of the Jacobian matrix.</p>
<p>We denote the design space as a function <inline-formula><alternatives><mml:math display="inline"><mml:mi>g</mml:mi></mml:math><tex-math><![CDATA[g]]></tex-math></alternatives></inline-formula> that maps the design variables to a signed distance field. Then, we can then define the density field <inline-formula><alternatives><mml:math display="inline"><mml:mi>ρ</mml:mi><mml:mo stretchy="false">(</mml:mo><mml:mi mathvariant="bold">x</mml:mi><mml:mo stretchy="false">)</mml:mo></mml:math><tex-math><![CDATA[\rho(\mathbf{x})]]></tex-math></alternatives></inline-formula> as a function of the SDF value <inline-formula><alternatives><mml:math display="inline"><mml:mi>g</mml:mi><mml:mo stretchy="false">(</mml:mo><mml:mi mathvariant="bold">x</mml:mi><mml:mo stretchy="false">)</mml:mo></mml:math><tex-math><![CDATA[g(\mathbf{x})]]></tex-math></alternatives></inline-formula>. Finally we denote the differentiable finite element method (<abbrev alt="Finite Element Method">FEM</abbrev>) solver as <inline-formula><alternatives><mml:math display="inline"><mml:mi>f</mml:mi></mml:math><tex-math><![CDATA[f]]></tex-math></alternatives></inline-formula>, which takes the density field as input and returns the structure’s compliance.  Therefore, the optimization problem can be formulated as follows:</p>
<disp-formula id="eq-1">
<alternatives><mml:math display="block"><mml:munder><mml:mrow><mml:mi>min</mml:mi><mml:mo>⁡</mml:mo></mml:mrow><mml:mi>θ</mml:mi></mml:munder><mml:mi>f</mml:mi><mml:mo stretchy="false">(</mml:mo><mml:mi>ρ</mml:mi><mml:mo stretchy="false">(</mml:mo><mml:mi>g</mml:mi><mml:mo stretchy="false">(</mml:mo><mml:mi>θ</mml:mi><mml:mo stretchy="false">)</mml:mo><mml:mo stretchy="false">)</mml:mo><mml:mo stretchy="false">)</mml:mo><mml:mi mathvariant="normal">.</mml:mi></mml:math><tex-math><![CDATA[\min_{\theta} f(\rho(g(\theta))).]]></tex-math></alternatives>
<label>(1)</label>
</disp-formula>
<p>Here, <inline-formula><alternatives><mml:math display="inline"><mml:mi>θ</mml:mi></mml:math><tex-math><![CDATA[\theta]]></tex-math></alternatives></inline-formula> is the vector of design variables (the <inline-formula><alternatives><mml:math display="inline"><mml:mi>y</mml:mi></mml:math><tex-math><![CDATA[y]]></tex-math></alternatives></inline-formula>-coordinates of the vertices).</p>
</sec>
</sec>
<sec id="sec-14" sec-type="notebook-content">
<sec id="sec-15">
<label>2</label>
<title><abbrev alt="Automatic Differentiation">AD</abbrev> and Tesseracts</title>
<graphic mimetype="image" mime-subtype="png" xlink:href="files/illustration-5e2d9cbb83ef661db5f2fc988b539f90.png"/><p>Since we want use a gradient based optimizer, we need to compute the gradient of the compliance with respect to the design variables. Hence we are interested in the following derivative:</p>
<disp-formula id="eq-2">
<alternatives><mml:math display="block"><mml:mfrac><mml:mrow><mml:mi mathvariant="normal">∂</mml:mi><mml:mi>f</mml:mi></mml:mrow><mml:mrow><mml:mi mathvariant="normal">∂</mml:mi><mml:mi>θ</mml:mi></mml:mrow></mml:mfrac><mml:mo>=</mml:mo><mml:mfrac><mml:mrow><mml:mi mathvariant="normal">∂</mml:mi><mml:mi>f</mml:mi></mml:mrow><mml:mrow><mml:mi mathvariant="normal">∂</mml:mi><mml:mi>ρ</mml:mi></mml:mrow></mml:mfrac><mml:mo>⋅</mml:mo><mml:mfrac><mml:mrow><mml:mi mathvariant="normal">∂</mml:mi><mml:mi>ρ</mml:mi></mml:mrow><mml:mrow><mml:mi mathvariant="normal">∂</mml:mi><mml:mi>g</mml:mi></mml:mrow></mml:mfrac><mml:mo>⋅</mml:mo><mml:mfrac><mml:mrow><mml:mi mathvariant="normal">∂</mml:mi><mml:mi>g</mml:mi></mml:mrow><mml:mrow><mml:mi mathvariant="normal">∂</mml:mi><mml:mi>θ</mml:mi></mml:mrow></mml:mfrac></mml:math><tex-math><![CDATA[\frac{\partial f}{\partial\theta} = \frac{\partial f}{\partial \rho} \cdot \frac{\partial \rho}{\partial g} \cdot \frac{\partial g}{\partial\theta}]]></tex-math></alternatives>
<label>(2)</label>
</disp-formula>
<p>Note that each term is a (Jacobian) matrix. With modern <abbrev alt="Automatic Differentiation">AD</abbrev> libraries such as <ext-link ext-link-type="uri" xlink:href="https://github.com/jax-ml/jax">JAX</ext-link>, backpropagation uses the vector-Jacobian-product to pull back the gradients over the entire pipeline, without ever materializing Jacobian matrices. This is a powerful feature, but it typically requires that the entire pipeline is implemented in a single monolithic application – which can be cumbersome and error-prone, and does not scale well to large applications or compute needs.</p>
<p>With Tesseracts, we wrap each function in a separate module and then compose them together. To enable differentiability, we also define <abbrev alt="Automatic Differentiation">AD</abbrev>-relevant endpoints, such as the vector-Jacobian product, inside each Tesseract module (<monospace>tesseract_api.py</monospace>).</p>
<p>To learn more about building and running Tesseracts, please refer to the <ext-link ext-link-type="uri" xlink:href="https://docs.pasteurlabs.ai/projects/tesseract-core/latest/">Tesseract documentation</ext-link>.</p>
</sec>
<sec id="sec-16">
<label>3</label>
<title>Setup</title>
<p>Let’s install the required packages and build the two Tesseract images. Building the Tesseracts can take a few minutes as they are Docker containers with quite a few dependencies.</p>
</sec>
</sec>
<sec id="sec-17" sec-type="notebook-code">
<code language="python" executable="yes"># Install additional requirements for this notebook
%pip install -r requirements.txt -q --isolated</code>
<sec sec-type="notebook-output">
<alternatives><media specific-use="stream" mimetype="text" mime-subtype="plain" xlink:href="files/7023967b7e803274cc3bbcaa08a1e8b1.txt"/></alternatives>
</sec>
</sec>
<sec id="sec-18" sec-type="notebook-code">
<code language="python" executable="yes">import tesseract_core

tesseract_core.build_tesseract("design_tess", "latest")
tesseract_core.build_tesseract("fem_tess", "latest")
print("Tesseract built successfully.")</code>
<sec sec-type="notebook-output">
<alternatives><media specific-use="stream" mimetype="text" mime-subtype="plain" xlink:href="files/33d31855a0b4efa8acdc3d81448d1333.txt"/></alternatives>
</sec>
</sec>
<sec id="sec-19" sec-type="notebook-content">
<sec id="sec-20">
<label>4</label>
<title>Design Space Tesseract</title>
<p>First, let’s import the Tesseract Core library and start a server for the design space Tesseract, which is equivalent to the function <inline-formula><alternatives><mml:math display="inline"><mml:mi>g</mml:mi></mml:math><tex-math><![CDATA[g]]></tex-math></alternatives></inline-formula> in the equation above.</p>
</sec>
</sec>
<sec id="sec-21" sec-type="notebook-code">
<code language="python" executable="yes">import matplotlib.pyplot as plt
import jax.numpy as jnp
from tesseract_core import Tesseract</code>
</sec>
<sec id="sec-22" sec-type="notebook-code">
<code language="python" executable="yes">design_tess = Tesseract.from_image("design-tube-sdf")
design_tess.serve()</code>
</sec>
<sec id="sec-23" sec-type="notebook-content">
<p>Now we can setup the parameters for the design space and apply the design Tesseract. The Tesseract constructs a 3D geometry using PyVista and computes its signed distance field (SDF).</p>
</sec>
<sec id="sec-24" sec-type="notebook-code">
<code language="python" executable="yes">n_chains = 4
n_edges_per_chain = 5
bar_radius = 1.0

Lx = 60
Ly = 30
Nx = 120
Ny = 60

# Initialize chain parameter array
initial_params = jnp.zeros((n_chains, n_edges_per_chain + 1, 3), dtype=jnp.float32)

for chain in range(n_chains):
    initial_params = initial_params.at[chain, :, 0].set(
        jnp.linspace(-Lx / 2, Lx / 2, n_edges_per_chain + 1)
    )

    # add an offset
    initial_params = initial_params.at[chain, :, 1].set(chain / n_chains * 10.0 - 5.0)

sdf = design_tess.apply(
    {
        "bar_params": initial_params,
        "bar_radius": bar_radius,
        "Lx": Lx,
        "Ly": Ly,
        "Nx": Nx,
        "Ny": Ny,
        "epsilon": 1e-3,  # epsilon, only used for FD of the jacobian
    }
)["sdf"]

print("SDF shape:", sdf.shape)</code>
<sec sec-type="notebook-output">
<alternatives><media specific-use="stream" mimetype="text" mime-subtype="plain" xlink:href="files/eb085ba92748ce7f9e7786a24ec04349.txt"/></alternatives>
</sec>
</sec>
<sec id="sec-25" sec-type="notebook-content">
<p>To better understand what’s going on, let’s import some internal functions from the design Tesseract, and visualize the structure and its SDF field.</p>
</sec>
<sec id="sec-26" sec-type="notebook-code">
<code language="python" executable="yes">from design_tess.tesseract_api import build_geometry, compute_sdf
import pyvista as pv


def visualize(params, interactive=False):
    """Visualize the geometry defined by the parameters."""
    geometries = build_geometry(
        params,
        radius=bar_radius,
    )
    geometry = sum(geometries, start=pv.PolyData())
    sdf = compute_sdf(params, radius=bar_radius, Lx=Lx, Ly=Ly, Nx=Nx, Ny=Ny)
    isoval = sdf.contour(isosurfaces=[0.0], scalars="implicit_distance")

    plotter = pv.Plotter()
    plotter.add_mesh(geometry, color="lightblue", show_edges=True, edge_color="black")
    plotter.add_mesh(
        sdf, scalars="implicit_distance", cmap="coolwarm", show_edges=False
    )
    plotter.add_mesh(isoval, color="red", show_edges=True, line_width=2)

    if interactive:
        plotter.show()
    else:
        img = plotter.screenshot(return_img=True, scale=2, transparent_background=True)
        plt.figure(figsize=(10, 8))
        plt.axis("off")
        plt.imshow(img)
        plt.tight_layout()


visualize(initial_params)</code>
<sec sec-type="notebook-output">
<alternatives>
<graphic specific-use="print" mimetype="image" mime-subtype="png" xlink:href="files/45b200f8882c47885138f5955b2f584a.png"/><media specific-use="text" mimetype="text" mime-subtype="plain" xlink:href="files/e34366f684b875b0f26521cbcb4b85c0.txt"/></alternatives>
</sec>
</sec>
<sec id="sec-27" sec-type="notebook-content">
<p>Instead of calling the apply endpoint we can also call the vector-Jacobian product endpoint which is used for backpropagation (also called reverse-mode <abbrev alt="Automatic Differentiation">AD</abbrev>). This endpoint computes the derivative of the SDF with respect to the design variables, which is useful for gradient-based optimization. Hence we set the <monospace>vjp_inputs</monospace> to <monospace>bar_params</monospace> and the <monospace>vjp_outputs</monospace> to <monospace>sdf</monospace>, to indicate that we want to differentiate the SDF with respect to the shape parameters.</p>
</sec>
<sec id="sec-28" sec-type="notebook-code">
<code language="python" executable="yes">grad = design_tess.vector_jacobian_product(
    inputs={
        "bar_params": initial_params,
        "bar_radius": bar_radius,
        "Lx": Lx,
        "Ly": Ly,
        "Nx": Nx,
        "Ny": Ny,
        "epsilon": 1e-3,  # epsilon, only used for FD of the jacobian
    },
    vjp_inputs=["bar_params"],
    vjp_outputs=["sdf"],
    cotangent_vector={"sdf": jnp.ones((Nx, Ny), dtype=jnp.float32)},
)["bar_params"]

print("Gradient shape:", grad.shape)</code>
<sec sec-type="notebook-output">
<alternatives><media specific-use="stream" mimetype="text" mime-subtype="plain" xlink:href="files/7110359afbb7933ac8d038eb10a91880.txt"/></alternatives>
</sec>
</sec>
<sec id="sec-29" sec-type="notebook-content">
<p>Above we manually supplied all the relevant information regarding the VJP inputs, outputs, and cotangent vector. To make this easier, we can use the <ext-link ext-link-type="uri" xlink:href="https://github.com/pasteurlabs/tesseract-jax">Tesseract-JAX</ext-link> library. Tesseract-JAX automatically registers Tesseracts as JAX primitives, which allows us to use JAX as an <abbrev alt="Automatic Differentiation">AD</abbrev> engine over functions that mix and match Tesseracts with regular JAX code. We can see this in action by using the <monospace>jax.vjp</monospace> function over <monospace>tesseract_jax.apply_tesseract</monospace>.</p>
</sec>
<sec id="sec-30" sec-type="notebook-code">
<code language="python" executable="yes">from tesseract_jax import apply_tesseract
import jax

primal, vjp_fun = jax.vjp(
    lambda params: apply_tesseract(
        design_tess,
        {
            "bar_params": params,
            "bar_radius": bar_radius,
            "Lx": Lx,
            "Ly": Ly,
            "Nx": Nx,
            "Ny": Ny,
            "epsilon": 0.01,  # Smoothing parameter for SDF computation
        },
    )["sdf"],
    initial_params,
)

grad = vjp_fun(jnp.ones((Nx, Ny), dtype=jnp.float32))[0]

print("Gradient shape:", grad.shape)</code>
<sec sec-type="notebook-output">
<alternatives><media specific-use="stream" mimetype="text" mime-subtype="plain" xlink:href="files/7110359afbb7933ac8d038eb10a91880.txt"/></alternatives>
</sec>
</sec>
<sec id="sec-31" sec-type="notebook-content">
<sec id="sec-32">
<label>5</label>
<title>SDF to Density Field</title>
<p>Now that we have the signed distance field (SDF) from the design space, we can proceed to compute the <italic>density field</italic>, which is what the <abbrev alt="Finite Element Method">FEM</abbrev> solver expects. That is, we need to define a function <inline-formula><alternatives><mml:math display="inline"><mml:mi>ρ</mml:mi></mml:math><tex-math><![CDATA[\rho]]></tex-math></alternatives></inline-formula> that maps the SDF to a density value. This function needs to be smooth and differentiable to ensure that the optimization process can effectively navigate the design space. We use a parametrized sigmoid function, which ensures that the density values are bounded between 0 and 1. Here, <inline-formula><alternatives><mml:math display="inline"><mml:mi>s</mml:mi></mml:math><tex-math><![CDATA[s]]></tex-math></alternatives></inline-formula> is the slope of the sigmoid and <inline-formula><alternatives><mml:math display="inline"><mml:mi>ε</mml:mi></mml:math><tex-math><![CDATA[\varepsilon]]></tex-math></alternatives></inline-formula> is the offset. The parameters <inline-formula><alternatives><mml:math display="inline"><mml:mi>s</mml:mi></mml:math><tex-math><![CDATA[s]]></tex-math></alternatives></inline-formula> and <inline-formula><alternatives><mml:math display="inline"><mml:mi>ε</mml:mi></mml:math><tex-math><![CDATA[\varepsilon]]></tex-math></alternatives></inline-formula> can be adjusted to control the steepness and position of the transition between 0 and 1 in the density field.</p>
<disp-formula id="eq-3">
<alternatives><mml:math display="block"><mml:mi>ρ</mml:mi><mml:mo stretchy="false">(</mml:mo><mml:mtext>SDF</mml:mtext><mml:mo stretchy="false">)</mml:mo><mml:mo>=</mml:mo><mml:mfrac><mml:mn>1</mml:mn><mml:mrow><mml:mn>1</mml:mn><mml:mo>+</mml:mo><mml:msup><mml:mi>e</mml:mi><mml:mrow><mml:mi>s</mml:mi><mml:mo>⋅</mml:mo><mml:mtext>SDF</mml:mtext><mml:mo>−</mml:mo><mml:mi>ε</mml:mi></mml:mrow></mml:msup></mml:mrow></mml:mfrac></mml:math><tex-math><![CDATA[\rho(\text{SDF}) = \frac{1}{1 + e^{s \cdot \text{SDF} - \varepsilon}}]]></tex-math></alternatives>
<label>(3)</label>
</disp-formula>
<p>Since this function is straightforward to implement, we can directly use the JAX library to define it.</p>
</sec>
</sec>
<sec id="sec-33" sec-type="notebook-code">
<code language="python" executable="yes">def sdf_to_rho(
    sdf: jnp.ndarray, scale: float = 4.0, offset: float = 1.0
) -&gt; jnp.ndarray:
    """
    Convert signed distance function to material density using sigmoid.

    Args:
        sdf: Signed distance function values.
        scale: Sigmoid steepness (higher = sharper transition).
        offset: SDF value where density = 0.5.

    Returns:
        Material density field in [0,1].
    """
    return 1 / (1 + jnp.exp(scale * sdf - offset))</code>
</sec>
<sec id="sec-34" sec-type="notebook-content">
<p>To verify the conversion, we can visualize the density field:</p>
</sec>
<sec id="sec-35" sec-type="notebook-code">
<code language="python" executable="yes">rho = sdf_to_rho(sdf)
fig, ax = plt.subplots(figsize=(10, 5))
im = ax.imshow(rho.T, origin="lower", cmap="viridis", vmin=0, vmax=1)
ax.set_title("Density Field (rho)")
ax.set_xlabel("x")
ax.set_ylabel("y")
plt.colorbar(im, ax=ax, label="Density value")
plt.tight_layout()</code>
<sec sec-type="notebook-output">
<alternatives>
<graphic specific-use="print" mimetype="image" mime-subtype="png" xlink:href="files/350e86fe17efa13eb5857358ad833b4a.png"/><media specific-use="text" mimetype="text" mime-subtype="plain" xlink:href="files/37fa15fcaae9bfc627348b096cd94fa8.txt"/></alternatives>
</sec>
</sec>
<sec id="sec-36" sec-type="notebook-content">
<sec id="sec-37">
<label>6</label>
<title><abbrev alt="Finite Element Method">FEM</abbrev> Tesseract</title>
<p>Now that we have a density field, we compute the <italic>compliance</italic> of the structure (~stiffness against deformation). That is, we find the most stable configuration of the structure under a given load. The compliance is computed using a finite element method (<abbrev alt="Finite Element Method">FEM</abbrev>) solver, which is implemented in the <abbrev alt="Finite Element Method">FEM</abbrev> Tesseract. The <abbrev alt="Finite Element Method">FEM</abbrev> Tesseract takes the density field as input and returns the compliance of the structure.</p>
<p>The compliance Tesseract is using the jax-fem finite element library, which is fully auto-differentiable. Inside the Tesseract the boundary conditions are already hard coded, where the entire left side is subject to a Dirichlet boundary condition and bottom right side to a Neumann boundary condition.</p>
</sec>
</sec>
<sec id="sec-38" sec-type="notebook-code">
<code language="python" executable="yes">fem_tess = Tesseract.from_image("structure-jax-fem")
fem_tess.serve()</code>
</sec>
<sec id="sec-39" sec-type="notebook-code">
<code language="python" executable="yes">compliance = apply_tesseract(
    fem_tess,
    {
        "rho": jnp.reshape(rho, (Nx * Ny, 1)),
        "Lx": Lx,
        "Ly": Ly,
        "Nx": Nx,
        "Ny": Ny,
    },
)["compliance"]
print(f"Compliance: {compliance:.4f}")</code>
<sec sec-type="notebook-output">
<alternatives><media specific-use="stream" mimetype="text" mime-subtype="plain" xlink:href="files/d0398ae4bdd095eca4d31edf14e9d330.txt"/></alternatives>
</sec>
</sec>
<sec id="sec-40" sec-type="notebook-content">
<sec id="sec-41">
<label>7</label>
<title>Gradient-based parametric shape optimization</title>
<p>Now that we have all the components of the pipeline, we can compose them together and define the loss function for the optimization. The loss function is simply the compliance of the structure, which we can compute by applying the <abbrev alt="Finite Element Method">FEM</abbrev> Tesseract to the density field obtained from the design space Tesseract.</p>
<p><bold>This function looks trivial, but it is actually a complex pipeline that involves several components, each of which is differentiable.</bold> The complexity is hidden behind the Tesseract implementation, which allows us to compose the components together and use them as a single function, without worrying about the details of the implementation.</p>
</sec>
</sec>
<sec id="sec-42" sec-type="notebook-code">
<code language="python" executable="yes">def loss(params: jnp.ndarray) -&gt; float:
    """
    Compute structural compliance for given bar parameters.

    Args:
        params: Bar parameter array with shape (n_chains, n_nodes, 3).

    Returns:
        Structural compliance (scalar). Lower values indicate better performance.
    """

    # -- Tess 1 (design) --
    # Generate signed distance field from design parameters
    sdf = apply_tesseract(
        design_tess,
        {
            "bar_params": params,
            "bar_radius": bar_radius,
            "Lx": Lx,
            "Ly": Ly,
            "Nx": Nx,
            "Ny": Ny,
            "epsilon": 1e-4,  # epsilon for finite difference
        },
    )["sdf"]

    # -- Local JAX code --
    # Convert SDF to material density distribution
    rho = sdf_to_rho(sdf)

    # -- Tess 2 (FEM) --
    # Compute structural compliance via finite element analysis
    compliance = apply_tesseract(
        fem_tess,
        {
            "rho": jnp.reshape(rho, (Nx * Ny, 1)),  # Flatten for FEM solver
            "Lx": Lx,
            "Ly": Ly,
            "Nx": Nx,
            "Ny": Ny,
        },
    )["compliance"]
    return compliance</code>
</sec>
<sec id="sec-43" sec-type="notebook-content">
<p>Now we can use JAX’s <monospace>grad</monospace> function to compute the gradient of the compliance with respect to the design variables. We use a simple gradient descent optimizer to perform the optimization towards a local minimum. This is not a very sophisticated optimization approach, but it serves as a good starting point. The optimization process will take a few minutes to run.</p>
</sec>
<sec id="sec-44" sec-type="notebook-code">
<code language="python" executable="yes">import optax

solver = optax.sgd(1e-2, momentum=0.9)
opt_state = solver.init(initial_params)

params = initial_params.copy()
loss_hist = []
params_hist = []

grad_fn = jax.jit(jax.value_and_grad(loss))

for i in range(40):
    loss_value, grads = grad_fn(params)
    updates, opt_state = solver.update(
        grads, opt_state, params, value=loss_value, grad=grads, value_fn=loss
    )
    params = optax.apply_updates(params, updates)

    # Ensure parameters are within bounds
    params = params.at[..., 1].set(
        jnp.clip(params[..., 1], -Ly / 2 + bar_radius, Ly / 2 - bar_radius)
    )

    loss_hist.append(loss_value)
    params_hist.append(params)

    print(f"Iteration {i + 1}, Loss: {loss_value:.2f}")</code>
<sec sec-type="notebook-output">
<alternatives><media specific-use="stream" mimetype="text" mime-subtype="plain" xlink:href="files/8980925776e003b2f0dda984546cb03b.txt"/></alternatives>
</sec>
</sec>
<sec id="sec-45" sec-type="notebook-content">
<p>Lets plot the compliance as a function of the optimization steps. We can see that the compliance is decreasing smoothly, indicating that the optimization is working as expected.</p>
</sec>
<sec id="sec-46" sec-type="notebook-code">
<code language="python" executable="yes">plt.plot(loss_hist)
plt.yscale("log")
plt.xlabel("Optimization Iteration")
plt.ylabel("Compliance")
plt.title("Compliance over Optimization");</code>
<sec sec-type="notebook-output">
<alternatives>
<graphic specific-use="print" mimetype="image" mime-subtype="png" xlink:href="files/cfe6c3286ee4d3bd11c2f111e45c0c86.png"/><media specific-use="text" mimetype="text" mime-subtype="plain" xlink:href="files/a6255a8d7ac11cabe5829e143599f112.txt"/></alternatives>
</sec>
</sec>
<sec id="sec-47" sec-type="notebook-content">
<p>We can also trace the y coordinates of the vertices over the optimization steps. This gives us an idea of how the design variables are changing during the optimization process.</p>
</sec>
<sec id="sec-48" sec-type="notebook-code">
<code language="python" executable="yes">param_hist_tensor = jnp.array(params_hist)

plt.figure(figsize=(10, 5))

for chain in range(n_chains):
    for edge in range(n_edges_per_chain + 1):
        plt.plot(
            param_hist_tensor[:, chain, edge, 1].T, label=f"Chain {chain}, Edge {edge}"
        )

plt.xlabel("Optimization Iteration")
plt.ylabel("Y-Position");</code>
<sec sec-type="notebook-output">
<alternatives>
<graphic specific-use="print" mimetype="image" mime-subtype="png" xlink:href="files/fa02f0c98168eb2a19f0cf4d88d2242a.png"/><media specific-use="text" mimetype="text" mime-subtype="plain" xlink:href="files/7ef0b59ba91d2854814b2dfde8463059.txt"/></alternatives>
</sec>
</sec>
<sec id="sec-49" sec-type="notebook-content">
<sec id="sec-50">
<label>8</label>
<title>Visualize results</title>
<p>After optimization, the structure has been adjusted to assume a more stable configuration under the given load. The design variables have been tuned to achieve this goal, reducing the compliance of the structure from around 10,000 to about 200.</p>
<p>Here is the final optimized structure:</p>
</sec>
</sec>
<sec id="sec-51" sec-type="notebook-code">
<code language="python" executable="yes">visualize(params)</code>
<sec sec-type="notebook-output">
<alternatives>
<graphic specific-use="print" mimetype="image" mime-subtype="png" xlink:href="files/2e622a686da5eea12c82923a90af29fa.png"/><media specific-use="text" mimetype="text" mime-subtype="plain" xlink:href="files/e34366f684b875b0f26521cbcb4b85c0.txt"/></alternatives>
</sec>
</sec>
<sec id="sec-52" sec-type="notebook-content">
<p>We generate a video of the optimization process to visualize how the structure evolves over time.</p>
</sec>
<sec id="sec-53" sec-type="notebook-code">
<code language="python" executable="yes">from matplotlib import animation

# repeat the last frame a few times to show the final result
params_hist = params_hist + [params] * 20

fig = plt.figure(figsize=(7, 4))

ims = []
for params in params_hist:
    sdf = apply_tesseract(
        design_tess,
        {
            "bar_params": params,
            "bar_radius": bar_radius,
            "Lx": Lx,
            "Ly": Ly,
            "Nx": Nx,
            "Ny": Ny,
            "epsilon": 1e-3,
        },
    )["sdf"]

    rho = sdf_to_rho(sdf)

    im = plt.imshow(rho.T, origin="lower", cmap="viridis", vmin=0, vmax=1)
    ims.append([im])

ani = animation.ArtistAnimation(fig, ims, interval=10, blit=True, repeat_delay=2)
plt.close(fig)

ani.save("rho_optim.gif", writer="pillow", fps=10)

from IPython.display import HTML

HTML(ani.to_jshtml(fps=10, embed_frames=True))</code>
<sec sec-type="notebook-output">
<alternatives><media specific-use="web" mimetype="text" mime-subtype="html" xlink:href="files/418ca2272070cbcbd66c2bc7f5c068e1.html"/><media specific-use="text" mimetype="text" mime-subtype="plain" xlink:href="files/2758d922fbc373bcca4db1f04b8d1ba6.txt"/></alternatives>
</sec>
</sec>
<sec id="sec-54" sec-type="notebook-content">
<p>Finally, lets compare the parametric optimization against the original free form topology optimization example from jax-fem.</p>
<p>That is, we compare our results to the results obtains from a pixel-wise optimization of the density field, which is a common approach in topology optimization. However, it often leads to final designs that are not manufacturable, as they can have complex geometries that are difficult to fabricate. In contrast, our parametric approach leads to more fine-grained control over the solution space – and apparently very similar results, despite our simplistic approach.</p>
<table>
<thead>
<tr><th>Parametric Optimization (Ours)</th><th>Free Form Topology Optimization (jax-fem example)</th></tr>
</thead>
<tbody>
<tr><td>
<graphic mimetype="image" mime-subtype="gif" xlink:href="files/rho_optim-fff1b530eee43fa79d90ae1229f785e6.gif"/></td><td>
<graphic mimetype="image" mime-subtype="gif" xlink:href="files/free_form-b643e090d084359f221eb72805236678.gif"/></td></tr>
</tbody>
</table>
</sec>
<sec id="sec-55" sec-type="notebook-code">
<code language="python" executable="yes"># Tear down Tesseracts after use
design_tess.teardown()
fem_tess.teardown()</code>
</sec>
<sec id="sec-56" sec-type="notebook-content">
<sec id="sec-57">
<label>9</label>
<title>Eager to learn more?</title>
<list list-type="bullet">
<list-item>
<p>👉 <ext-link ext-link-type="uri" xlink:href="https://si-tesseract.discourse.group/">Join the Tesseract Community Forum</ext-link></p>
</list-item><list-item>
<p>👉 <ext-link ext-link-type="uri" xlink:href="https://github.com/pasteurlabs/tesseract-core">Visit Tesseract Core on GitHub</ext-link></p>
</list-item><list-item>
<p>👉 <ext-link ext-link-type="uri" xlink:href="https://github.com/pasteurlabs/tesseract-jax">Visit Tesseract-JAX on GitHub</ext-link></p>
</list-item>
</list>
<p>Questions? Feedback? Please reach out through the <ext-link ext-link-type="uri" xlink:href="https://si-tesseract.discourse.group/">Tesseract Community Forum</ext-link>.</p>
</sec>
</sec>
</body>
</sub-article>
</article>
