<?xml version="1.0" encoding="UTF-8"?>
<!DOCTYPE manifest PUBLIC "-//MECA//DTD Manifest v1.0//en" "https://meca.zip/manifest-1.0.dtd">
<manifest manifest-version="1" xmlns="https://manuscriptexchange.org/schema/manifest" xmlns:xlink="http://www.w3.org/1999/xlink">
  <item item-type="article-metadata">
    <instance media-type="application/xml" xlink:href="jats.xml"/>
  </item>
  <item item-type="article-supporting-file">
    <instance media-type="text/plain" xlink:href="files/2758d922fbc373bcca4db1f04b8d1ba6.txt"/>
  </item>
  <item item-type="article-supporting-file">
    <instance media-type="image/png" xlink:href="files/2e622a686da5eea12c82923a90af29fa.png"/>
  </item>
  <item item-type="article-supporting-file">
    <instance media-type="text/plain" xlink:href="files/33d31855a0b4efa8acdc3d81448d1333.txt"/>
  </item>
  <item item-type="article-supporting-file">
    <instance media-type="image/png" xlink:href="files/350e86fe17efa13eb5857358ad833b4a.png"/>
  </item>
  <item item-type="article-supporting-file">
    <instance media-type="text/plain" xlink:href="files/37fa15fcaae9bfc627348b096cd94fa8.txt"/>
  </item>
  <item item-type="article-supporting-file">
    <instance media-type="text/html" xlink:href="files/418ca2272070cbcbd66c2bc7f5c068e1.html"/>
  </item>
  <item item-type="article-supporting-file">
    <instance media-type="image/png" xlink:href="files/45b200f8882c47885138f5955b2f584a.png"/>
  </item>
  <item item-type="article-supporting-file">
    <instance media-type="text/plain" xlink:href="files/7023967b7e803274cc3bbcaa08a1e8b1.txt"/>
  </item>
  <item item-type="article-supporting-file">
    <instance media-type="text/plain" xlink:href="files/7110359afbb7933ac8d038eb10a91880.txt"/>
  </item>
  <item item-type="article-supporting-file">
    <instance media-type="text/plain" xlink:href="files/7ef0b59ba91d2854814b2dfde8463059.txt"/>
  </item>
  <item item-type="article-supporting-file">
    <instance media-type="text/plain" xlink:href="files/8980925776e003b2f0dda984546cb03b.txt"/>
  </item>
  <item item-type="article-supporting-file">
    <instance media-type="text/plain" xlink:href="files/a6255a8d7ac11cabe5829e143599f112.txt"/>
  </item>
  <item item-type="article-supporting-file">
    <instance media-type="image/png" xlink:href="files/cfe6c3286ee4d3bd11c2f111e45c0c86.png"/>
  </item>
  <item item-type="article-supporting-file">
    <instance media-type="text/plain" xlink:href="files/d0398ae4bdd095eca4d31edf14e9d330.txt"/>
  </item>
  <item item-type="article-supporting-file">
    <instance media-type="text/plain" xlink:href="files/e34366f684b875b0f26521cbcb4b85c0.txt"/>
  </item>
  <item item-type="article-supporting-file">
    <instance media-type="text/plain" xlink:href="files/eb085ba92748ce7f9e7786a24ec04349.txt"/>
  </item>
  <item item-type="article-supporting-file">
    <instance media-type="image/png" xlink:href="files/fa02f0c98168eb2a19f0cf4d88d2242a.png"/>
  </item>
  <item item-type="article-supporting-file">
    <instance media-type="image/gif" xlink:href="files/free_form-b643e090d084359f221eb72805236678.gif"/>
  </item>
  <item item-type="article-supporting-file">
    <instance media-type="image/png" xlink:href="files/illustration-5e2d9cbb83ef661db5f2fc988b539f90.png"/>
  </item>
  <item item-type="article-supporting-file">
    <instance media-type="image/gif" xlink:href="files/rho_optim-fff1b530eee43fa79d90ae1229f785e6.gif"/>
  </item>
  <item item-type="article-supporting-file">
    <instance media-type="image/png" xlink:href="files/tesseract-scipy-1-5b8eea8b4368b8fb74681728cc8c1a42.png"/>
  </item>
  <item item-type="article-supporting-file">
    <instance media-type="image/png" xlink:href="files/tesseract-scipy-2-1803fbc8a355a50e855365eb24223bdd.png"/>
  </item>
  <item item-type="manuscript">
    <instance media-type="application/pdf" xlink:href="full_text.pdf"/>
  </item>
  <item item-type="article-source">
    <instance media-type="text/yaml" xlink:href="bundle/myst.yml"/>
  </item>
  <item item-type="article-source">
    <instance media-type="text/markdown" xlink:href="bundle/main.md"/>
  </item>
  <item item-type="article-source">
    <instance media-type="image/png" xlink:href="bundle/tesseract-scipy-1.png"/>
  </item>
  <item item-type="article-source">
    <instance media-type="image/png" xlink:href="bundle/tesseract-scipy-2.png"/>
  </item>
  <item item-type="article-source">
    <instance media-type="application/x-ipynb+json" xlink:href="bundle/optimize.ipynb"/>
  </item>
  <item item-type="article-source">
    <instance media-type="image/png" xlink:href="bundle/illustration.png"/>
  </item>
  <item item-type="article-source">
    <instance media-type="image/gif" xlink:href="bundle/rho_optim.gif"/>
  </item>
  <item item-type="article-source">
    <instance media-type="image/gif" xlink:href="bundle/free_form.gif"/>
  </item>
  <item item-type="article-source">
    <instance media-type="application/x-ipynb+json" xlink:href="bundle/optimize.ipynb"/>
  </item>
  <item item-type="article-source">
    <instance media-type="application/x-bibtex" xlink:href="bundle/mybib.bib"/>
  </item>
  <item item-type="article-source">
    <instance media-type="image/png" xlink:href="bundle/illustration.png"/>
  </item>
  <item item-type="article-source">
    <instance media-type="image/gif" xlink:href="bundle/rho_optim.gif"/>
  </item>
  <item item-type="article-source">
    <instance media-type="image/gif" xlink:href="bundle/free_form.gif"/>
  </item>
  <item item-type="article-source-directory">
    <instance media-type="application/x-directory" xlink:href="bundle/"/>
  </item>
</manifest>