<?xml version="1.0" encoding="UTF-8"?>
<!DOCTYPE manifest PUBLIC "-//MECA//DTD Manifest v1.0//en" "https://meca.zip/manifest-1.0.dtd">
<manifest manifest-version="1" xmlns="https://manuscriptexchange.org/schema/manifest" xmlns:xlink="http://www.w3.org/1999/xlink">
  <item item-type="article-metadata">
    <instance media-type="application/xml" xlink:href="jats.xml"/>
  </item>
  <item item-type="article-supporting-file">
    <instance media-type="image/svg+xml" xlink:href="files/OME-Zarr-8958501f5868137ac09f814acaf0d106.svg"/>
  </item>
  <item item-type="article-supporting-file">
    <instance media-type="image/png" xlink:href="files/anisotropic_diffusio-d2ed2eea1101a298068223e808ff4865.png"/>
  </item>
  <item item-type="article-supporting-file">
    <instance media-type="image/png" xlink:href="files/artifacts-snapshot-4b67fc28d1051d643c7458e259467f33.png"/>
  </item>
  <item item-type="article-supporting-file">
    <instance media-type="image/svg+xml" xlink:href="files/benchmark_results-88ea2e3269cde4ed005f937c4cc2e67e.svg"/>
  </item>
  <item item-type="article-supporting-file">
    <instance media-type="image/png" xlink:href="files/downsample-cli-help-fa1ea6bc7e1fe4090fa9aa9c5b1bcd7a.png"/>
  </item>
  <item item-type="article-supporting-file">
    <instance media-type="image/png" xlink:href="files/downsample-demo-af2ce7bc9933817fc308753569401e0d.png"/>
  </item>
  <item item-type="article-supporting-file">
    <instance media-type="image/png" xlink:href="files/downsample-npm-3792e17b34329da0e73316047142b933.png"/>
  </item>
  <item item-type="article-supporting-file">
    <instance media-type="image/png" xlink:href="files/downsample-python-do-941645129ce89877873395675a336c1f.png"/>
  </item>
  <item item-type="article-supporting-file">
    <instance media-type="image/png" xlink:href="files/downsample-slicer-4e88e9a995ab055f39c018c25dda97e7.png"/>
  </item>
  <item item-type="article-supporting-file">
    <instance media-type="image/png" xlink:href="files/environment-dispatch-8f392b8cdbc6dcf904f221d09838fd61.png"/>
  </item>
  <item item-type="article-supporting-file">
    <instance media-type="image/svg+xml" xlink:href="files/venv_fig-8915a0463badc4b135aea4b857b3cd92.svg"/>
  </item>
  <item item-type="article-supporting-file">
    <instance media-type="image/png" xlink:href="files/vm-head-frozenct-ome-8fb06fbcc2a94c092a60610dac5f3177.png"/>
  </item>
  <item item-type="article-source">
    <instance media-type="text/yaml" xlink:href="bundle/myst.yml"/>
  </item>
  <item item-type="article-source">
    <instance media-type="text/markdown" xlink:href="bundle/main.md"/>
  </item>
  <item item-type="article-source">
    <instance media-type="image/png" xlink:href="bundle/figures/anisotropic_diffusion.png"/>
  </item>
  <item item-type="article-source">
    <instance media-type="image/png" xlink:href="bundle/figures/environment-dispatch.png"/>
  </item>
  <item item-type="article-source">
    <instance media-type="image/svg+xml" xlink:href="bundle/figures/OME-Zarr.svg"/>
  </item>
  <item item-type="article-source">
    <instance media-type="image/png" xlink:href="bundle/figures/downsample-cli-help.png"/>
  </item>
  <item item-type="article-source">
    <instance media-type="image/png" xlink:href="bundle/figures/downsample-npm.png"/>
  </item>
  <item item-type="article-source">
    <instance media-type="image/png" xlink:href="bundle/figures/downsample-demo.png"/>
  </item>
  <item item-type="article-source">
    <instance media-type="image/svg+xml" xlink:href="bundle/figures/venv_fig.svg"/>
  </item>
  <item item-type="article-source">
    <instance media-type="image/svg+xml" xlink:href="bundle/figures/benchmark_results.svg"/>
  </item>
  <item item-type="article-source">
    <instance media-type="image/png" xlink:href="bundle/figures/downsample-python-docs.png"/>
  </item>
  <item item-type="article-source">
    <instance media-type="image/png" xlink:href="bundle/figures/downsample-slicer.png"/>
  </item>
  <item item-type="article-source">
    <instance media-type="application/x-bibtex" xlink:href="bundle/mybib.bib"/>
  </item>
  <item item-type="article-source-directory">
    <instance media-type="application/x-directory" xlink:href="bundle/"/>
  </item>
</manifest>