<?xml version="1.0" encoding="UTF-8"?>
<!DOCTYPE article PUBLIC "-//NLM//DTD JATS (Z39.96) Journal Archiving and Interchange DTD with MathML3 v1.3 20210610//EN" "http://jats.nlm.nih.gov/publishing/1.3/JATS-archivearticle1-3-mathml3.dtd">
<article xmlns:mml="http://www.w3.org/1998/Math/MathML" xmlns:xlink="http://www.w3.org/1999/xlink" xmlns:xsi="http://www.w3.org/2001/XMLSchema-instance" xmlns:ali="http://www.niso.org/schemas/ali/1.0/" dtd-version="1.3" xml:lang="en" id="main">
<front>
<article-meta>
<article-id pub-id-type="doi">10.25080/JXDK4427</article-id>
<title-group>
<article-title>Echodataflow: Recipe-based Fisheries Acoustics Workflow Orchestration</article-title>
</title-group>
<contrib-group>
<contrib contrib-type="author" corresp="yes">
<name name-style="western"><surname>Staneva</surname><given-names>Valentina</given-names></name>
<role vocab="credit" vocab-identifier="https://credit.niso.org/" vocab-term="Funding acquisition" vocab-term-identifier="https://credit.niso.org/contributor-roles/funding-acquisition/">Funding acquisition</role>
<role vocab="credit" vocab-identifier="https://credit.niso.org/" vocab-term="Project administration" vocab-term-identifier="https://credit.niso.org/contributor-roles/project-administration/">Project administration</role>
<role vocab="credit" vocab-identifier="https://credit.niso.org/" vocab-term="Resources" vocab-term-identifier="https://credit.niso.org/contributor-roles/resources/">Resources</role>
<role vocab="credit" vocab-identifier="https://credit.niso.org/" vocab-term="Software" vocab-term-identifier="https://credit.niso.org/contributor-roles/software/">Software</role>
<role vocab="credit" vocab-identifier="https://credit.niso.org/" vocab-term="Supervision" vocab-term-identifier="https://credit.niso.org/contributor-roles/supervision/">Supervision</role>
<role vocab="credit" vocab-identifier="https://credit.niso.org/" vocab-term="Writing – original draft" vocab-term-identifier="https://credit.niso.org/contributor-roles/writing-original-draft/">Writing – original draft</role>
<xref ref-type="aff" rid="aff-1"/>
<email>vms16@uw.edu</email>
</contrib>
<contrib contrib-type="author">
<name name-style="western"><surname>Butala</surname><given-names>Soham</given-names></name>
<role vocab="credit" vocab-identifier="https://credit.niso.org/" vocab-term="Software" vocab-term-identifier="https://credit.niso.org/contributor-roles/software/">Software</role>
<role vocab="credit" vocab-identifier="https://credit.niso.org/" vocab-term="Writing – review &amp; editing" vocab-term-identifier="https://credit.niso.org/contributor-roles/writing-review-editing/">Writing – review &amp; editing</role>
<xref ref-type="aff" rid="aff-1"/>
<email>sbutala@uw.edu</email>
</contrib>
<contrib contrib-type="author">
<name name-style="western"><surname>Setiawan</surname><given-names>Landung (Don)</given-names></name>
<role vocab="credit" vocab-identifier="https://credit.niso.org/" vocab-term="Conceptualization" vocab-term-identifier="https://credit.niso.org/contributor-roles/conceptualization/">Conceptualization</role>
<role vocab="credit" vocab-identifier="https://credit.niso.org/" vocab-term="Software" vocab-term-identifier="https://credit.niso.org/contributor-roles/software/">Software</role>
<xref ref-type="aff" rid="aff-2"/>
<email>landungs@uw.edu</email>
</contrib>
<contrib contrib-type="author">
<name name-style="western"><surname>Lee</surname><given-names>Wu-Jung</given-names></name>
<role vocab="credit" vocab-identifier="https://credit.niso.org/" vocab-term="Conceptualization" vocab-term-identifier="https://credit.niso.org/contributor-roles/conceptualization/">Conceptualization</role>
<role vocab="credit" vocab-identifier="https://credit.niso.org/" vocab-term="Funding acquisition" vocab-term-identifier="https://credit.niso.org/contributor-roles/funding-acquisition/">Funding acquisition</role>
<role vocab="credit" vocab-identifier="https://credit.niso.org/" vocab-term="Project administration" vocab-term-identifier="https://credit.niso.org/contributor-roles/project-administration/">Project administration</role>
<role vocab="credit" vocab-identifier="https://credit.niso.org/" vocab-term="Resources" vocab-term-identifier="https://credit.niso.org/contributor-roles/resources/">Resources</role>
<role vocab="credit" vocab-identifier="https://credit.niso.org/" vocab-term="Software" vocab-term-identifier="https://credit.niso.org/contributor-roles/software/">Software</role>
<role vocab="credit" vocab-identifier="https://credit.niso.org/" vocab-term="Supervision" vocab-term-identifier="https://credit.niso.org/contributor-roles/supervision/">Supervision</role>
<role vocab="credit" vocab-identifier="https://credit.niso.org/" vocab-term="Writing – review &amp; editing" vocab-term-identifier="https://credit.niso.org/contributor-roles/writing-review-editing/">Writing – review &amp; editing</role>
<xref ref-type="aff" rid="aff-3"/>
<email>leewj@uw.edu</email>
</contrib>
</contrib-group>
<aff id="aff-1">
<institution-wrap>
<institution>eScience Institute, University of Washington</institution>
</institution-wrap>
</aff>
<aff id="aff-2">
<institution-wrap>
<institution>Scientific Software Engineering Center, University of Washington</institution>
</institution-wrap>
</aff>
<aff id="aff-3">
<institution-wrap>
<institution>Applied Physics Laboratory, University of Washington</institution>
</institution-wrap>
</aff>
<fpage>349</fpage><lpage>365</lpage>
<permissions>
<ali:free_to_read/>
<license xlink:href="https://creativecommons.org/licenses/by/4.0/">
<ali:license_ref>https://creativecommons.org/licenses/by/4.0/</ali:license_ref>
<license-p>This is an open access article distributed under the terms of the <ext-link ext-link-type="uri" xlink:href="http://creativecommons.org/licenses/by/4.0/">Creative Commons Attribution License</ext-link>, which permits unrestricted use, distribution, and reproduction in any medium, provided the original author and source are credited.</license-p>
</license>
</permissions>
<abstract>
<p>With the influx of large data from multiple instruments and experiments, scientists are wrangling complex data pipelines that are context-dependent and non-reproducible. We demonstrate how we leverage Prefect (<xref ref-type="bibr" rid="prefect">Prefect, 2024</xref>), a modern orchestration framework, to facilitate fisheries acoustics data processing. We built a Python package Echodataflow (<xref ref-type="bibr" rid="echodataflow">Echodataflow, 2024</xref>) which 1) allows users to specify workflows and their parameters through editing text “recipes” which provide transparency and reproducibility of the pipelines; 2) supports scaling of the workflows while abstracting the computational infrastructure; 3) provides monitoring and logging of the workflow progress. Under the hood, Echodataflow uses Prefect to execute the workflows while providing a domain-friendly interface to facilitate diverse fisheries acoustics use cases. We demonstrate the features through a typical ship survey data processing pipeline.</p>
</abstract>
<kwd-group>
<kwd>prefect</kwd>
<kwd>workflow orchestration</kwd>
<kwd>dask</kwd>
<kwd>zarr</kwd>
<kwd>fisheries acoustics</kwd>
</kwd-group>
</article-meta>
</front>
<body>
<sec id="sec-1">
<label>1</label>
<title>Motivation</title>
<p>Acoustic fisheries surveys and ocean observing systems collect terabytes of echosounder (water column sonar) data that require custom processing pipelines to obtain the distributions and abundance of fish and zooplankton in the ocean (<xref ref-type="bibr" rid="ref-33">NOAA National Center for Environmental Information, 2024</xref>). The data are collected by sending an acoustic signal into the ocean which scatters from objects in the water column and the returning “echo” is recorded. Although data usually have similar dimensions: range, time, location, and frequency, and can be stored into multi-dimensional arrays, the exact format varies based on the data collection scheme and the exact instrument used. Fisheries ship surveys, for example, follow pre-defined paths (transects) and can span several months (<xref ref-type="fig" rid="figure-1">Figure 1</xref> left). Ocean moorings, on the other hand, have instruments at fixed locations and can collect data continuously at specified intervals for months (<xref ref-type="fig" rid="figure-1">Figure 1</xref> right). Uncrewed Surface Vessels (<abbrev alt="Uncrewed Surface Vessel">USV</abbrev>s) (e.g. Saildrone (<xref ref-type="bibr" rid="ref-31">Saildrone, 2024</xref>), DriX (<xref ref-type="bibr" rid="ref-32">DriX, 2024</xref>), <xref ref-type="fig" rid="figure-1">Figure 1</xref> middle) can autonomously collect echosounder data over large spatial regions. In all these scenarios, data are usually collected with similar instruments, and there is an overlap between the initial processing procedures. However, there are always variations associated with the specific data collection format, end research needs, data volume, and available computational infrastructure. For example, ship surveys may require grouping data along individual transects and exluding other data; they may also have varying range/depth resulting into data arrays of different dimensions. Mooring data are more regular, but their volume is large, and studies may require organizing data into daily patterns to analyze long term trends. <abbrev alt="Uncrewed Surface Vessel">USV</abbrev>s collect data at varying speeds thus requiring converting the time dimension to distance in order to have consistent echo patterns. The time when the data needs to be processed also affects the workflows: on premise/realtime applications usually require processing small data subsets at a time with limited computing resources; historical analyses require processing large datasets, and can benefit from cluster/cloud computing. The various scenarios demand different data workflows, and adapting from one setting to another is not trivial.</p>
<fig id="figure-1">
<label>Figure 1:</label>
<caption>
<p><bold>Data Collection Schemes:</bold> left, ship survey transect map for the Joint U.S.-Canada Integrated Ecosystem and Pacific Hake Acoustic Trawl Survey (<xref ref-type="bibr" rid="ref-17">Northwest Fisheries Science Center, Fishery Resource Analysis and Monitoring Division, 2022</xref>); middle, <abbrev alt="Uncrewed Surface Vessel">USV</abbrev> path map for Saildrone west coast survey (<xref ref-type="bibr" rid="ref-41">Saildrone, 2019</xref>); right, map and instrument diagram for a stationary ocean observing system (Ocean Observatories Initiative Cabled and Endurance Arrays (<xref ref-type="bibr" rid="ref-13">Trowbridge <italic>et al.</italic>, 2019</xref>), Image Credit: Center for Environmental Visualization, University of Washington)</p>
</caption>
<graphic mimetype="image" mime-subtype="png" xlink:href="files/data_collection-b2716ac0cf14e828bc40ced12500ee2a.png"/>
</fig>
</sec>
<sec id="sec-2">
<label>2</label>
<title>Fisheries Acoustics Workflows</title>
<p>Fisheries acoustics scientists traditionally have had go-to tools and procedures for their data processing and analysis, mostly relying on computation on a local computer. However, as the diversity of computing and data storage resources grows and the field becomes more interdisciplinary (it involves scientists with backgrounds in physics, biology, oceanography, acoustics, signal processing, machine learning, software engineering, etc.), it is becoming more challenging to make decisions on the best arrangement to accomplish the work. For example, <xref ref-type="fig" rid="figure-2">Figure 2</xref> shows the many variations of workflows that can be defined based on the use cases and the options for data storage and computing infrastructure.</p>
<fig id="figure-2">
<label>Figure 2:</label>
<caption>
<p><bold>Fisheries Acoustics Workflow Variations:</bold> Various use cases (fisheries, data management, machine learning, education) drive different needs for data storage and computing infrastructure. Options are abundant but adopting new technology and adapting workflows across use cases is not trivial.</p>
</caption>
<graphic mimetype="image" mime-subtype="png" xlink:href="files/workflow_variations-b0d507434f233317397e3a83b37028ec.png"/>
</fig>
<sec id="sec-3">
<label>2.1</label>
<title>User Stories</title>
<p>To demonstrate the software requirements of the fisheries acoustics community, below we describe several example user stories.</p>
<p>A <bold>fisheries scientist</bold> needs to process all data after a 2-month ship survey to obtain fish biomass estimates. They have previously used a commercial software package and are open to exploring open-source tools to achieve the same goal. They are familiar with basic scripting in Python.</p>
<p>A <bold>machine learning engineer</bold> is developing an <abbrev alt="Machine Learning">ML</abbrev> algorithm to automatically detect fish on a <abbrev alt="Uncrewed Surface Vessel">USV</abbrev>. They need to prepare a large dataset for training but do not know all the necessary preprocessing steps. They are very familiar with <abbrev alt="Machine Learning">ML</abbrev> libraries but do not have the domain-specific knowledge for acoustic data processing. They are also not familiar with distributed computing libraries.</p>
<p>A <bold>data manager</bold> wants to process several terabytes of mooring data and serve them to the scientific community. They have a few Python scripts to do this for a small set of files at a time, but want to scale the processing for many deployments using a cloud infrastructure.</p>
<p>An <bold>acoustics graduate student</bold> obtained echosounder data analysis scripts from a retired scientist but does not have all the parameters needed to reproduce the results in order to proceed with their dissertation research.</p>
<p>We draw attention to the different levels of experience of these users: each user has expertise in a subdomain, however, to accomplish their specific goal(s), they need to learn new tools or obtain knowledge from others. We outline several requirements that stem from these stories:</p>
<list list-type="bullet">
<list-item>
<p>The system should run both on a local computer and within a cloud environment.</p>
</list-item><list-item>
<p>The system should allow processing to be scaled to large datasets, but should not be overly complicated. For example, users with Python scripting experience can run it locally with pre-defined stages and parameters.</p>
</list-item><list-item>
<p>The system should provide visibility into the operations that are applied to the data, and the procedures should be interpretable to users without acoustics expertise.</p>
</list-item><list-item>
<p>The system should preferably be free and open source so that it is accessible to members of different institutions.</p>
</list-item><list-item>
<p>The system should adapt to rapid changes of cloud and distributed computing libraries, and preferably should leverage existing developments within the technical communities.</p>
</list-item>
</list>
</sec>
<sec id="sec-4">
<label>2.2</label>
<title>Software Landscape</title>
<p>Traditionally echosounder data processing pipelines are executed within a <abbrev alt="Graphics User Interface">GUI</abbrev>-based software (e.g. Echoview (<xref ref-type="bibr" rid="ref-21">Echoview Software Pty Ltd, 2020</xref>), LSSS (<xref ref-type="bibr" rid="ref-18">Korneliussen <italic>et al.</italic>, 2006</xref>), ESP3 (<xref ref-type="bibr" rid="ref-4">Ladroit <italic>et al.</italic>, 2020</xref>), Matecho (<xref ref-type="bibr" rid="ref-10">Perrot <italic>et al.</italic>, 2018</xref>)). These software packages have been invaluable for onboard real-time visualization, as well as post-survey data screening and annotation. Some of them also support integration with scripting tools which facilitates the reproducible execution of the pipelines. For example, the Echoview software provides the option to automate pipelines through an Automation Module and to visualize the processing stages in a Dataflow Toolbox. Further, one can script operations through the <monospace>echoviewR</monospace> package (<xref ref-type="bibr" rid="ref-22">Harrison <italic>et al.</italic>, 2015</xref>). However, since Echoview is neither free nor open source, these pipelines cannot be shared with researchers who do not have a license. In general, the <abbrev alt="Graphics User Interface">GUI</abbrev> tools are usually designed to be used on a desktop computer and require downloading the data first, which is becoming challenging with the growing volume of the datasets. There has been also growth in development of new methods to detect the species of interest from the echosounder data, with the goal of substituting for the manual annotation procedures and making analysis of large datasets more efficient and objective. However, the new methods are typically developed independently from the existing software packages.
Over the last several years there has been substantial development of open source Python packages (PyEchoLab (<xref ref-type="bibr" rid="ref-3">Wall <italic>et al.</italic>, 2018</xref>), <monospace>echopype</monospace> (<xref ref-type="bibr" rid="ref-2">Lee <italic>et al.</italic>, 2021</xref>), <monospace>echopy</monospace> (<xref ref-type="bibr" rid="ref-19">open-ocean-sounding/echopy, 2024</xref>)), each providing common echosounder processing functionalities, but differing in the data structure organization and processing. Since echosounder instruments store the data in binary, instrument-specific formats, the first stage requires parsing the raw data into a more common format. PyEcholab converts the data into <monospace>numpy</monospace> (<xref ref-type="bibr" rid="ref-26">Harris <italic>et al.</italic>, 2020</xref>) arrays. <monospace>echopy</monospace> expects data are already parsed into <monospace>numpy</monospace> arrays and all methods operate on them. Echopype converts raw data files into a standardized Python <monospace>EchoData</monospace> object, which can be stored in a <monospace>zarr</monospace> (<xref ref-type="bibr" rid="ref-37">Miles <italic>et al.</italic>, 2024</xref>) format and supports distributed computing by utilizing <monospace>dask</monospace> (<xref ref-type="bibr" rid="ref-39">Dask Development Team, 2016</xref>) and <monospace>xarray</monospace> (<xref ref-type="bibr" rid="ref-38">Hoyer &amp; Hamman, 2017</xref>). The use of open source packages and well-established formats allow further integration with other open source libraries such as those for machine learning (e.g. classification, clustering) or visualization. In addition, if custom modification is required for a specific application scenario, researchers can adapt the code and contribute the modification back to the packages, which is likely to benefit other researchers.</p>
<sec id="sec-5">
<label>2.2.1</label>
<title>Challenges</title>
<p>Despite the availability of methods and tools to process echosounder data, it is not trivial to orchestrate all function calls in an end-to-end pipeline. While a well-documented Jupyter (<xref ref-type="bibr" rid="ref-40">Kluyver <italic>et al.</italic>, 2016</xref>) notebook can show the sequence of processing stages, a considerable amount of path and parameter configuration is required to execute these stages on a large dataset, store the intermediate data products, and log the process comprehensively. Although automation can be achieved through a combination of Python and bash scripts that provision the environment, execute the stages, and manage inputs/outputs, the configuration process can be tedious, prone to error, and specific to the use case and the computing platform. Adapting an existing procedure to a new setting is usually not straightforward, and sometimes even reproducing previous results can pose a challenge. Below we discuss in more detail the different choices of data storage and computational infrastructure and the associated challenges of building workflows across them.</p>
<sec id="sec-6">
<label>2.2.1.1</label>
<title>Data Storage</title>
<p>Researchers are faced with decisions of where to store the data from experiments, intermediate products, and final results. Initially, data are usually stored on local hard drive storage associated with the instrument (which on some platforms may have limited capacity), but eventually, these data may be transferred to a data archive if one is maintained within the community. Some agencies (e.g. <abbrev alt="National Oceanic and Atmospheric Administration">NOAA</abbrev> National Centers for Environmental Information (<abbrev alt="National Centers for Environmental Information">NCEI</abbrev>) (<xref ref-type="bibr" rid="ref-51">Wall, 2016</xref>)) have adopted cloud storage, and have publicly shared their data, which greatly facilitates data access and reuse. However, those repositories are usually not where researchers can store processed products. Funding models and organizational structure can result in short-term availability of resources and the need to change providers. Certain applications may need to access the data before they are archived and unreliable internet connection may require storing the data on-premise or at temporary locations. <italic>To be agile to those frequent changes and allow to easily switch between different platforms, workflows will benefit from a level of abstraction from storage systems.</italic></p>
</sec>
<sec id="sec-7">
<label>2.2.1.2</label>
<title>Computing Infrastructure</title>
<p>With the growth of the echosounder datasets, researchers face challenges processing the data on their personal machines: both in terms of memory usage and computational time. A typical first attempt for resolution would be to amend the workflow to process smaller chunks of the data and parallelize operations across multiple cores if available. However, today researchers are also presented with a multitude of options for distributed computing: high-performance computing clusters at local or national institutions, cloud provider services: batch computing (e.g. Azure Batch, <abbrev alt="Amazon Web Services">AWS</abbrev> Batch, Google Cloud Batch), container services (e.g. Amazon Elastic Container Services, Azure Container Apps, Google Kubernetes Engine), serverless functions (e.g. <abbrev alt="Amazon Web Services">AWS</abbrev> Lamdba Functions, Google Cloud Functions, Microsoft Azure Functions). The choice may be driven by the storage system: its usage fees and retrieval speeds. Data, code and workflow organization usually has to be adapted based on the computing infrastructure. The knowledge required to configure these systems to achieve efficient processing is quite in-depth, and distributed libraries can be hard to debug and can have unexpected performance bottlenecks. <italic>Abstracting the computing infrastructure and the execution of the tasks can allow researchers to focus on the scientific analysis of these large and rich datasets.</italic></p>
</sec>
</sec>
</sec>
</sec>
<sec id="sec-8">
<label>3</label>
<title>Echodataflow Overview</title>
<p>At the center of <monospace>echodataflow</monospace>’s design (<xref ref-type="bibr" rid="ref-58">Echodataflow, 2024</xref>) is the notion that a workflow can be configured through a set of recipes (<monospace>.yaml</monospace> files) that specify the pipeline, data storage, and logging structure. The idea draws inspiration from the Pangeo-Forge Project which facilitates the Extraction, Transformation, Loading (<abbrev alt="Extraction, Transformation, Loading">ETL</abbrev>) of earth science geospatial datasets from traditional repositories to analysis-ready, cloud-optimized (<abbrev alt="analysis-ready, cloud-optimized">ARCO</abbrev>) data stores (<xref ref-type="bibr" rid="ref-1">Stern <italic>et al.</italic>, 2022</xref>). The pangeo-forge recipes (which themselves are inspired by the conda-forge recipes (<xref ref-type="bibr" rid="ref-55">conda-forge community, 2015</xref>)) provide a model of how the data should be accessed and transformed, and the project has garnered numerous recipes from the community.</p>
<p>While Pangeo-Forge’s focus is on transformation from <monospace>netcdf</monospace> (<xref ref-type="bibr" rid="ref-53">Rew &amp; Davis, 1990</xref>) and <monospace>hdf5</monospace> (<xref ref-type="bibr" rid="ref-54">The HDF Group, n.d.</xref>) formats to <monospace>zarr</monospace>, <monospace>echodataflow</monospace>’s aim is to support full echosounder data processing and analysis pipelines: from instrument-generated raw data files to data products which contain acoustically-derived biological estimates, such as abundance and biomass. <monospace>echodataflow</monospace> leverages Prefect (<xref ref-type="bibr" rid="ref-27">Prefect, 2024</xref>) to abstract data and computation management. In <xref ref-type="fig" rid="figure-3">Figure 3</xref> we provide an overview of <monospace>echodataflow</monospace>’s framework. At the center we see several steps of an echosounder data processing pipeline: <monospace>open_raw</monospace>, <monospace>combine_echodata</monospace>, <monospace>compute_Sv</monospace>, <monospace>compute_MVBS</monospace>, <monospace>frequency_differencing</monospace>, which produce echo classificaton results using a simple threshold-based criterion. All these functions exist in the <monospace>echopype</monospace> package, and are wrapped by <monospace>echodataflow</monospace> into pre-defined stages. Prefect executes the stages on a Dask cluster which can be started locally or can be externally set up. These <monospace>echopype</monospace> functions already support distributed operations with Dask, and thus the integration with Prefect within <monospace>echodataflow</monospace> is natural. Dask clusters can be set up on a variety of platforms: local computers, cloud virtual machines, kubernetes (<xref ref-type="bibr" rid="ref-35">Kubernetes, 2024</xref>) clusters, or HPC clusters (via <monospace>dask-jobqueue</monospace> (<xref ref-type="bibr" rid="ref-34">Dask JobQueue, 2024</xref>)), etc. and allow abstraction from the computing infrastructure. The input datasets, intermediate data products, and final data products can live in different storage systems (local/cloud) and Prefect’s block feature provides seamless, provider-agnostic, and secure integration with them. Workflows can be executed and monitored through Prefect’s dashboard, while logging of each function is handled by <monospace>echodataflow</monospace>.</p>
<fig id="figure-3">
<label>Figure 3:</label>
<caption>
<p><bold>Echodataflow Framework:</bold> The above diagram provides an overview of the <monospace>echodataflow</monospace> framework: the objective is to fetch raw files from a local filesystem/cloud archive, process them through several stages of an echosounder data workflow using a cluster infrastructure, and store both intermediate and final data products. In <monospace>echodataflow</monospace> the workflow is executed based on text configurations, and logs are generated for the individual processing stages. Prefect handles the execution of the tasks on the cluster and provides tools for monitoring the workflow runs.</p>
</caption>
<graphic mimetype="image" mime-subtype="png" xlink:href="files/echodataflow-b1a8e4a3a2c822ecf6073a1eba0c9568.png"/>
</fig>
<sec id="sec-9">
<label>3.1</label>
<title>Why Prefect?</title>
<p>We chose Prefect among other Python workflow orchestration frameworks such as Apache Airflow (<xref ref-type="bibr" rid="ref-29">Apache Airflow, 2024</xref>), Dagster (<xref ref-type="bibr" rid="ref-28">Dagster, 2024</xref>), Argo (<xref ref-type="bibr" rid="ref-52">Argo Workflows, 2024</xref>), Luigi (<xref ref-type="bibr" rid="ref-30">Luigi, 2024</xref>). While most of these tools provide flexibily and level of abstraction suitable for executing fisheries acoustics pipelines, we selected Prefect for the following reasons:</p>
<list list-type="bullet">
<list-item>
<p>Prefect accepts dynamic workflows which are specified at runtime and do not require to follow a Directed Acyclic Graph, which can be restricting and difficult to implement.</p>
</list-item><list-item>
<p>In Prefect, Python functions are first class citizens, thus building a Prefect workflow does not deviate substantially from traditional science workflows composed of functions.</p>
</list-item><list-item>
<p>Prefect integrates with a <monospace>dask</monospace> cluster, and <monospace>echopype</monospace> processing functions are already using <monospace>dask</monospace> to scale operations.</p>
</list-item><list-item>
<p>Prefect’s code runs similarly locally as well as on cloud services.</p>
</list-item><list-item>
<p>Prefect’s monitoring dashboard is open source, can be run locally, and is intuitive to use.</p>
</list-item>
</list>
<p>We next describe in more detail the components of the workflow lifecycle.</p>
</sec>
</sec>
<sec id="sec-10">
<label>4</label>
<title>Workflow Configuration</title>
<p>The main goal of <monospace>echodataflow</monospace> is to allow users to configure an echosounder data processing pipeline through editing configuration “recipe” templates. <monospace>echodataflow</monospace> can be configured through three templates: <monospace>datastore.yaml</monospace> which handles the data storage locations, <monospace>pipeline.yml</monospace> which specifies the processing stages, and <monospace>logging.yaml</monospace> which sets the logging format.</p>
<sec id="sec-11">
<label>4.1</label>
<title>Data Storage Configuration</title>
<p>Below we show an example file <monospace>datastore.yaml</monospace> with a data storage configuration for a ship survey. In this scenario the goal is to process data from the Joint U.S.-Canada Integrated Ecosystem and Pacific Hake Acoustic Trawl Survey (<xref ref-type="bibr" rid="ref-17">Northwest Fisheries Science Center, Fishery Resource Analysis and Monitoring Division, 2022</xref>) which are publicly available on an <abbrev alt="Amazon Web Services">AWS</abbrev> S3 bucket hosted by <abbrev alt="National Oceanic and Atmospheric Administration">NOAA</abbrev> National Centers for Environmental Information Acoustics (NCEA) Archive (<xref ref-type="bibr" rid="ref-51">Wall, 2016</xref>). The archive contains data from many surveys dating back to 1991 (~280TB). The configuration allows to pass parameters specifying the ship, survey, and sonar model names and select the subset of files belonging only to the survey of interest. The output destination is set to a private S3 bucket belonging to the user (within an <abbrev alt="Amazon Web Services">AWS</abbrev> account different from the input one), and the credentials are passed through a <monospace>block_name</monospace>. The survey contains ~4000 files, and one can set the group option to combine the files into survey-specific groups: based on the transect information provided in the <monospace>transect_group.txt</monospace> file. One can further use regular expressions to subselect other subgroups based on needs.</p>
<code language="yaml"># datastore.yaml

name: Bell_M._Shimada-SH1707-EK60
sonar_model: EK60
raw_regex: (.*)-?D(?P&amp;lt;date&gt;\w{1,8})-T(?P&amp;lt;time&gt;\w{1,6})
args:
  urlpath: s3://ncei-wcsd-archive/data/raw/{{ ship_name }}/{{ survey_name }}/{{ sonar_model }}/*.raw
  parameters:
    ship_name: Bell_M._Shimada
    survey_name: SH1707
    sonar_model: EK60
  storage_options:
    anon: true
  group:
    file: ./transect_group.txt
    storage_options:
      block_name: echodataflow-aws-credentials
      type: AWS
  group_name: default_group
  json_export: true
  raw_json_path: s3://echodataflow-workground/combined_files/raw_json
output:
  urlpath: &amp;lt;YOUR-S3-BUCKET&gt;
  overwrite: true
  retention: false
  storage_options:
    block_name: echodataflow-aws-credentials
    type: AWS</code>
</sec>
<sec id="sec-12">
<label>4.2</label>
<title>Pipeline Configuration</title>
<p>The pipeline configuration file’s purpose is to list the stages of the processing pipeline and the computational set-up for their execution. Below we show an example <monospace>pipeline.yaml</monospace> file which cofigures a pipeline with several stages: <monospace>open_raw</monospace>, <monospace>combine_echodata</monospace>, <monospace>compute_Sv</monospace>, <monospace>compute_MVBS</monospace>. Each stage is executed as a separate Prefect subflow (a component of a Prefect workflow), and one can specify additional options on whether to store the raw files. <monospace>echodataflow</monospace> requires access to a Dask cluster: it can be either created on the fly by setting the <monospace>use_local_dask</monospace> to <monospace>true</monospace>, or an IP address of an already running cluster can be provided. Individual stages may require different cluster configurations to efficiently execute the tasks. Those can be specified with the additional <monospace>prefect_config</monospace> option through which the user can set a specific Dask task runner or the number of retries. Managing retries is essential for handling transient failures, such as connectivity issues, ensuring the stages can be re-executed without any manual interference if a failure occurs.</p>
<code language="yaml"># pipeline.yaml

active_recipe: standard
use_local_dask: true
n_workers: 4
scheduler_address: tcp://127.0.0.1:61918
pipeline:
  - recipe_name: standard
    stages:
      - name: echodataflow_open_raw
        module: echodataflow.stages.subflows.open_raw
        options:
          save_raw_file: true
          use_raw_offline: true
          use_offline: true
        prefect_config:
          retries: 3
      - name: echodataflow_combine_echodata
        module: echodataflow.stages.subflows.combine_echodata
        options:
          use_offline: true
      - name: echodataflow_compute_Sv
        module: echodataflow.stages.subflows.compute_Sv
        options:
          use_offline: true
      - name: echodataflow_compute_MVBS
        module: echodataflow.stages.subflows.compute_MVBS
        options:
          use_offline: true
        external_params:
          range_meter_bin: 20
          ping_time_bin: 20S</code>
</sec>
<sec id="sec-13">
<label>4.3</label>
<title>Logging Configuration</title>
<p>By default, the outcomes of each stage are logged. The logs can be stored in <monospace>.json</monospace> or plain text files, and the format of the entries can be specified in the configuration file as displayed below. The <monospace>json</monospace> format allows searching through the logs for a specific key.</p>
<code language="yaml"># logging.yaml

version: 1
disable_existing_loggers: False
formatters:
  json:
    format: '[%(asctime)s] %(process)d %(levelname)s %(mod_name)s:%(func_name)s:%(lineno)s - %(message)s'
  plaintext:
    format: '[%(asctime)s] %(process)d %(levelname)s %(mod_name)s:%(func_name)s:%(lineno)s - %(message)s'
handlers:
  logfile:
    class: logging.handlers.RotatingFileHandler
    formatter: plaintext
    level: DEBUG
    filename: echodataflow.log
    maxBytes: 1000000
    backupCount: 3

loggers:
  echodataflow:
    level: DEBUG
    propagate: False
    handlers: [logfile]</code>
<p>In this case the logs are stored in the plain text file <monospace>echodataflow.log</monospace>. Below we show an example of output logs.</p>
<code language="log">[2024-06-06 17:32:08,945] 51493 ERROR apply_mask.py:EK60_SH1707_Shimada2_applymask.zarr:147 - Computing apply_mask
[2024-06-06 17:32:08,946] 51493 ERROR file_utils.py:file_utils:147 - Encountered Some Error in EK60_SH1707_Shimada0
[2024-06-06 17:32:08,946] 51493 ERROR file_utils.py:file_utils:147 - 'source_ds' must have coordinates 'ping_time' and 'range_sample'!
[2024-06-06 17:32:08,946] 51493 ERROR file_utils.py:file_utils:147 - Encountered Some Error in EK60_SH1707_Shimada1
[2024-06-06 17:32:08,946] 51493 ERROR file_utils.py:file_utils:147 - 'source_ds' must have coordinates 'ping_time' and 'range_sample'!
[2024-06-06 17:32:08,946] 51493 ERROR file_utils.py:file_utils:147 - Encountered Some Error in EK60_SH1707_Shimada2
[2024-06-06 17:32:08,946] 51493 ERROR file_utils.py:file_utils:147 - 'source_ds' must have coordinates 'ping_time' and 'range_sample'!</code>
<p>In <xref ref-type="sec" rid="sec-16">Section 7</xref>, we provide more information on logging options.</p>
</sec>
</sec>
<sec id="sec-14">
<label>5</label>
<title>Workflow Execution</title>
<p>To convert a scientific pipeline into an executable Prefect workflow, one needs to organize its components into flows, sublfows, and tasks (the key objects of Prefect’s execution logic). Usually, the stages of a pipeline are organized into flows and subflows, while the individual pieces of work within the stage are organized into tasks. In practice, flows, subflows, and tasks are all Python functions, and they differ in how we want to execute them (e.g. concurrently/sequentially, w/o retries), and what we want to track during execution (e.g. input/outputs, state logging, etc.). In <monospace>echodataflow</monospace> we organize the typical echosounder processing stages into subflows (flows within the main workflow), while the operations on different files (or groups of them) are individual tasks. We describe how functions are organized in the <monospace>open_raw</monospace> stage, which reads the files from raw format, parses the data, and writes them into a <monospace>zarr</monospace> format. The <monospace>echodataflow_open_raw</monospace> function is decorated as a flow, and is one of many subflows of the full workflow. This function processes all files.</p>
<code language="python">@flow
@echodataflow(processing_stage="Open-Raw", type="FLOW")
def echodataflow_open_raw(
    groups: Dict[str, Group], config: Dataset, stage: Stage, prev_stage: Optional[Stage]
):
    """
    Process raw sonar data files and convert them to zarr format.

    Args:
        config (Dataset): Configuration for the dataset being processed.
        stage (Stage): Configuration for the current processing stage.
        prev_stage (Stage): Configuration for the previous processing stage.

    Returns:
        List[Output]: List of processed outputs organized based on transects.</code>
<p><monospace>echodataflow_open_raw</monospace> contains a loop which iterates through all file groups and applies the <monospace>process_raw</monospace> function which operates on a single group and is decorated as a task. All tasks will be executed on the Dask cluster.</p>
<code language="python">for name, gr in groups.items():
        for raw in gr.data:
            new_processed_raw = process_raw.with_options(
                task_run_name=raw.file_path, name=raw.file_path, retries=3
            )
            future = new_processed_raw.submit(raw, gr, working_dir, config, stage)
            futures[name].append(future)
</code><code language="python">@task()
@echodataflow()
def process_raw(
    raw: EchodataflowObject, group: Group, working_dir: str, config: Dataset, stage: Stage
):
    """
    Process a single group of raw sonar data files.</code>
</sec>
<sec id="sec-15">
<label>6</label>
<title>Workflow Monitoring</title>
<p>One of the main advantages of using orchestration frameworks is that they usually provide tools to monitor the workflow execution. The integration with Prefect allows leveraging Prefect’s dashboard (Prefect UI) for monitoring the execution of the flows. The dashboard can be run locally and within Prefect’s online managed system (Prefect Cloud). The local version provides an entirely open source framework for running and monitoring workflows. <xref ref-type="fig" rid="figure-4">Figure 4</xref> shows the view of completed runs within the dashboard. The progress can be monitored while the flows are in progress.</p>
<fig id="figure-4">
<label>Figure 4:</label>
<caption>
<p><bold>Flow Runs:</bold> Log of completed runs in Prefect UI. The stages (subflows) are executed sequentially. One can expand the view of an individual flow and see the tasks computed (asynchronously) within it.</p>
</caption>
<graphic mimetype="image" mime-subtype="png" xlink:href="files/flow_sequence_expand-80f43d86ad2ee31c17f2ecf9c283e759.png"/>
</fig>
<p>Further, one can also view the progress of the execution of the tasks on the Dask cluster.</p>
<fig id="figure-5">
<label>Figure 5:</label>
<caption>
<p><bold>Dask Dashboard:</bold> The execution of the tasks on the Dask cluster can also be monitored through the Dask dashboard.</p>
</caption>
<graphic mimetype="image" mime-subtype="png" xlink:href="files/dask_progress-9d8198f85d5a8162324584d35462256d.png"/>
</fig>
</sec>
<sec id="sec-16">
<label>7</label>
<title>Workflow Logging</title>
<p>Processing large data archives requires a robust logging system to identify at which step and for which files the processing has failed. Locating the issues allows to set a path forward to resolve them: either through improving the robustness of the individual libraries performing the processing steps, or through identifying the artifacts of the data which are incompatible with the existing pipeline. To address this, we provide several approaches:</p>
<list list-type="bullet">
<list-item>
<p>Basic Logging with Dask Worker Streams: this approach configures Dask worker streams to handle <monospace>echodataflow</monospace> logs, which is straightforward if exact log order is not crucial.</p>
</list-item><list-item>
<p>Centralized Logging with Amazon CloudWatch (<xref ref-type="bibr" rid="ref-43">Amazon Cloudwatch, n.d.</xref>): this approach centralizes all logs for easy access and analysis. It can be useful when users are already utilizing <abbrev alt="Amazon Web Services">AWS</abbrev>.</p>
</list-item><list-item>
<p>Advanced Logging with Apache Kafka (<xref ref-type="bibr" rid="ref-44">Apache Kafka, n.d.</xref>) and Elastic Stack (<xref ref-type="bibr" rid="ref-45">Elastic Stack, n.d.</xref>) (Elasticsearch, Kibana, Beats, Logstash): this approach leverages Kafka for log aggregation and Elastic Stack for log analysis and visualization, offering a robust solution for those who can maintain the infrastructure, for example data center managers.</p>
</list-item>
</list>
<p>By default if logging is not configured, all the worker messages are directed to the application console. The order of logs may not be preserved since logs are written once control returns from the Dask workers to the main application.</p>
</sec>
<sec id="sec-17">
<label>8</label>
<title>Workflow Deployment</title>
<sec id="sec-18">
<label>8.1</label>
<title>Notebook</title>
<p><monospace>echodataflow</monospace> can be directly initiated within a Jupyter notebook, which makes development interactive and provides a work environment familiar to researchers. One can see how the workflow is initiated within the Jupyter cell in <xref ref-type="fig" rid="figure-6">Figure 6</xref>.</p>
<fig id="figure-6">
<label>Figure 6:</label>
<caption>
<p><bold>Initiating <monospace>echodataflow</monospace> in a Jupyter Notebook:</bold> Once one has a set of “recipe” configuration files, they can initiate the workflow in a notebook cell with the <monospace>echodataflow_start</monospace> command.</p>
</caption>
<graphic mimetype="image" mime-subtype="png" xlink:href="files/notebook_start-239db49fb04a8fccc3ea7dec5200bb7c.png"/>
</fig>
<p>We provide two demo notebooks: one for execution on a <ext-link ext-link-type="uri" xlink:href="https://github.com/OSOceanAcoustics/echodataflow/blob/1ac65fa0bfcdd01b151b98134b842364311059fd/docs/source/local/notebook.ipynb">local machine</ext-link> and another one for execution on <ext-link ext-link-type="uri" xlink:href="https://github.com/OSOceanAcoustics/echodataflow/blob/1ac65fa0bfcdd01b151b98134b842364311059fd/docs/source/local/notebook.ipynb">AWS</ext-link>.</p>
</sec>
<sec id="sec-19">
<label>8.2</label>
<title>Docker</title>
<p>We facilitate the deployment of <monospace>echodataflow</monospace> on various platforms by building a Docker image from which one can launch a container with all required components and the user can access the workflow dashboard on the corresponding port.</p>
<code language="">docker pull blackdranzer/echodataflow

prefect server start

docker run --network="host" -e PREFECT_API_URL=http://host.docker.internal:4200/api blackdranzer/echodataflow</code>
<p>Upon execution, the user can readily access the Prefect UI dashboard and run workflows from there.</p>
<p>We also provide a Docker image for initiating logging with Kafka and Elastic Stack, thus streamlining the configuration of several tools.</p>
</sec>
</sec>
<sec id="sec-20">
<label>9</label>
<title>Command Line Interface</title>
<p>We provide a command line interface which supports credential handling, and several additional features for managing workflows: stage addition and rule validation.</p>
<sec id="sec-21">
<label>9.1</label>
<title>Adding Stages</title>
<p>Currently, most major functionalities in the echopype package are wrapped into stages: <monospace>open_raw</monospace>, <monospace>add_depth</monospace>, <monospace>add_location</monospace>, <monospace>compute_Sv</monospace>, <monospace>compute_TS</monospace>, <monospace>compute_MVBS</monospace>, <monospace>combine_echodata</monospace>, <monospace>frequency_differencing</monospace>, <monospace>apply_mask</monospace>.</p>
<p>We provide tools to generate boilerplate template configuration based on the existing stages. Here is an example to add a stage:</p>
<code language="">echodataflow gs &amp;lt;stage_name&gt;</code>
<p>For instance, to generate a boilerplate configuration for the <monospace>compute_Sv</monospace> stage, one would use:</p>
<code language="">echodataflow gs compute_Sv</code>
<p>This command creates a template configuration file for the specified stage, allowing to customize and integrate it into a workflow. The generated file includes:</p>
<list list-type="bullet">
<list-item>
<p>a flow: it orchestrates the execution of all files that need to be processed, either concurrently or in parallel, based on the configuration.</p>
</list-item><list-item>
<p>a task (helper function): it assists the flow by processing individual files.</p>
</list-item>
</list>
</sec>
<sec id="sec-22">
<label>9.2</label>
<title>Rule Validation</title>
<p>Scientific workflows often have stages that cannot be executed until other stages have completed. Those conditions can be set through <monospace>echodataflow</monospace> client during the initialization process and are stored in a <monospace>echodataflow_rules.txt</monospace> file:</p>
<code language="">echodataflow_open_raw:echodataflow_compute_Sv
echodataflow_open_raw:echodataflow_combine_echodata
echodataflow_open_raw:echodataflow_compute_TS
echodataflow_combine_echodata:echodataflow_compute_Sv
echodataflow_compute_Sv:echodataflow_compute_MVBS</code>
<p>These rules dictate the sequence in which stages should be executed, ensuring that each stage waits for its dependencies to complete. They can be set through the <monospace>echodataflow rules -add ...</monospace> command.</p>
<sec id="sec-23">
<label>9.2.1</label>
<title>Aspect-Oriented Programming (<abbrev alt="Aspect-Oriented Programming">AOP</abbrev>) for Rule Validation</title>
<p>In <monospace>echodataflow</monospace>, we adopt an aspect-oriented programming (<xref ref-type="bibr" rid="ref-42">Kiczales <italic>et al.</italic>, 1997</xref>) approach for rule validation. This is achieved using a decorator that can be applied to functions to enforce rules and log function execution details. The echodataflow decorator logs the entry and exit of a decorated function and modifies the function’s arguments based on the execution context. This supports two types of execution: “TASK” and “FLOW”.</p>
<p>Example Usage:</p>
<code language="python">@echodataflow(processing_stage="StageA", type="FLOW")
def my_function(arg1, arg2):
    # Function code here
    pass</code>
<p>In the example, the echodataflow decorator ensures that the function <monospace>my_function</monospace> is executed within the context of “StageA” as a “FLOW”, checking for dependencies and logging relevant information.</p>
</sec>
</sec>
</sec>
<sec id="sec-24">
<label>10</label>
<title>Example Use Case: Processing Ship Survey Data from an Archive</title>
<p>We demonstrate a workflow processing all acoustic data for the 2017 Joint U.S.-Canada Integrated Ecosystem and Pacific Hake Acoustic Trawl Survey through a few routine processing stages. The survey spans a period of 06/15/2017 - 09/13/2017, covering the entire west coast of the US and Canada. Figure 1(a) shows a map of a typical transect schedule of the survey. Raw acoustic data are collected continuously while the ship is in motion, resulting in a total of 3873 files collected with a total size of 93 GB. The raw files are archived by the <abbrev alt="National Oceanic and Atmospheric Administration">NOAA</abbrev> <abbrev alt="National Centers for Environmental Information">NCEI</abbrev> Water Column Sonar Data Archive and are publicly accessible on their Amazon Web Services S3 bucket (<ext-link ext-link-type="uri" xlink:href="https://registry.opendata.aws/ncei-wcsd-archive/">https://registry.opendata.aws/ncei-wcsd-archive/</ext-link>). The processing pipeline involves several steps:</p>
<list list-type="bullet">
<list-item>
<p>Convert raw files to cloud-native <monospace>zarr</monospace> format following closely a community convention (<xref ref-type="bibr" rid="ref-2">Lee <italic>et al.</italic>, 2021</xref>), (<xref ref-type="bibr" rid="ref-48">Macaulay &amp; Peña, 2018</xref>)</p>
</list-item><list-item>
<p>Combine multiple individual <monospace>zarr</monospace> files within a continuous transect segment into a single <monospace>zarr</monospace> file</p>
</list-item><list-item>
<p>Compute Sv: calibrate the measured acoustic backscatter data to volume backscattering strength (Sv, unit: dB re 1 m<sup>-1</sup>)</p>
</list-item>
</list>
<p>Once data are converted to Sv, they are easy to manipulate, as the data are stored in an <monospace>xarray</monospace> data array and are smaller than that of the original data. The final dataset can be served as an analysis-ready data product to the community. It can be beneficial to store also intermediate datasets at different processing stages: for example, preserving the converted raw files in the standardized <monospace>zarr</monospace> format allows users to regenerate any of the following stages with different groupings or resolution, without having to fetch and convert raw data again.</p>
<p>The execution of the workflow with <monospace>echodataflow</monospace> allowed us to monitor the progress of all files <xref ref-type="fig" rid="figure-7">Figure 7</xref>: 3872 files were successfully processed, and 1 failed. Most importantly, the failure did not block the execution of the other files, and a log was generated for the stage and the filename for which the error occurred. This experiment serves as a confirmation that the transition from local development to a full production pipeline with <monospace>echodataflow</monospace> can indeed be smooth.</p>
<fig id="figure-7">
<label>Figure 7:</label>
<caption>
<p><bold>Processing full 2017 Survey Data:</bold> 1/3873 files failed at the <monospace>open_raw</monospace> stage, but this did not impact the entire pipeline. As shown, other files were processed successfully through all stages.</p>
</caption>
<graphic mimetype="image" mime-subtype="png" xlink:href="files/one_failed-ae89cd353186936ddfb64837aa00512b.png"/>
</fig>
</sec>
<sec id="sec-25">
<label>11</label>
<title>Future Development</title>
<p>Our immediate goal is to provide more example workflow recipes integrating other stages of echosounder data processing, such as machine learning prediction, training dataset generation, biomass estimation, interactive visualization, etc. We will demonstrate utilizing functionalities from a suite of open source Python packages (<monospace>echoregions</monospace> (<xref ref-type="bibr" rid="ref-50">Nguyen <italic>et al.</italic>, 2023</xref>) for reading region annotations and creating corresponding masks, <monospace>echopop</monospace> (<xref ref-type="bibr" rid="ref-36">Lucca <italic>et al.</italic>, 2024</xref>) for combining acoustic data with biological “ground truth” into biomass estimation, <monospace>echoshader</monospace> (<xref ref-type="bibr" rid="ref-49">Lei <italic>et al.</italic>, 2024</xref>) for echogram and map dashboard visualization) in building workflows for the Pacific Hake Survey: both in a historical and near-realtime on-ship data processing context. We aim to streamline the stage addition process. We will further investigate how to improve memory management and caching between and within stages to optimize for different scenarios. There is growing interest in the fisheries acoustics community to share global, accessible, and interoperable datasets (<xref ref-type="bibr" rid="ref-46">ICES Working Group on Global Acoustic Interoperable Network (GAIN), n.d.</xref>), and to agree on community data standards and definitions of processing levels (<xref ref-type="bibr" rid="ref-48">Macaulay &amp; Peña, 2018</xref>), (<xref ref-type="bibr" rid="ref-47">Echosounder Data Processing Levels, n.d.</xref>). As those mature we will align them with existing stages in <monospace>echodataflow</monospace>, which will support building interoperable datasets whose integration will push us to study bigger and more challenging questions in fisheries acoustics.</p>
</sec>
<sec id="sec-26">
<label>12</label>
<title>Beyond Fisheries Acoustics</title>
<p>Echodataflow was designed to facilitate fisheries acoustics workflows, but the structure can be adapted to data processing pipelines in other scientific communities. The key aspects are to identify the potential stages of the workflows and associated Python packages/functions that implement them, and to design the structure of the configuration files. The other aspects such as logging, deployment, monitoring, new-stage integration are domain-agnostic. Processing pipelines that require manipulation of large labeled arrays can directly benefit from the Dask cluster integration and are prevalent in the research community. Our use case of regrouping data based on time segments is a common need within scientific settings in which the file unit level of the instrument is not aligned with the unit level of analysis, and requires further reorganization and potential resampling and regridding along certain coordinates. We hope it can serve as a guide on how to build configurable, reproducible, and scalable workflows in new scientific areas.</p>
</sec>
<sec id="sec-27">
<label>13</label>
<title>Acknowledgements</title>
<p>We thank the Fisheries Engineering and Acoustic Technologies team at the <abbrev alt="National Oceanic and Atmospheric Administration">NOAA</abbrev> Northwest Fisheries Science Center: Julia Clemons, Alicia Billings, Rebecca Thomas, Elizabeth Phillips for introducing us to the Pacific Hake Survey operations and the hake biomass estimation workflow.</p>
<p>This work used cpu compute and storage resources at Jetstream2 through allocation AGR230002 from the Advanced cyberinfrastructure Coordination Ecosystem: Services &amp; Support (ACCESS) program (<xref ref-type="bibr" rid="ref-56">Hancock <italic>et al.</italic>, 2021</xref>), (<xref ref-type="bibr" rid="ref-57">Boerner <italic>et al.</italic>, 2023</xref>), which is supported by National Science Foundation grants #2138259, #2138286, #2138307, #2137603, and #2138296.</p>
<p><bold>Funding</bold></p>
<p><abbrev alt="National Oceanic and Atmospheric Administration">NOAA</abbrev> Award No. NA21OAR0110201, <abbrev alt="National Oceanic and Atmospheric Administration">NOAA</abbrev> Award No. NA20OAR4320271 AM43, eScience Institute</p>
</sec>
</body>
<back>
<ref-list>
<ref id="ref-33">
<element-citation publication-type="document">
<article-title>Understanding Our Ocean with Water-Column Sonar Data</article-title>
<person-group person-group-type="author">
<name><surname>NOAA National Center for Environmental Information</surname></name>
</person-group><year iso-8601-date="2024">2024</year></element-citation>
</ref>
<ref id="ref-31">
<element-citation publication-type="document">
<article-title>Saildrone</article-title>
<year iso-8601-date="2024">2024</year></element-citation>
</ref>
<ref id="ref-32">
<element-citation publication-type="document">
<article-title>DriX</article-title>
<year iso-8601-date="2024">2024</year></element-citation>
</ref>
<ref id="ref-17">
<element-citation publication-type="journal">
<article-title>The 2021 Joint U.S.-Canada Integrated Ecosystem and Pacific Hake Acoustic Trawl Survey: Cruise Report SH-21-06</article-title>
<person-group person-group-type="author">
<name><surname>Northwest Fisheries Science Center, Fishery Resource Analysis and Monitoring Division</surname></name>
</person-group><year iso-8601-date="2022">2022</year><pub-id pub-id-type="doi">10.25923/0979-6D84</pub-id></element-citation>
</ref>
<ref id="ref-41">
<element-citation publication-type="report">
<article-title>US/Canada West Coast Fisheries</article-title>
<person-group person-group-type="author">
<name><surname>Saildrone</surname></name>
</person-group><year iso-8601-date="2019">2019</year></element-citation>
</ref>
<ref id="ref-13">
<element-citation publication-type="journal">
<article-title>The Ocean Observatories Initiative</article-title>
<person-group person-group-type="author">
<name><surname>Trowbridge</surname><given-names>John</given-names></name>
<name><surname>Weller</surname><given-names>Robert</given-names></name>
<name><surname>Kelley</surname><given-names>Deborah</given-names></name>
<name><surname>Dever</surname><given-names>Edward</given-names></name>
<name><surname>Plueddemann</surname><given-names>Albert</given-names></name>
<name><surname>Barth</surname><given-names>John A.</given-names></name>
<name><surname>Kawka</surname><given-names>Orest</given-names></name>
</person-group><source>Frontiers in Marine Science</source><year iso-8601-date="2019">2019</year><pub-id pub-id-type="doi">10.3389/fmars.2019.00074</pub-id><volume>6</volume>
<issn>2296-7745</issn>
</element-citation>
</ref>
<ref id="ref-21">
<element-citation publication-type="document">
<article-title>Echoview - Sound Knowledge</article-title>
<person-group person-group-type="author">
<name><surname>Echoview Software Pty Ltd</surname></name>
</person-group></element-citation>
</ref>
<ref id="ref-18">
<element-citation publication-type="paper-conference">
<article-title>The Large Scale Survey System - LSSS</article-title>
<person-group person-group-type="author">
<name><surname>Korneliussen</surname><given-names>R.</given-names></name>
<name><surname>Ona</surname><given-names>E.</given-names></name>
<name><surname>Eliassen</surname><given-names>I.</given-names></name>
<name><surname>Heggelund</surname><given-names>Y.</given-names></name>
<name><surname>Patel</surname><given-names>R.</given-names></name>
<name><surname>Godo</surname><given-names>O. R.</given-names></name>
<name><surname>Giertsen</surname><given-names>C.</given-names></name>
<name><surname>Patel</surname><given-names>D.</given-names></name>
<name><surname>Nornes</surname><given-names>E.</given-names></name>
<name><surname>Bekkvik</surname><given-names>T.</given-names></name>
<name><surname>Knudsen</surname><given-names>H. P.</given-names></name>
<name><surname>Lien</surname><given-names>G.</given-names></name>
</person-group><source>Proceedings of the 29th Scandinavian Symposium on Physical Acoustics</source><year iso-8601-date="2006">2006</year></element-citation>
</ref>
<ref id="ref-4">
<element-citation publication-type="journal">
<article-title>ESP3: An open-source software for the quantitative processing of hydro-acoustic data</article-title>
<person-group person-group-type="author">
<name><surname>Ladroit</surname><given-names>Yoann</given-names></name>
<name><surname>Escobar-Flores</surname><given-names>Pablo C.</given-names></name>
<name><surname>Schimel</surname><given-names>Alexandre C. G.</given-names></name>
<name><surname>O’Driscoll</surname><given-names>Richard L.</given-names></name>
</person-group><source>SoftwareX</source><year iso-8601-date="2020">2020</year><pub-id pub-id-type="doi">10.1016/j.softx.2020.100581</pub-id><volume>12</volume><fpage>100581</fpage>
<issn>2352-7110</issn>
</element-citation>
</ref>
<ref id="ref-10">
<element-citation publication-type="journal">
<article-title>Matecho: An Open-Source Tool for Processing Fisheries Acoustics Data</article-title>
<person-group person-group-type="author">
<name><surname>Perrot</surname><given-names>Yannick</given-names></name>
<name><surname>Brehmer</surname><given-names>Patrice</given-names></name>
<name><surname>Habasque</surname><given-names>Jérémie</given-names></name>
<name><surname>Roudaut</surname><given-names>Gildas</given-names></name>
<name><surname>Behagle</surname><given-names>Nolwenn</given-names></name>
<name><surname>Sarré</surname><given-names>Abdoulaye</given-names></name>
<name><surname>Lebourges-Dhaussy</surname><given-names>Anne</given-names></name>
</person-group><source>Acoustics Australia</source><year iso-8601-date="2018">2018</year><pub-id pub-id-type="doi">10.1007/s40857-018-0135-x</pub-id><volume>46</volume><issue>2</issue><fpage>241</fpage><lpage>248</lpage>
<issn>1839-2571</issn>
</element-citation>
</ref>
<ref id="ref-22">
<element-citation publication-type="journal">
<article-title>The R package EchoviewR for automated processing of active acoustic data using Echoview</article-title>
<person-group person-group-type="author">
<name><surname>Harrison</surname><given-names>Lisa-Marie K.</given-names></name>
<name><surname>Cox</surname><given-names>Martin J.</given-names></name>
<name><surname>Skaret</surname><given-names>Georg</given-names></name>
<name><surname>Harcourt</surname><given-names>Robert</given-names></name>
</person-group><source>Frontiers in Marine Science</source><year iso-8601-date="2015">2015</year><pub-id pub-id-type="doi">10.3389/fmars.2015.00015</pub-id><volume>2</volume>
<issn>2296-7745</issn>
</element-citation>
</ref>
<ref id="ref-3">
<element-citation publication-type="journal">
<article-title>PyEcholab: An open-source, python-based toolkit to analyze water-column echosounder data</article-title>
<person-group person-group-type="author">
<name><surname>Wall</surname><given-names>Carrie C.</given-names></name>
<name><surname>Towler</surname><given-names>Rick</given-names></name>
<name><surname>Anderson</surname><given-names>Charles</given-names></name>
<name><surname>Cutter</surname><given-names>Randy</given-names></name>
<name><surname>Jech</surname><given-names>J. Michael</given-names></name>
</person-group><source>The Journal of the Acoustical Society of America</source><year iso-8601-date="2018">2018</year><pub-id pub-id-type="doi">10.1121/1.5067860</pub-id><volume>144</volume><issue>3</issue><fpage>1778</fpage><lpage>1778</lpage>
<issn>0001-4966</issn>
</element-citation>
</ref>
<ref id="ref-2">
<element-citation publication-type="journal">
<article-title>Echopype: A Python library for interoperable and scalable processing of water column sonar data for biological information</article-title>
<person-group person-group-type="author">
<name><surname>Lee</surname><given-names>Wu-Jung</given-names></name>
<name><surname>Mayorga</surname><given-names>Emilio</given-names></name>
<name><surname>Setiawan</surname><given-names>Landung</given-names></name>
<name><surname>Majeed</surname><given-names>Imran</given-names></name>
<name><surname>Nguyen</surname><given-names>Kavin</given-names></name>
<name><surname>Staneva</surname><given-names>Valentina</given-names></name>
</person-group><source>arXiv:2111.00187 [eess]</source><year iso-8601-date="2021">2021</year><pub-id pub-id-type="doi">10.48550/arXiv.2111.00187</pub-id></element-citation>
</ref>
<ref id="ref-19">
<element-citation publication-type="document">
<article-title>open-ocean-sounding/echopy</article-title>
<year iso-8601-date="2024">2024</year></element-citation>
</ref>
<ref id="ref-26">
<element-citation publication-type="journal">
<article-title>Array programming with NumPy</article-title>
<person-group person-group-type="author">
<name><surname>Harris</surname><given-names>Charles R.</given-names></name>
<name><surname>Millman</surname><given-names>K. Jarrod</given-names></name>
<name><surname>Walt</surname><given-names>Stéfan J.</given-names></name>
<name><surname>Gommers</surname><given-names>Ralf</given-names></name>
<name><surname>Virtanen</surname><given-names>Pauli</given-names></name>
<name><surname>Cournapeau</surname><given-names>David</given-names></name>
<name><surname>Wieser</surname><given-names>Eric</given-names></name>
<name><surname>Taylor</surname><given-names>Julian</given-names></name>
<name><surname>Berg</surname><given-names>Sebastian</given-names></name>
<name><surname>Smith</surname><given-names>Nathaniel J.</given-names></name>
<name><surname>Kern</surname><given-names>Robert</given-names></name>
<name><surname>Picus</surname><given-names>Matti</given-names></name>
<name><surname>Hoyer</surname><given-names>Stephan</given-names></name>
<name><surname>Kerkwijk</surname><given-names>Marten H.</given-names></name>
<name><surname>Brett</surname><given-names>Matthew</given-names></name>
<name><surname>Haldane</surname><given-names>Allan</given-names></name>
<name><surname>Río</surname><given-names>Jaime Fernández</given-names></name>
<name><surname>Wiebe</surname><given-names>Mark</given-names></name>
<name><surname>Peterson</surname><given-names>Pearu</given-names></name>
<name><surname>Gérard-Marchant</surname><given-names>Pierre</given-names></name>
<name><surname>Sheppard</surname><given-names>Kevin</given-names></name>
<name><surname>Reddy</surname><given-names>Tyler</given-names></name>
<name><surname>Weckesser</surname><given-names>Warren</given-names></name>
<name><surname>Abbasi</surname><given-names>Hameer</given-names></name>
<name><surname>Gohlke</surname><given-names>Christoph</given-names></name>
<name><surname>Oliphant</surname><given-names>Travis E.</given-names></name>
</person-group><source>Nature</source><year iso-8601-date="2020">2020</year><pub-id pub-id-type="doi">https://doi.org/10.1038/s41586-020-2649-2</pub-id><volume>585</volume><issue>7825</issue><fpage>357</fpage><lpage>362</lpage></element-citation>
</ref>
<ref id="ref-37">
<element-citation publication-type="software">
<article-title>zarr-developers/zarr-python: v2.18.2</article-title>
<person-group person-group-type="author">
<name><surname>Miles</surname><given-names>Alistair</given-names></name>
<name><surname>jakirkham</surname></name>
<name><surname>Bussonnier</surname><given-names>M</given-names></name>
<name><surname>Moore</surname><given-names>Josh</given-names></name>
<name><surname>Orfanos</surname><given-names>Dimitri Papadopoulos</given-names></name>
<name><surname>Bennett</surname><given-names>Davis</given-names></name>
<name><surname>Bourbeau</surname><given-names>James</given-names></name>
<name><surname>Hamman</surname><given-names>Joe</given-names></name>
<name><surname>Stansby</surname><given-names>David</given-names></name>
<name><surname>Fulton</surname><given-names>Andrew</given-names></name>
<name><surname>Lee</surname><given-names>Gregory</given-names></name>
<name><surname>Patel</surname><given-names>Zain</given-names></name>
<name><surname>Abernathey</surname><given-names>Ryan</given-names></name>
<name><surname>Kristensen</surname><given-names>Mads R. B.</given-names></name>
<name><surname>Rzepka</surname><given-names>Norman</given-names></name>
<name><surname>Chopra</surname><given-names>Saransh</given-names></name>
<name><surname>AWA</surname><given-names>AWA BRANDON</given-names></name>
<name><surname>Verma</surname><given-names>Sanket</given-names></name>
<name><surname>Rocklin</surname><given-names>Matthew</given-names></name>
<name><surname>Jones</surname><given-names>Max</given-names></name>
<name><surname>Andrade</surname><given-names>Elliott Sales</given-names></name>
<name><surname>Durant</surname><given-names>Martin</given-names></name>
<name><surname>Schut</surname><given-names>Vincent</given-names></name>
<name><surname>dussin</surname></name>
<name><surname>Chaudhary</surname><given-names>Shivank</given-names></name>
<name><surname>Barnes</surname><given-names>Chris</given-names></name>
<name><surname>Nunez-Iglesias</surname><given-names>Juan</given-names></name>
<name><surname>shikharsg</surname></name>
</person-group><year iso-8601-date="2024">2024</year><pub-id pub-id-type="doi">10.5281/zenodo.11320255</pub-id></element-citation>
</ref>
<ref id="ref-39">
<element-citation publication-type="report">
<article-title>Dask: Library for dynamic task scheduling</article-title>
<person-group person-group-type="author">
<name><surname>Dask Development Team</surname></name>
</person-group><year iso-8601-date="2016">2016</year></element-citation>
</ref>
<ref id="ref-38">
<element-citation publication-type="journal">
<article-title>xarray: N-D labeled arrays and datasets in Python</article-title>
<person-group person-group-type="author">
<name><surname>Hoyer</surname><given-names>S.</given-names></name>
<name><surname>Hamman</surname><given-names>J.</given-names></name>
</person-group><source>Journal of Open Research Software</source><year iso-8601-date="2017">2017</year><pub-id pub-id-type="doi">10.5334/jors.148</pub-id><volume>5</volume><issue>1</issue></element-citation>
</ref>
<ref id="ref-40">
<element-citation publication-type="paper-conference">
<article-title>Jupyter Notebooks – a publishing format for reproducible computational workflows</article-title>
<person-group person-group-type="author">
<name><surname>Kluyver</surname><given-names>Thomas</given-names></name>
<name><surname>Ragan-Kelley</surname><given-names>Benjamin</given-names></name>
<name><surname>Pérez</surname><given-names>Fernando</given-names></name>
<name><surname>Granger</surname><given-names>Brian</given-names></name>
<name><surname>Bussonnier</surname><given-names>Matthias</given-names></name>
<name><surname>Frederic</surname><given-names>Jonathan</given-names></name>
<name><surname>Kelley</surname><given-names>Kyle</given-names></name>
<name><surname>Hamrick</surname><given-names>Jessica</given-names></name>
<name><surname>Grout</surname><given-names>Jason</given-names></name>
<name><surname>Corlay</surname><given-names>Sylvain</given-names></name>
<name><surname>Ivanov</surname><given-names>Paul</given-names></name>
<name><surname>Avila</surname><given-names>Damián</given-names></name>
<name><surname>Abdalla</surname><given-names>Safia</given-names></name>
<name><surname>Willing</surname><given-names>Carol</given-names></name>
</person-group><source>Positioning and Power in Academic Publishing: Players, Agents and Agendas</source><year iso-8601-date="2016">2016</year><fpage>87 </fpage><lpage> 90</lpage></element-citation>
</ref>
<ref id="ref-51">
<element-citation publication-type="document">
<article-title>Building an Accessible Archive for Water Column Sonar Data</article-title>
<person-group person-group-type="author">
<name><surname>Wall</surname><given-names>Carrie</given-names></name>
</person-group><source>Eos</source><year iso-8601-date="2016">2016</year><pub-id pub-id-type="doi">10.1029/2016eo057595</pub-id><volume>97</volume></element-citation>
</ref>
<ref id="ref-58">
<element-citation publication-type="document">
<article-title>Echodataflow</article-title>
<year iso-8601-date="2024">2024</year></element-citation>
</ref>
<ref id="ref-1">
<element-citation publication-type="journal">
<article-title>Pangeo Forge: Crowdsourcing Analysis-Ready, Cloud Optimized Data Production</article-title>
<person-group person-group-type="author">
<name><surname>Stern</surname><given-names>Charles</given-names></name>
<name><surname>Abernathey</surname><given-names>Ryan</given-names></name>
<name><surname>Hamman</surname><given-names>Joseph</given-names></name>
<name><surname>Wegener</surname><given-names>Rachel</given-names></name>
<name><surname>Lepore</surname><given-names>Chiara</given-names></name>
<name><surname>Harkins</surname><given-names>Sean</given-names></name>
<name><surname>Merose</surname><given-names>Alexander</given-names></name>
</person-group><source>Frontiers in Climate</source><year iso-8601-date="2022">2022</year><pub-id pub-id-type="doi">10.3389/fclim.2021.782909</pub-id><volume>3</volume>
<issn>2624-9553</issn>
</element-citation>
</ref>
<ref id="ref-55">
<element-citation publication-type="document">
<article-title>The conda-forge Project: Community-based Software Distribution Built on the conda Package Format and Ecosystem</article-title>
<person-group person-group-type="author">
<name><surname>conda-forge community</surname></name>
</person-group><year iso-8601-date="2015">2015</year><pub-id pub-id-type="doi">10.5281/zenodo.4774216</pub-id></element-citation>
</ref>
<ref id="ref-53">
<element-citation publication-type="journal">
<article-title>NetCDF: an interface for scientific data access</article-title>
<person-group person-group-type="author">
<name><surname>Rew</surname><given-names>R.</given-names></name>
<name><surname>Davis</surname><given-names>G.</given-names></name>
</person-group><source>IEEE Computer Graphics and Applications</source><year iso-8601-date="1990">1990</year><pub-id pub-id-type="doi">10.1109/38.56302</pub-id><volume>10</volume><issue>4</issue><fpage>76</fpage><lpage>82</lpage></element-citation>
</ref>
<ref id="ref-54">
<element-citation publication-type="software">
<article-title>Hierarchical Data Format, version 5</article-title>
<person-group person-group-type="author">
<name><surname>The HDF Group</surname></name>
</person-group></element-citation>
</ref>
<ref id="ref-27">
<element-citation publication-type="document">
<article-title>Prefect</article-title>
<year iso-8601-date="2024">2024</year></element-citation>
</ref>
<ref id="ref-35">
<element-citation publication-type="document">
<article-title>Kubernetes</article-title>
<year iso-8601-date="2024">2024</year></element-citation>
</ref>
<ref id="ref-34">
<element-citation publication-type="document">
<article-title>Dask JobQueue</article-title>
<year iso-8601-date="2024">2024</year></element-citation>
</ref>
<ref id="ref-29">
<element-citation publication-type="document">
<article-title>Apache Airflow</article-title>
<year iso-8601-date="2024">2024</year></element-citation>
</ref>
<ref id="ref-28">
<element-citation publication-type="document">
<article-title>Dagster</article-title>
<year iso-8601-date="2024">2024</year></element-citation>
</ref>
<ref id="ref-52">
<element-citation publication-type="report">
<article-title>Argo Workflows</article-title>
<year iso-8601-date="2024">2024</year></element-citation>
</ref>
<ref id="ref-30">
<element-citation publication-type="document">
<article-title>Luigi</article-title>
<year iso-8601-date="2024">2024</year></element-citation>
</ref>
<ref id="ref-43">
<element-citation publication-type="report">
<article-title>Amazon Cloudwatch</article-title>
</element-citation>
</ref>
<ref id="ref-44">
<element-citation publication-type="report">
<article-title>Apache Kafka</article-title>
</element-citation>
</ref>
<ref id="ref-45">
<element-citation publication-type="report">
<article-title>Elastic Stack</article-title>
</element-citation>
</ref>
<ref id="ref-42">
<element-citation publication-type="paper-conference">
<article-title>Aspect-oriented programming</article-title>
<person-group person-group-type="author">
<name><surname>Kiczales</surname><given-names>Gregor</given-names></name>
<name><surname>Lamping</surname><given-names>John</given-names></name>
<name><surname>Mendhekar</surname><given-names>Anurag</given-names></name>
<name><surname>Maeda</surname><given-names>Chris</given-names></name>
<name><surname>Lopes</surname><given-names>Cristina</given-names></name>
<name><surname>Loingtier</surname><given-names>Jean-Marc</given-names></name>
<name><surname>Irwin</surname><given-names>John</given-names></name>
</person-group><source>ECOOP'97 — Object-Oriented Programming</source><year iso-8601-date="1997">1997</year><fpage>220</fpage><lpage>242</lpage></element-citation>
</ref>
<ref id="ref-48">
<element-citation publication-type="journal">
<article-title>The SONAR-netCDF4 convention for sonar data, Version 1.0</article-title>
<person-group person-group-type="author">
<name><surname>Macaulay</surname><given-names>Gavin</given-names></name>
<name><surname>Peña</surname><given-names>Hector</given-names></name>
</person-group><year iso-8601-date="2018">2018</year><pub-id pub-id-type="doi">10.17895/ices.pub.4392</pub-id></element-citation>
</ref>
<ref id="ref-50">
<element-citation publication-type="software">
<article-title>OSOceanAcoustics/echoregions: v0.1.0 (Initial Release of Echoregions)</article-title>
<person-group person-group-type="author">
<name><surname>Nguyen</surname><given-names>Kavin</given-names></name>
<name><surname>Tuguinay</surname><given-names>Caesar</given-names></name>
<name><surname>Staneva</surname><given-names>Valentina</given-names></name>
<name><surname>Lee</surname><given-names>Wu-Jung</given-names></name>
</person-group><year iso-8601-date="2023">2023</year><pub-id pub-id-type="doi">10.5281/zenodo.8400850</pub-id></element-citation>
</ref>
<ref id="ref-36">
<element-citation publication-type="software">
<article-title>OSOceanAcoustics/echopop: v0.4.0</article-title>
<person-group person-group-type="author">
<name><surname>Lucca</surname><given-names>Brandyn</given-names></name>
<name><surname>Mayorga</surname><given-names>Emilio</given-names></name>
<name><surname>reyes</surname></name>
<name><surname>Lee</surname><given-names>Wu-Jung</given-names></name>
</person-group><year iso-8601-date="2024">2024</year><pub-id pub-id-type="doi">10.5281/zenodo.11454149</pub-id></element-citation>
</ref>
<ref id="ref-49">
<element-citation publication-type="software">
<article-title>OSOceanAcoustics/echoshader: v0.1.0</article-title>
<person-group person-group-type="author">
<name><surname>Lei</surname><given-names>Dingrui</given-names></name>
<name><surname>Setiawan</surname><given-names>Don</given-names></name>
<name><surname>Reyes</surname><given-names>Brandon</given-names></name>
<name><surname>Mayorga</surname><given-names>Emilio</given-names></name>
<name><surname>Lee</surname><given-names>Wu-Jung</given-names></name>
<name><surname>Staneva</surname><given-names>Valentina</given-names></name>
</person-group><year iso-8601-date="2024">2024</year><pub-id pub-id-type="doi">10.5281/zenodo.10856784</pub-id></element-citation>
</ref>
<ref id="ref-46">
<element-citation publication-type="report">
<article-title>ICES Working Group on Global Acoustic Interoperable Network (GAIN)</article-title>
</element-citation>
</ref>
<ref id="ref-47">
<element-citation publication-type="report">
<article-title>Echosounder Data Processing Levels</article-title>
</element-citation>
</ref>
<ref id="ref-56">
<element-citation publication-type="paper-conference">
<article-title>Jetstream2: Accelerating cloud computing via Jetstream</article-title>
<person-group person-group-type="author">
<name><surname>Hancock</surname><given-names>David Y.</given-names></name>
<name><surname>Fischer</surname><given-names>Jeremy</given-names></name>
<name><surname>Lowe</surname><given-names>John Michael</given-names></name>
<name><surname>Snapp-Childs</surname><given-names>Winona</given-names></name>
<name><surname>Pierce</surname><given-names>Marlon</given-names></name>
<name><surname>Marru</surname><given-names>Suresh</given-names></name>
<name><surname>Coulter</surname><given-names>J. Eric</given-names></name>
<name><surname>Vaughn</surname><given-names>Matthew</given-names></name>
<name><surname>Beck</surname><given-names>Brian</given-names></name>
<name><surname>Merchant</surname><given-names>Nirav</given-names></name>
<name><surname>Skidmore</surname><given-names>Edwin</given-names></name>
<name><surname>Jacobs</surname><given-names>Gwen</given-names></name>
</person-group><source>Practice and Experience in Advanced Research Computing 2021: Evolution Across All Dimensions</source><year iso-8601-date="2021">2021</year><pub-id pub-id-type="doi">10.1145/3437359.3465565</pub-id></element-citation>
</ref>
<ref id="ref-57">
<element-citation publication-type="paper-conference">
<article-title>ACCESS: Advancing Innovation: NSF’s Advanced Cyberinfrastructure Coordination Ecosystem: Services &amp; Support</article-title>
<person-group person-group-type="author">
<name><surname>Boerner</surname><given-names>Timothy J.</given-names></name>
<name><surname>Deems</surname><given-names>Stephen</given-names></name>
<name><surname>Furlani</surname><given-names>Thomas R.</given-names></name>
<name><surname>Knuth</surname><given-names>Shelley L.</given-names></name>
<name><surname>Towns</surname><given-names>John</given-names></name>
</person-group><source>Practice and Experience in Advanced Research Computing 2023: Computing for the Common Good</source><year iso-8601-date="2023">2023</year><pub-id pub-id-type="doi">10.1145/3569951.3597559</pub-id><fpage>173</fpage><lpage>176</lpage></element-citation>
</ref>
</ref-list>
</back>
</article>
