<?xml version="1.0" encoding="UTF-8"?>
<!DOCTYPE manifest PUBLIC "-//MECA//DTD Manifest v1.0//en" "https://meca.zip/manifest-1.0.dtd">
<manifest manifest-version="1" xmlns="https://manuscriptexchange.org/schema/manifest" xmlns:xlink="http://www.w3.org/1999/xlink">
  <item item-type="article-metadata">
    <instance media-type="application/xml" xlink:href="jats.xml"/>
  </item>
  <item item-type="article-supporting-file">
    <instance media-type="text/plain" xlink:href="files/172db5e112d148a09671c7ab6eab1774.txt"/>
  </item>
  <item item-type="article-supporting-file">
    <instance media-type="text/html" xlink:href="files/1984cdf2937f48acdcd4428fefc2f6f0.html"/>
  </item>
  <item item-type="article-supporting-file">
    <instance media-type="text/plain" xlink:href="files/1c09ff1bf2a1b1cf6b814040632d3db0.txt"/>
  </item>
  <item item-type="article-supporting-file">
    <instance media-type="text/plain" xlink:href="files/2758d922fbc373bcca4db1f04b8d1ba6.txt"/>
  </item>
  <item item-type="article-supporting-file">
    <instance media-type="text/plain" xlink:href="files/292592c6be9cb27bf0b3f101e2a660a9.txt"/>
  </item>
  <item item-type="article-supporting-file">
    <instance media-type="text/plain" xlink:href="files/6b9c5f1df1eedf4c83c863f5d5c02bf5.txt"/>
  </item>
  <item item-type="article-supporting-file">
    <instance media-type="text/plain" xlink:href="files/75e8aaf026c1d5b5da50ce3fbaae19fb.txt"/>
  </item>
  <item item-type="article-supporting-file">
    <instance media-type="text/html" xlink:href="files/78c5f4eb06ad5fe607112fb26438492a.html"/>
  </item>
  <item item-type="article-supporting-file">
    <instance media-type="text/plain" xlink:href="files/a4e5672e3b0d15d4d042c809da4fd7d8.txt"/>
  </item>
  <item item-type="article-supporting-file">
    <instance media-type="image/png" xlink:href="files/airfoils_collections-dd5b4b6960af2b19750b0fee36a25741.png"/>
  </item>
  <item item-type="article-supporting-file">
    <instance media-type="image/png" xlink:href="files/class_diagram-4d1c7eb7a801128c9c699339da5aab26.png"/>
  </item>
  <item item-type="article-supporting-file">
    <instance media-type="image/png" xlink:href="files/curve_api_link-4b91fc8dfd9476a50954bcf14ace8bba.png"/>
  </item>
  <item item-type="article-supporting-file">
    <instance media-type="text/html" xlink:href="files/d932086a2c75dc0260f7f34e2aa953ee.html"/>
  </item>
  <item item-type="article-supporting-file">
    <instance media-type="application/json" xlink:href="files/dba67fee10760ab931549383954539c1.json"/>
  </item>
  <item item-type="article-supporting-file">
    <instance media-type="text/html" xlink:href="files/dd2d052f744569920c02a239a6282046.html"/>
  </item>
  <item item-type="article-supporting-file">
    <instance media-type="text/plain" xlink:href="files/e1fc55857066d3474a2073c64859528c.txt"/>
  </item>
  <item item-type="article-supporting-file">
    <instance media-type="text/html" xlink:href="files/fcb16ca7dcb75cf06ed43311e085da2a.html"/>
  </item>
  <item item-type="article-supporting-file">
    <instance media-type="image/png" xlink:href="files/fine-tune-control-po-b51d3e32ddff04678ae94dd1d7b9b514.png"/>
  </item>
  <item item-type="article-supporting-file">
    <instance media-type="image/png" xlink:href="files/fine-tuning-knot-vec-759f90f0f55046c643ce38bb0a12b915.png"/>
  </item>
  <item item-type="article-supporting-file">
    <instance media-type="image/png" xlink:href="files/fit_accuracy-44edf2ca81cf605923a8fb4e2cbd7a53.png"/>
  </item>
  <item item-type="article-supporting-file">
    <instance media-type="image/png" xlink:href="files/fit_accuracy_paramet-cb686f73445375dc5111dadbaee057a7.png"/>
  </item>
  <item item-type="article-supporting-file">
    <instance media-type="image/png" xlink:href="files/interp_spline_fittin-e683a259cae70e7fcccce27eceb580f8.png"/>
  </item>
  <item item-type="article-supporting-file">
    <instance media-type="image/png" xlink:href="files/lsq_spline_fitting_s-1acc5160105a89001175b8f84c68f87c.png"/>
  </item>
  <item item-type="article-supporting-file">
    <instance media-type="image/png" xlink:href="files/smooth_spline_fittin-f943fbce715b04064f72334f5b1213f7.png"/>
  </item>
  <item item-type="article-supporting-file">
    <instance media-type="image/png" xlink:href="files/spline_curve_as_two_-91d490a2e0a555847e7e2732b5fa7f2a.png"/>
  </item>
  <item item-type="article-supporting-file">
    <instance media-type="image/png" xlink:href="files/splinecloud-curve-fi-e1caaaeede240cd1fc8ac077fbcb4601.png"/>
  </item>
  <item item-type="article-supporting-file">
    <instance media-type="image/png" xlink:href="files/splinecloud_datasets-3c978fd46ef8646276c39fd0fe785668.png"/>
  </item>
  <item item-type="article-supporting-file">
    <instance media-type="image/png" xlink:href="files/subset_api_link-6a009fb5ca8fa7c98321e91ea185e8cd.png"/>
  </item>
  <item item-type="article-supporting-file">
    <instance media-type="image/png" xlink:href="files/van_tonder_et_al_mod-6186b9a25212b9d6f2e2c205ce43bbe6.png"/>
  </item>
  <item item-type="article-supporting-file">
    <instance media-type="image/png" xlink:href="files/van_tonder_spline_au-1db3c63113b12568e580c14b6b0f1a39.png"/>
  </item>
  <item item-type="article-supporting-file">
    <instance media-type="image/png" xlink:href="files/van_tonder_spline_fi-7e0dc28430bf3b2939fe1aa4482ccb40.png"/>
  </item>
  <item item-type="article-supporting-file">
    <instance media-type="image/png" xlink:href="files/wing-generator-app-e45dfe6a2a217f947b850d351564dbfd.png"/>
  </item>
  <item item-type="article-supporting-file">
    <instance media-type="image/png" xlink:href="files/wingspan_efficiency_-299d1ff1b19c1ae431a9a042ec08973d.png"/>
  </item>
  <item item-type="article-supporting-file">
    <instance media-type="image/png" xlink:href="files/wingspan_factor_rela-d170d0920507d42ea36f28c0efd12fd1.png"/>
  </item>
  <item item-type="article-supporting-file">
    <instance media-type="image/png" xlink:href="files/workflow_scheme-d4af18da69e09f45a69fca1f010381bc.png"/>
  </item>
  <item item-type="manuscript">
    <instance media-type="application/pdf" xlink:href="full_text.pdf"/>
  </item>
  <item item-type="article-source">
    <instance media-type="text/yaml" xlink:href="bundle/myst.yml"/>
  </item>
  <item item-type="article-source">
    <instance media-type="text/markdown" xlink:href="bundle/main.md"/>
  </item>
  <item item-type="article-source">
    <instance media-type="image/png" xlink:href="bundle/figures/workflow_scheme.png"/>
  </item>
  <item item-type="article-source">
    <instance media-type="image/png" xlink:href="bundle/figures/class_diagram.png"/>
  </item>
  <item item-type="article-source">
    <instance media-type="image/png" xlink:href="bundle/figures/splinecloud_datasets.png"/>
  </item>
  <item item-type="article-source">
    <instance media-type="image/png" xlink:href="bundle/figures/splinecloud-curve-fitting.png"/>
  </item>
  <item item-type="article-source">
    <instance media-type="image/png" xlink:href="bundle/figures/spline_curve_as_two_functions.png"/>
  </item>
  <item item-type="article-source">
    <instance media-type="image/png" xlink:href="bundle/figures/fine-tune-control-points.png"/>
  </item>
  <item item-type="article-source">
    <instance media-type="image/png" xlink:href="bundle/figures/fine-tuning-knot-vector.png"/>
  </item>
  <item item-type="article-source">
    <instance media-type="image/png" xlink:href="bundle/figures/van_tonder_et_al_model.png"/>
  </item>
  <item item-type="article-source">
    <instance media-type="image/png" xlink:href="bundle/figures/airfoils_collections.png"/>
  </item>
  <item item-type="article-source">
    <instance media-type="image/png" xlink:href="bundle/figures/wing-generator-app.png"/>
  </item>
  <item item-type="article-source">
    <instance media-type="application/x-ipynb+json" xlink:href="bundle/notebooks/Reusing_Curves_From_SplineCloud.ipynb"/>
  </item>
  <item item-type="article-source">
    <instance media-type="application/x-ipynb+json" xlink:href="bundle/notebooks/Spline_Fitting_With_SciPy.ipynb"/>
  </item>
  <item item-type="article-source">
    <instance media-type="application/x-bibtex" xlink:href="bundle/mybib.bib"/>
  </item>
  <item item-type="article-source-directory">
    <instance media-type="application/x-directory" xlink:href="bundle/"/>
  </item>
</manifest>