<?xml version="1.0" encoding="UTF-8"?>
<!DOCTYPE article PUBLIC "-//NLM//DTD JATS (Z39.96) Journal Archiving and Interchange DTD with MathML3 v1.3 20210610//EN" "http://jats.nlm.nih.gov/publishing/1.3/JATS-archivearticle1-3-mathml3.dtd">
<article xmlns:mml="http://www.w3.org/1998/Math/MathML" xmlns:xlink="http://www.w3.org/1999/xlink" xmlns:xsi="http://www.w3.org/2001/XMLSchema-instance" xmlns:ali="http://www.niso.org/schemas/ali/1.0/" dtd-version="1.3" xml:lang="en" id="main">
<front>
<article-meta>
<article-id pub-id-type="doi">10.25080/NRPV2311</article-id>
<title-group>
<article-title>Any notebook served: authoring and sharing reusable interactive widgets</article-title>
</title-group>
<contrib-group>
<contrib contrib-type="author" corresp="yes">
<contrib-id contrib-id-type="orcid">https://orcid.org/0000-0001-7694-5164</contrib-id>
<name name-style="western"><surname>Manz</surname><given-names>Trevor</given-names></name>
<role vocab="credit" vocab-identifier="https://credit.niso.org/" vocab-term="Conceptualization" vocab-term-identifier="https://credit.niso.org/contributor-roles/conceptualization/">Conceptualization</role>
<role vocab="credit" vocab-identifier="https://credit.niso.org/" vocab-term="Methodology" vocab-term-identifier="https://credit.niso.org/contributor-roles/methodology/">Methodology</role>
<role vocab="credit" vocab-identifier="https://credit.niso.org/" vocab-term="Software" vocab-term-identifier="https://credit.niso.org/contributor-roles/software/">Software</role>
<role vocab="credit" vocab-identifier="https://credit.niso.org/" vocab-term="Writing – original draft" vocab-term-identifier="https://credit.niso.org/contributor-roles/writing-original-draft/">Writing – original draft</role>
<xref ref-type="aff" rid="aff-1"/>
<email>trevor_manz@g.harvard.edu</email>
</contrib>
<contrib contrib-type="author">
<contrib-id contrib-id-type="orcid">https://orcid.org/0000-0003-0327-8297</contrib-id>
<name name-style="western"><surname>Gehlenborg</surname><given-names>Nils</given-names></name>
<role vocab="credit" vocab-identifier="https://credit.niso.org/" vocab-term="Funding acquisition" vocab-term-identifier="https://credit.niso.org/contributor-roles/funding-acquisition/">Funding acquisition</role>
<role vocab="credit" vocab-identifier="https://credit.niso.org/" vocab-term="Supervision" vocab-term-identifier="https://credit.niso.org/contributor-roles/supervision/">Supervision</role>
<role vocab="credit" vocab-identifier="https://credit.niso.org/" vocab-term="Writing – review &amp; editing" vocab-term-identifier="https://credit.niso.org/contributor-roles/writing-review-editing/">Writing – review &amp; editing</role>
<xref ref-type="aff" rid="aff-1"/>
<email>nils@hms.harvard.edu</email>
</contrib>
<contrib contrib-type="author" corresp="yes">
<contrib-id contrib-id-type="orcid">https://orcid.org/0000-0001-5814-0864</contrib-id>
<name name-style="western"><surname>Abdennur</surname><given-names>Nezar</given-names></name>
<role vocab="credit" vocab-identifier="https://credit.niso.org/" vocab-term="Conceptualization" vocab-term-identifier="https://credit.niso.org/contributor-roles/conceptualization/">Conceptualization</role>
<role vocab="credit" vocab-identifier="https://credit.niso.org/" vocab-term="Funding acquisition" vocab-term-identifier="https://credit.niso.org/contributor-roles/funding-acquisition/">Funding acquisition</role>
<role vocab="credit" vocab-identifier="https://credit.niso.org/" vocab-term="Supervision" vocab-term-identifier="https://credit.niso.org/contributor-roles/supervision/">Supervision</role>
<role vocab="credit" vocab-identifier="https://credit.niso.org/" vocab-term="Writing – review &amp; editing" vocab-term-identifier="https://credit.niso.org/contributor-roles/writing-review-editing/">Writing – review &amp; editing</role>
<xref ref-type="aff" rid="aff-2"/><xref ref-type="aff" rid="aff-3"/>
<email>nezar.abdennur@umassmed.edu</email>
</contrib>
</contrib-group>
<aff id="aff-1">
<institution-wrap>
<institution>Department of Biomedical Informatics, Harvard Medical School, Boston, MA, USA</institution>
</institution-wrap>
</aff>
<aff id="aff-2">
<institution-wrap>
<institution>Department of Genomics and Computational Biology, UMass Chan Medical School, Worcester, MA, USA</institution>
</institution-wrap>
</aff>
<aff id="aff-3">
<institution-wrap>
<institution>Department of Systems Biology, UMass Chan Medical School, Worcester, MA, USA</institution>
</institution-wrap>
</aff>
<fpage>247</fpage><lpage>255</lpage>
<permissions>
<ali:free_to_read/>
<license xlink:href="https://creativecommons.org/licenses/by/4.0/">
<ali:license_ref>https://creativecommons.org/licenses/by/4.0/</ali:license_ref>
<license-p>This is an open access article distributed under the terms of the <ext-link ext-link-type="uri" xlink:href="http://creativecommons.org/licenses/by/4.0/">Creative Commons Attribution License</ext-link>, which permits unrestricted use, distribution, and reproduction in any medium, provided the original author and source are credited.</license-p>
</license>
</permissions>
<abstract>
<p>The open-source Jupyter project has fostered a robust ecosystem around
notebook-based computing, resulting in diverse Jupyter-compatible platforms
(e.g., JupyterLab, Google Colab, VS Code). Jupyter Widgets extend these
environments with custom visualizations and interactive elements that
communicate directly with user code and data. While this bidirectional
communication makes the widget system powerful, its architecture is currently
tightly coupled to platforms. As a result, widgets are complex and error-prone
to author and distribute, limiting the potential of the wider widget ecosystem.
Here we describe the motivation and approach behind the <italic>anywidget</italic> project,
a specification and toolset for portable and reusable web-based widgets in
interactive computing environments. It ensures cross-platform compatibility
by using the web browser’s built-in module system to load these modules from
the notebook kernel. This design simplifies widget authorship and distribution,
enables rapid prototyping, and lowers the barrier to entry for newcomers.
Anywidget is compatible with not just Jupyter-compatible platforms but any web-based notebook
platform or authoring environment and is already adopted by other projects.
Its adoption has sparked a widget renaissance, improving reusability,
interoperability, and making interactive computing more accessible.</p>
</abstract>
<kwd-group>
<kwd>Computational Notebooks</kwd>
<kwd>Jupyter</kwd>
<kwd>Widgets</kwd>
<kwd>Python</kwd>
<kwd>JavaScript</kwd>
<kwd>Data Visualization</kwd>
<kwd>Interactive Computing</kwd>
</kwd-group>
</article-meta>
</front>
<body>
<sec id="sec-1">
<label>1</label>
<title>Introduction</title>
<p>Computational notebooks combine live code, equations, prose, visualizations,
and other media within a single environment. The Jupyter project
(<xref ref-type="bibr" rid="ref-4">Kluyver <italic>et al.</italic>, 2016</xref>; <xref ref-type="bibr" rid="ref-7">Granger &amp; Pérez, 2021</xref>) has been instrumental the success of
notebooks, which have become the tool of choice for interactive computing in
data science, research, and education. Key to Jupyter’s widespread adoption is
its modular architecture and standardization of interacting components, which
have fostered an extensive ecosystem of tools that reuse these elements. For
example, the programs responsible for executing code written in notebooks,
called <bold>kernels</bold>, can be implemented by following the Jupyter Messaging
Protocol (<xref ref-type="bibr" rid="ref-11">Jupyter Client documentation, n.d.</xref>). This design allows users to install kernels for
various different languages and types of computation. Similarly, Jupyter’s
open-standard notebook format (<monospace>.ipynb</monospace>) ensures that notebooks can be shared
and interpreted across different platforms (<xref ref-type="bibr" rid="ref-12">nbformat documentation, n.d.</xref>).</p>
<p>Jupyter’s modular architecture has also supported innovation in <bold>notebook
front ends</bold> — the user interfaces (<abbrev alt="user interface">UI</abbrev>s) for editing and executing code, as
well as inspecting kernel outputs. The success of the classic Jupyter Notebook
(<xref ref-type="bibr" rid="ref-4">Kluyver <italic>et al.</italic>, 2016</xref>) spurred the development of several similar Jupyter-compatible
platforms (<abbrev alt="Jupyter-compatible platform">JCP</abbrev>s), such as JupyterLab, Google Colab, and Visual Studio Code.
These platforms provide unique <abbrev alt="user interface">UI</abbrev>s and editing features while reusing Jupyter’s
other standardized components. This interoperability allows users to choose the
platform that best suits their needs, while retaining a familiar interactive
computing experience with the ability to share notebooks. Furthermore, the
separation of computation from <abbrev alt="user interface">UI</abbrev> offers users a wide selection of both front
ends and kernels. However, the proliferation of <abbrev alt="Jupyter-compatible platform">JCP</abbrev>s has led to significant
challenges for Jupyter Widgets, a key component of interactive user interfaces
in Jupyter.</p>
<p><bold>Jupyter Widgets</bold> extend notebook outputs with interactive views and controls
for objects residing in the kernel (<xref ref-type="bibr" rid="ref-10">Jupyter documentation, n.d.</xref>). For instance, the
<ext-link ext-link-type="uri" xlink:href="https://github.com/jupyter-widgets/ipywidgets">ipywidgets</ext-link> library, besides
defining the widget communication protocol, provides basic form elements like
buttons, sliders, and dropdowns to adjust individual variables. Other community
projects offer interactive visualizations for domain-specific needs, such as 3D
volume rendering (<ext-link ext-link-type="uri" xlink:href="https://github.com/widgetti/ipyvolume">ipyvolume</ext-link>),
biological data exploration (<xref ref-type="bibr" rid="ref-18">Manz <italic>et al.</italic>, 2023</xref>; <xref ref-type="bibr" rid="ref-23">Manz <italic>et al.</italic>, 2022</xref>; <xref ref-type="bibr" rid="ref-22">Keller <italic>et al.</italic>, 2021</xref>), and mapping
(<ext-link ext-link-type="uri" xlink:href="https://github.com/jupyter-widgets/ipyleaflet">ipyleaflet</ext-link>,
<ext-link ext-link-type="uri" xlink:href="https://github.com/visgl/deck.gl/tree/master/bindings/pydeck">pydeck</ext-link>,
<ext-link ext-link-type="uri" xlink:href="https://developmentseed.org/lonboard/">lonboard</ext-link>), which users can update by
executing other code cells or interact with in the <abbrev alt="user interface">UI</abbrev> to update properties in
the kernel.</p>
<p>Widgets are unique among Jupyter components in that they consist of two
separate programs — kernel-side code and front-end code — that communicate
directly via custom messages <xref ref-type="fig" rid="figure-1">Figure 1</xref>, rather than through a mediating
Jupyter process. With widgets, communication is bidirectional: a kernel action
(e.g., the execution of a notebook cell) can update the <abbrev alt="user interface">UI</abbrev>, such as causing a
slider to move, while a user interaction (e.g., dragging a slider), can drive
changes in the kernel, like updating a variable. This two-way communication
distinguishes widgets from other interactive elements in notebook outputs, such
as HTML displays, which cannot communicate back and forth with the kernel.</p>
<fig id="figure-1">
<label>Figure 1:</label>
<caption>
<p>Jupyter Widget conceptual architecture.</p>
</caption>
<graphic mimetype="image" mime-subtype="png" xlink:href="files/widget-lifecycle-7ce436a4ee6903e9bc14ff71f44a2d50.png"/>
</fig>
<p>Widgets are intended to be pluggable components, similar to kernels. However,
only the protocol for communication between kernel and front-end widget code,
known as the <ext-link ext-link-type="uri" xlink:href="https://github.com/jupyter-widgets/ipywidgets/blob/c65dc47/packages/schema/messages.md">Jupyter Widgets Message
Protocol</ext-link>,
is standardized. Critical components, such as the distribution format for
front-end modules and methods for discovering, loading, and executing these
modules, remain unspecified. As a result, <abbrev alt="Jupyter-compatible platform">JCP</abbrev>s have adopted diverse third-party
module formats, installation procedures, and execution models to support
widgets. These inconsistencies place the onus on widget authors to ensure
cross-<abbrev alt="Jupyter-compatible platform">JCP</abbrev> compatibility.</p>
<boxed-text content-type="note">
<caption>
<title>Note</title>
</caption>
<p>In this paper, we define a Jupyter Widget as consisting of a pair of programs:
kernel-side and front-end, which communicate via the Jupyter Widget Message
Protocol. While Python-only widget classes exist, which wrap other Jupyter
Widgets as dependencies, this paper focuses on those with dedicated front-end
code, where the challenges described apply.</p>
</boxed-text>
<p><abbrev alt="Jupyter-compatible platform">JCP</abbrev>s load front-end widget code by searching in various external sources, such
as local file systems or Content Distribution Networks (<abbrev alt="content distribution network">CDN</abbrev>s) while kernel-side
(Python) code loads and runs in the kernel <xref ref-type="fig" rid="figure-2">Figure 2</xref>. These access
patterns split the distribution of custom widgets between Python and JavaScript
package registries, complicating releases and requiring widget authors to
understand both packaging ecosystems. This division creates challenges,
especially in shared, multi-user environments like
<ext-link ext-link-type="uri" xlink:href="https://jupyter.org/hub">JupyterHub</ext-link>. Since kernels cannot host static assets,
users cannot independently install widgets or manage versions. Instead, widget
front-end code must be pre-installed on the Jupyter webserver, typically by an
administrator. Consequently, users are restricted to administrator-installed
widgets and versions, unable to upgrade or add new ones independently.</p>
<fig id="figure-2">
<label>Figure 2:</label>
<caption>
<p>Without anywidget, to ensure compatibility, authors must transform their
JavaScript code for each <abbrev alt="Jupyter-compatible platform">JCP</abbrev>. Since <abbrev alt="Jupyter-compatible platform">JCP</abbrev>s load front-end widget code from a
webserver rather than the kernel, widget front-end and Python code must also be
packaged separately and installed consistently on any given platform.
Missing puzzle pieces represent missing front-end extensions for specific
target <abbrev alt="Jupyter-compatible platform">JCP</abbrev>s. The misshapen blue piece represents an incorrectly built or broken
extension. Both situations contribute to fragmented <abbrev alt="Jupyter-compatible platform">JCP</abbrev> support.</p>
</caption>
<graphic mimetype="image" mime-subtype="svg" xlink:href="files/dev-before-afm-01-7e186af71be93ad52930dd14a88fe515.svg"/>
</fig>
<p>These limitations make widget development complex and time-consuming, demanding
expertise in multiple domains. They make user experiences across <abbrev alt="Jupyter-compatible platform">JCP</abbrev>s
frustrating and unreliable. The high barrier to entry discourages new developers
and domain scientists from contributing to widgets, limiting growth and
diversity in the ecosystem. This leaves a small group of authors responsible for
adapting their code for cross-<abbrev alt="Jupyter-compatible platform">JCP</abbrev> compatibility, hindering widget
reliability and maintainability.</p>
</sec>
<sec id="sec-2">
<label>2</label>
<title>Methodology</title>
<p>The <ext-link ext-link-type="uri" xlink:href="https://github.com/manzt/anywidget"><bold>anywidget</bold></ext-link> project simplifies the
authoring, sharing, and distribution of Jupyter Widgets by (i) introducing a
standard for widget front-end code based on the web browser’s native module
system, (ii) loading these modules from the kernel, and (iii) providing the
necessary “glue code” to adapt existing <abbrev alt="Jupyter-compatible platform">JCP</abbrev>s to load and execute these
components <xref ref-type="fig" rid="figure-3">Figure 3</xref>. This separation of concerns allows widget authors
to write portable code that runs consistently across <abbrev alt="Jupyter-compatible platform">JCP</abbrev>s without manual
installation steps.</p>
<fig id="figure-3">
<label>Figure 3:</label>
<caption>
<p>With anywidget, developers author a single, standard portable <abbrev alt="ECMAScript">ES</abbrev>
module (<abbrev alt="anywidget front-end module">AFM</abbrev>), which is loaded from the kernel and executed using the browser’s
native module system. For existing <abbrev alt="Jupyter-compatible platform">JCP</abbrev>s, anywidget provides a front-end adapter
to load and execute these standardized modules, while new platforms can add
native <abbrev alt="anywidget front-end module">AFM</abbrev> support directly. Widget kernel-side code and <abbrev alt="anywidget front-end module">AFM</abbrev> can be run
directly from within notebooks, from source files, or distributed as single
Python packages. With anywidget, each <abbrev alt="Jupyter-compatible platform">JCP</abbrev> consumes the same <abbrev alt="anywidget front-end module">AFM</abbrev>, and widget
authors can compose an <abbrev alt="anywidget front-end module">AFM</abbrev> directly or target <abbrev alt="anywidget front-end module">AFM</abbrev> through a build step to
take advantage of advanced tools.</p>
</caption>
<graphic mimetype="image" mime-subtype="svg" xlink:href="files/dev-after-afm-02-9cd477ec6d68aa0c27a2585ce873dd3e.svg"/>
</fig>
<p>Packaging custom Jupyter Widgets is complex due to the need to adapt JavaScript
source code for various module systems used by <abbrev alt="Jupyter-compatible platform">JCP</abbrev>s. Initially, JavaScript
lacked a built-in module system, leading <abbrev alt="Jupyter-compatible platform">JCP</abbrev>s to adopt diverse third-party
solutions. Without a standardized widget front-end format, authors transform
their code for each <abbrev alt="Jupyter-compatible platform">JCP</abbrev>. In the context of Jupyter Notebook and JupyterLab,
this problem is described in the Jupyter Widgets documentation (<xref ref-type="bibr" rid="ref-13">Low Level Widget Explanation, n.d.</xref>)
as follows:</p>
<disp-quote>
<p>Because the <abbrev alt="application programming interface">API</abbrev> of any given widget must exist in the kernel, the kernel is
the natural place for widgets to be installed. However, kernels, as of now,
don’t host static assets. Instead, static assets are hosted by the webserver,
which is the entity that sits between the kernel and the front-end. This is a
problem because it means widgets have components that need to be installed
both in the webserver and the kernel. The kernel components are easy to
install, because you can rely on the language’s built-in tools. The static
assets for the webserver complicate things, because an extra step is required
to let the webserver know where the assets are.</p>
</disp-quote>
<p>ECMAScript (<abbrev alt="ECMAScript">ES</abbrev>) modules, introduced in 2015, are an official standard for
packaging JavaScript code for reuse (<xref ref-type="bibr" rid="ref-24">Shu-Guo <italic>et al.</italic>, 2023</xref>). While most <abbrev alt="Jupyter-compatible platform">JCP</abbrev>s predate its
standardization, <abbrev alt="ECMAScript">ES</abbrev> modules are universally supported by browsers today. By
adopting <abbrev alt="ECMAScript">ES</abbrev> modules, anywidget is able to use the browser’s native import
mechanism to load and execute widget front-end code from the Jupyter kernel,
thereby bypassing those used by <abbrev alt="Jupyter-compatible platform">JCP</abbrev>s and eliminating third-party dependencies.
This approach not only overcomes many development challenges, but also
eliminates installation procedures for front-end code. Consequently, developers
can prototype and share widgets directly within notebooks, making them more
reliable and easier to use.</p>
<p>An anywidget front-end module (<abbrev alt="anywidget front-end module">AFM</abbrev>) is an <abbrev alt="ECMAScript">ES</abbrev> module with a <monospace>default</monospace> export
defining widget behavior. This export includes lifecycle methods, or “hooks,”
for managing a widget’s lifecycle stages: initialization, rendering, and
destruction <xref ref-type="fig" rid="figure-4">Figure 4</xref>. <abbrev alt="anywidget front-end module">AFM</abbrev> lifecycle methods receive the interfaces required
for kernel communication and notebook output modifications as arguments, rather
than creating them internally or relying on global variables provided by the
<abbrev alt="Jupyter-compatible platform">JCP</abbrev>. This practice, known as dependency injection (<xref ref-type="bibr" rid="ref-21">Fowler, 2004</xref>), improves <abbrev alt="anywidget front-end module">AFM</abbrev>
portability by making integration interfaces explicit. New runtimes can support
<abbrev alt="anywidget front-end module">AFM</abbrev>s by implementing the required <abbrev alt="application programming interface">API</abbrev>s, and existing <abbrev alt="Jupyter-compatible platform">JCP</abbrev>s can refactor their
internals without breaking existing (any)widgets. For projects that want to take
advantage of advanced front-end tooling, anywidget also provides authoring
utilities to write <abbrev alt="anywidget front-end module">AFM</abbrev>s such as “bridge” libraries for popular web frameworks
(<xref ref-type="bibr" rid="ref-25">Manz <italic>et al.</italic>, 2024</xref>).</p>
<fig id="figure-4">
<label>Figure 4:</label>
<caption>
<p>An anywidget front-end module (<abbrev alt="anywidget front-end module">AFM</abbrev>) with initialization and rendering lifecycle
methods. For familiarity, <abbrev alt="anywidget front-end module">AFM</abbrev> methods use naming conventions from traditional
Jupyter Widgets; however, <abbrev alt="anywidget front-end module">AFM</abbrev> <ext-link ext-link-type="uri" xlink:href="https://observablehq.com/@manzt/afm-narrowing-widget-front-end-apis">narrows down the
APIs</ext-link>
provided to these methods, making it easier to load and execute <abbrev alt="anywidget front-end module">AFM</abbrev>s in
new environments. <italic>Methods</italic>: The <monospace>initialize</monospace> and <monospace>render</monospace> methods correspond
to different stages in the widget’s lifecycle. During model initialization, a
front-end model is created and synchronized with the kernel. In the rendering
stage, each notebook cell displaying a widget object renders an independent
view based on the synced model state. <italic>Arguments</italic>: The interface of <monospace>model</monospace> is
restricted to a minimal set of methods for communicating with the kernel
(retrieving, updating, and responding to value changes). The <monospace>el</monospace> argument is a
standard web
<ext-link ext-link-type="uri" xlink:href="https://developer.mozilla.org/en-US/docs/Web/HTML/Element"><monospace>HTMLElement</monospace></ext-link>.</p>
</caption>
<code language="javascript">export default {
  initialize({ model }) {
    // Set up shared state or event handlers.
    return () =&gt; {
      // Optional: Called when the widget is destroyed.
    }
  },
  render({ model, el }) {
    // Render the widget's view into the el HTMLElement.
    return () =&gt; {
      // Optional: Called when the view is destroyed.
    }
  }
}</code>
</fig>
<p>Widget authorship is particularly challenging due to the need to integrate
front-end code that communicates with kernel code in a heterogeneous set of
environments. The anywidget project addresses these challenges by focusing on
the standardization, development, and distribution of widget front-end modules,
including the associated <abbrev alt="application programming interface">API</abbrev> to communicate with a computational kernel. The
anywidget Python package serves as an adapter library that turns each <abbrev alt="Jupyter-compatible platform">JCP</abbrev> into
an <abbrev alt="anywidget front-end module">AFM</abbrev>-compatible host environment. Finally, the anywidget project provides
additional tooling to help developers evolve their prototypes into mature
packages (<xref ref-type="bibr" rid="ref-25">Manz <italic>et al.</italic>, 2024</xref>).</p>
<p>An additional goal for an interactive computing paradigm like widgets is
composability. For example, ipywidgets provides utilities to link widgets
together or lay out grids of widgets on the page. These primitives allow
widgets to derive from others, enabling reuse of front-end and kernel
integrations in new ways. Importantly, Jupyter Widgets authored with the
anywidget Python package extend from ipywidgets, making them interoperable with
core ipywidgets and traditional custom widgets. By aligning with ipywidgets,
anywidget promotes composability and prevents fragmentation of the ecosystem.</p>
</sec>
<sec id="sec-3">
<label>3</label>
<title>Features</title>
<p>Adhering to predictable standards benefits both developers and end users in
many other ways beyond <abbrev alt="Jupyter-compatible platform">JCP</abbrev> interoperability, such as...</p>
<sec id="sec-4">
<label>3.1</label>
<title>Web Over Libraries</title>
<p>Front-end libraries change rapidly and often introduce
breaking changes, whereas the web platform remains more backward-compatible.
Traditional Jupyter Widgets require extensions from <abbrev alt="user interface">UI</abbrev> libraries provided by
<abbrev alt="Jupyter-compatible platform">JCP</abbrev>s, coupling widget implementations to third-party frameworks. In contrast,
<abbrev alt="anywidget front-end module">AFM</abbrev> defines a minimal set of essential interfaces focused on (1) communicating
with the kernel and (2) modifying notebook output cells, without dictating
models for state or <abbrev alt="user interface">UI</abbrev>. It allows widgets to be defined without dependencies,
reducing boilerplate and preventing lock-in. Authors may still use third-party
JavaScript libraries or tooling, but these are no longer necessary for <abbrev alt="Jupyter-compatible platform">JCP</abbrev>
compatibility, publishing, or user installation.</p>
</sec>
<sec id="sec-5">
<label>3.2</label>
<title>Rapid Iteration</title>
<p>The web ecosystem’s adoption of <abbrev alt="ECMAScript">ES</abbrev> modules has led to new technologies that
enhance developer experience and enable rapid prototyping. One such innovation
is hot module replacement (<abbrev alt="hot module replacement">HMR</abbrev>), a method that uses the browser’s module graph
to dynamically update applications without reloading the page or losing state.
Since traditional Jupyter Widgets rely on legacy module systems, they cannot
benefit from <abbrev alt="hot module replacement">HMR</abbrev> and instead require full page clearance, reload, and
re-execution to see changes during development. By contrast, anywidget is able
to provide opt-in <abbrev alt="hot module replacement">HMR</abbrev>, implemented through the Jupyter messaging protocol, in
order to support live development of custom widgets without any front-end
tooling. For example, adjusting a widget’s appearance, such as a chart’s color
scheme, updates the view instantly without re-executing cells or refreshing the
page.</p>
</sec>
<sec id="sec-6">
<label>3.3</label>
<title>Progressive Development</title>
<p>Anywidget makes it possible to prototype widgets directly within a notebook
since all widget code is loaded from the kernel. Custom widgets can start as a
few code cells and transition to separate files, gradually evolving into
standalone scripts or packages – just like kernel-side programs
<xref ref-type="fig" rid="figure-3">Figure 3</xref>. In contrast, developing traditional Jupyter Widgets is a
cumbersome process limited to the Jupyter Notebook and JupyterLab platforms. It
involves using a project generator (<xref ref-type="bibr" rid="ref-15">widget-cookiecutter, n.d.</xref>; <xref ref-type="bibr" rid="ref-16">widget-ts-cookiecutter, n.d.</xref>) to
bootstrap a project with over 50 files, creating and installing a local Python
package, bundling JavaScript code, and manually linking build outputs to
install extensions (<xref ref-type="bibr" rid="ref-26">Anywidget documentation cookiecutter comparison, n.d.</xref>). By removing these barriers,
anywidget accelerates development and allows prototypes to grow into robust
tools over time. In fact, as of January 2024, the JavaScript cookiecutter
(<xref ref-type="bibr" rid="ref-15">widget-cookiecutter, n.d.</xref>) project has been deprecated and directs users to use
anywidget instead.</p>
</sec>
<sec id="sec-7">
<label>3.4</label>
<title>Simplified Publishing</title>
<p>Serving <abbrev alt="anywidget front-end module">AFM</abbrev>s and other static assets from the kernel
removes the need to publish widget kernel-side and front-end code separately and
coordinate their releases. For example, many <abbrev alt="Jupyter-compatible platform">JCP</abbrev>s retrieve traditional widget
Javascript code from <ext-link ext-link-type="uri" xlink:href="https://www.npmjs.com/">npm</ext-link>, misusing the registry for
distributing specialized programs rather than reusable JavaScript modules.
Instead, with anywidget, developers can publish a widget (kernel-side module,
<abbrev alt="anywidget front-end module">AFM</abbrev>, and stylesheets) as a unified package to the distribution channels
relevant to the kernel language, such as the <ext-link ext-link-type="uri" xlink:href="https://pypi.org/">Python Package Index</ext-link>.
Consolidating the distribution process this way greatly simplifies publishing
and discovery.</p>
</sec>
</sec>
<sec id="sec-8">
<label>4</label>
<title>Impact and Outlook</title>
<p>Anywidget fills in the specification gaps for Jupyter Widgets by embracing open
standards and carefully separating developer concerns. It defines an <abbrev alt="application programming interface">API</abbrev> for
authoring portable and reusable widget components that decouples widget
authorship from <abbrev alt="Jupyter-compatible platform">JCP</abbrev>s, resulting in multiple downstream benefits. First,
anywidget—not widget authors—ensures compatibility and interoperability across
existing <abbrev alt="Jupyter-compatible platform">JCP</abbrev>s, and authors can focus on important features rather than wrestle
with build configuration and tooling. Anywidget’s adapter layer simply loads
and executes standardized front-end modules, meaning that the compatibility
afforded does not introduce overhead to the runtime performance of a widget
itself. A widget authored with anywidget has the same performance
characteristics as a widget tediously (and correctly) authored using the
traditional Jupyter Widgets system. Second, by circumventing bespoke <abbrev alt="Jupyter-compatible platform">JCP</abbrev> import
systems and loading web-standard <abbrev alt="ECMAScript">ES</abbrev> modules from the kernel, anywidget does
away with manual installation steps and delivers an improved developer
experience during widget authorship. Third, anywidget unifies and simplifies
widget distribution. Widgets can be prototyped and shared as notebooks, or
mature into <monospace>pip</monospace>-installable packages and distributed like other tools in the
Python data science ecosystem. End users benefit from standardization because
widgets are easy to install and behave consistently across platforms.</p>
<p>Since its release, anywidget has led to a proliferation of widgets and a more
diverse widget ecosystem <xref ref-type="fig" rid="figure-5">Figure 5</xref>. New widgets range from educational
tools for experimenting with toy datasets (e.g.,
<ext-link ext-link-type="uri" xlink:href="https://github.com/koaning/drawdata">DrawData</ext-link>) to high-performance data visualization
libraries (e.g., <ext-link ext-link-type="uri" xlink:href="https://developmentseed.org/lonboard/latest/">Lonboard</ext-link>,
<ext-link ext-link-type="uri" xlink:href="https://jupyter-scatter.dev/">Jupyter-Scatter</ext-link> (<xref ref-type="bibr" rid="ref-6">Lekschas &amp; Manz, 2024</xref>),
<ext-link ext-link-type="uri" xlink:href="https://github.com/uwdata/mosaic">Mosaic</ext-link> (<xref ref-type="bibr" rid="ref-8">Heer &amp; Moritz, 2024</xref>)) and research
projects enhancing notebook interactivity (e.g.,
<ext-link ext-link-type="uri" xlink:href="https://github.com/visdesignlab/persist/">Persist</ext-link> (<xref ref-type="bibr" rid="ref-9">Gadhave <italic>et al.</italic>, 2023</xref>),
<ext-link ext-link-type="uri" xlink:href="https://github.com/OzetteTech/comparative-embedding-visualization">cev</ext-link>
(<xref ref-type="bibr" rid="ref-20">Manz <italic>et al.</italic>, 2024</xref>)). Many of these tools use anywidget’s binary data transport to
enable efficient interactive visualization with minimal overhead by avoiding
JSON serialization. Existing widget projects have also migrated to anywidget
(e.g., <ext-link ext-link-type="uri" xlink:href="https://github.com/higlass/higlass-python">higlass-python</ext-link>,
<ext-link ext-link-type="uri" xlink:href="https://github.com/cds-astro/ipyaladin">ipyaladin</ext-link>) and other libraries have
introduced or refactored existing widget functionality to use anywidget (e.g.,
<ext-link ext-link-type="uri" xlink:href="https://github.com/vega/altair">Altair</ext-link> (<xref ref-type="bibr" rid="ref-17">VanderPlas <italic>et al.</italic>, 2018</xref>)) due to the
simplified distribution and authoring capabilities.</p>
<fig id="figure-5">
<label>Figure 5:</label>
<caption>
<p>Custom Jupyter Widgets per year as of September 2, 2024. Projects are tracked
in a semi-automated process, combining daily code searches against GitHub with
manual verification, at <ext-link ext-link-type="uri" xlink:href="https://github.com/manzt/anywidget-usage">https://github.com/manzt/anywidget-usage</ext-link>. See
repository for details and contribution guidelines.</p>
</caption>
<graphic mimetype="image" mime-subtype="png" xlink:href="files/widgetstats-a21b2dd211410cbe3de9503cfb55b99c.png"/>
</fig>
<p>The portable widget standard also extends the anywidget ecosystem to platforms
beyond Jupyter. Popular web frameworks and dashboarding libraries such as
<ext-link ext-link-type="uri" xlink:href="https://github.com/voila-dashboards/voila">Voila</ext-link>,
<ext-link ext-link-type="uri" xlink:href="https://github.com/holoviz/panel">Panel</ext-link>, <ext-link ext-link-type="uri" xlink:href="https://github.com/posit-dev/py-shiny">Shiny for
Python</ext-link>, and
<ext-link ext-link-type="uri" xlink:href="https://github.com/widgetti/solara">Solara</ext-link> support Jupyter Widgets, and
therefore also allow users to embed anywidgets in standalone web applications.
Efforts are underway to add more specialized, built-in support for <abbrev alt="anywidget front-end module">AFM</abbrev> as well.
For example, <ext-link ext-link-type="uri" xlink:href="https://github.com/marimo-team/marimo">marimo</ext-link>, a new reactive
notebook for Python, is standardizing its third-party plugin <abbrev alt="application programming interface">API</abbrev> on <abbrev alt="anywidget front-end module">AFM</abbrev>,
allowing anywidgets to run natively without additional “glue code.” Developers
of the Panel web-application framework are also exploring deeper integration
with <abbrev alt="anywidget front-end module">AFM</abbrev> to enable reuse with their kernel-side reactivity systems.</p>
<p><abbrev alt="anywidget front-end module">AFM</abbrev>’s standardization of widget front-end code extends reusability beyond the
Python ecosystem. Its <abbrev alt="application programming interface">API</abbrev> structure is intentionally agnostic to backend
processing, enabling creative and dynamic ways of hosting <abbrev alt="anywidget front-end module">AFM</abbrev>-based widgets.
Many simple widgets can function without any compute backend, while more
complex ones can be upgraded with a computational backend when necessary. This
flexibility allows for innovative hosting solutions across diverse platforms,
from fully static web pages to full-stack web applications. By decoupling
front-end interactivity from backend complexity, <abbrev alt="anywidget front-end module">AFM</abbrev> empowers developers to
create scalable, platform-independent scientific visualizations and tools,
adaptable to a wide range of computational requirements and user scenarios.</p>
<p>A current limitation of anywidget is that using relative file imports for local
dependencies requires bundling into a single <abbrev alt="ECMAScript">ES</abbrev> module, which introduces a
build step and prevents shipping <abbrev alt="anywidget front-end module">AFM</abbrev> source code directly. This build step can
be avoided by using a single file and loading third-party dependencies via
URLs, though larger projects may still benefit from bundling. Notably,
traditional widgets always require a build step and mandate using a specific
bundler (Webpack) with a bespoke multi-<abbrev alt="Jupyter-compatible platform">JCP</abbrev> configuration. In contrast,
anywidget makes bundling optional and targets a single standard <abbrev alt="ECMAScript">ES</abbrev> module,
which can be produced easily from a variety of bundlers. Future browser support
for
<ext-link ext-link-type="uri" xlink:href="https://developer.mozilla.org/en-US/docs/Web/HTML/Element/script/type/importmap">importmaps</ext-link>
may enable local dependencies without bundling, simplifying anywidget
development further as web standards evolve.</p>
<p>Tools for data visualization and interactivity have greater impact when
compatible with more platforms, but achieving compatibility involves trade-offs
(<xref ref-type="bibr" rid="ref-19">Wang <italic>et al.</italic>, 2024</xref>). The full capabilities of the widget system, such as
bidirectional communication, are often inaccessible to authors due to
development difficulty and maintenance efforts. Adopting standards can minimize
these impediments, enabling both broad compatibility and advanced capabilities
for users. A recent article enumerates these challenges and advocates for
standardized solutions to democratize the creation of notebook visualization
tools across notebook platforms (<xref ref-type="bibr" rid="ref-19">Wang <italic>et al.</italic>, 2024</xref>). Anywidget addresses this by
introducing a standard that removes friction in widget development and sharing,
making authorship practical and accessible.</p>
</sec>
<sec id="sec-9">
<label>5</label>
<title>Acknowledgements</title>
<p>We thank Talley Lambert for his contributions to the project, and David Kouril
for his suggestions on the manuscript and figures. We also thank the anywidget
community as well as members of the Abdennur and HIDIVE labs for helpful
discussions.</p>
<p><bold>Funding</bold></p>
<p>TM, NG, and NA acknowledge funding from the National Institutes of Health (UM1
HG011536, OT2 OD033758, R33 CA263666, R01 HG011773).</p>
</sec>
</body>
<back>
<ref-list>
<ref id="ref-4">
<element-citation publication-type="paper-conference">
<article-title>Jupyter Notebooks – a publishing format for reproducible computational workflows</article-title>
<person-group person-group-type="author">
<name><surname>Kluyver</surname><given-names>Thomas</given-names></name>
<name><surname>Ragan-Kelley</surname><given-names>Benjamin</given-names></name>
<name><surname>Pérez</surname><given-names>Fernando</given-names></name>
<name><surname>Granger</surname><given-names>Brian</given-names></name>
<name><surname>Bussonnier</surname><given-names>Matthias</given-names></name>
<name><surname>Frederic</surname><given-names>Jonathan</given-names></name>
<name><surname>Kelley</surname><given-names>Kyle</given-names></name>
<name><surname>Hamrick</surname><given-names>Jessica</given-names></name>
<name><surname>Grout</surname><given-names>Jason</given-names></name>
<name><surname>Corlay</surname><given-names>Sylvain</given-names></name>
<name><surname>Ivanov</surname><given-names>Paul</given-names></name>
<name><surname>Avila</surname><given-names>Damián</given-names></name>
<name><surname>Abdalla</surname><given-names>Safia</given-names></name>
<name><surname>Willing</surname><given-names>Carol</given-names></name>
</person-group><source>Positioning and Power in Academic Publishing: Players, Agents and Agendas</source><year iso-8601-date="2016">2016</year><pub-id pub-id-type="doi">10.3233/978-1-61499-649-1-87</pub-id><fpage>87</fpage><lpage>90</lpage></element-citation>
</ref>
<ref id="ref-7">
<element-citation publication-type="journal">
<article-title>Jupyter: Thinking and Storytelling With Code and Data</article-title>
<person-group person-group-type="author">
<name><surname>Granger</surname><given-names>Brian E</given-names></name>
<name><surname>Pérez</surname><given-names>Fernando</given-names></name>
</person-group><source>Comput. Sci. Eng.</source><year iso-8601-date="2021">2021</year><pub-id pub-id-type="doi">10.1109/MCSE.2021.3059263</pub-id><volume>23</volume><issue>2</issue><fpage>7</fpage><lpage>14</lpage></element-citation>
</ref>
<ref id="ref-11">
<element-citation publication-type="document">
<article-title>Jupyter Client documentation</article-title>
</element-citation>
</ref>
<ref id="ref-12">
<element-citation publication-type="document">
<article-title>nbformat documentation</article-title>
</element-citation>
</ref>
<ref id="ref-10">
<element-citation publication-type="document">
<article-title>Jupyter documentation</article-title>
</element-citation>
</ref>
<ref id="ref-18">
<element-citation publication-type="journal">
<article-title>Gos: a declarative library for interactive genomics visualization in Python</article-title>
<person-group person-group-type="author">
<name><surname>Manz</surname><given-names>Trevor</given-names></name>
<name><surname>L’Yi</surname><given-names>Sehi</given-names></name>
<name><surname>Gehlenborg</surname><given-names>Nils</given-names></name>
</person-group><source>Bioinformatics</source><year iso-8601-date="2023">2023</year><pub-id pub-id-type="doi">10.1093/bioinformatics/btad050</pub-id><volume>39</volume><issue>1</issue><fpage>btad050</fpage>
<issn>1367-4811</issn>
</element-citation>
</ref>
<ref id="ref-23">
<element-citation publication-type="journal">
<article-title>Viv: multiscale visualization of high-resolution multiplexed bioimaging data on the web</article-title>
<person-group person-group-type="author">
<name><surname>Manz</surname><given-names>Trevor</given-names></name>
<name><surname>Gold</surname><given-names>Ilan</given-names></name>
<name><surname>Patterson</surname><given-names>Nathan Heath</given-names></name>
<name><surname>McCallum</surname><given-names>Chuck</given-names></name>
<name><surname>Keller</surname><given-names>Mark S</given-names></name>
<name><surname>Herr</surname><given-names>Bruce W</given-names></name>
<name><surname>Börner</surname><given-names>Katy</given-names></name>
<name><surname>Spraggins</surname><given-names>Jeffrey M</given-names></name>
<name><surname>Gehlenborg</surname><given-names>Nils</given-names></name>
</person-group><source>Nat. Methods</source><year iso-8601-date="2022">2022</year><pub-id pub-id-type="doi">10.1038/s41592-022-01482-7</pub-id><volume>19</volume><issue>5</issue><fpage>515</fpage><lpage>516</lpage></element-citation>
</ref>
<ref id="ref-22">
<element-citation publication-type="manuscript">
<article-title>Vitessce: a framework for integrative visualization of multi-modal and spatially-resolved single-cell data</article-title>
<person-group person-group-type="author">
<name><surname>Keller</surname><given-names>Mark S</given-names></name>
<name><surname>Gold</surname><given-names>Ilan</given-names></name>
<name><surname>McCallum</surname><given-names>Chuck</given-names></name>
<name><surname>Manz</surname><given-names>Trevor</given-names></name>
<name><surname>Kharchenko</surname><given-names>Peter V</given-names></name>
<name><surname>Gehlenborg</surname><given-names>Nils</given-names></name>
</person-group><source>OSF Preprints</source><year iso-8601-date="2021">2021</year><pub-id pub-id-type="doi">10.31219/osf.io/y8thv</pub-id></element-citation>
</ref>
<ref id="ref-13">
<element-citation publication-type="document">
<article-title>Low Level Widget Explanation</article-title>
</element-citation>
</ref>
<ref id="ref-24">
<element-citation publication-type="document">
<article-title>ECMAScript® Language Specification</article-title>
<person-group person-group-type="author">
<name><surname>Shu-Guo</surname></name>
<name><surname>Ficarra</surname><given-names>Michael</given-names></name>
<name><surname>Gibbons</surname><given-names>Kevin</given-names></name>
<name><surname>community</surname><given-names>ECMAScript</given-names></name>
</person-group><year iso-8601-date="2023">2023</year></element-citation>
</ref>
<ref id="ref-21">
<element-citation publication-type="document">
<article-title>Inversion of Control Containers and the Dependency Injection Pattern</article-title>
<person-group person-group-type="author">
<name><surname>Fowler</surname><given-names>Martin</given-names></name>
</person-group><year iso-8601-date="2004">2004</year></element-citation>
</ref>
<ref id="ref-25">
<element-citation publication-type="document">
<article-title>anywidget: reusable widgets for interactive analysis and visualization in computational notebooks</article-title>
<person-group person-group-type="author">
<name><surname>Manz</surname><given-names>Trevor</given-names></name>
<name><surname>Abdennur</surname><given-names>Nezar</given-names></name>
<name><surname>Gehlenborg</surname><given-names>Nils</given-names></name>
</person-group><year iso-8601-date="2024">2024</year><pub-id pub-id-type="doi">10.31219/osf.io/tw9sg</pub-id></element-citation>
</ref>
<ref id="ref-15">
<element-citation publication-type="document">
<article-title>widget-cookiecutter</article-title>
</element-citation>
</ref>
<ref id="ref-16">
<element-citation publication-type="document">
<article-title>widget-ts-cookiecutter</article-title>
</element-citation>
</ref>
<ref id="ref-26">
<element-citation publication-type="document">
<article-title>Anywidget documentation cookiecutter comparison</article-title>
</element-citation>
</ref>
<ref id="ref-6">
<element-citation publication-type="journal">
<article-title>Jupyter Scatter: Interactive Exploration of Large-Scale Datasets</article-title>
<person-group person-group-type="author">
<name><surname>Lekschas</surname><given-names>Fritz</given-names></name>
<name><surname>Manz</surname><given-names>Trevor</given-names></name>
</person-group><source>Journal of Open Source Software</source><year iso-8601-date="2024">2024</year><pub-id pub-id-type="doi">10.21105/joss.07059</pub-id><volume>9</volume><issue>101</issue><fpage>7059</fpage></element-citation>
</ref>
<ref id="ref-8">
<element-citation publication-type="journal">
<article-title>Mosaic: An Architecture for Scalable &amp; Interoperable Data Views</article-title>
<person-group person-group-type="author">
<name><surname>Heer</surname><given-names>Jeffrey</given-names></name>
<name><surname>Moritz</surname><given-names>Dominik</given-names></name>
</person-group><source>IEEE Trans. Vis. Comput. Graph.</source><year iso-8601-date="2024">2024</year><pub-id pub-id-type="doi">10.1109/TVCG.2023.3327189</pub-id><volume>30</volume><issue>1</issue><fpage>436</fpage><lpage>446</lpage></element-citation>
</ref>
<ref id="ref-9">
<element-citation publication-type="manuscript">
<article-title>Persist: Persistent and reusable interactions in computational notebooks</article-title>
<person-group person-group-type="author">
<name><surname>Gadhave</surname><given-names>Kiran</given-names></name>
<name><surname>Cutler</surname><given-names>Zach</given-names></name>
<name><surname>Lex</surname><given-names>Alexander</given-names></name>
</person-group><source>Computer Graphics Forum (EuroVis), to appear</source><year iso-8601-date="2023">2023</year><pub-id pub-id-type="doi">10.31219/osf.io/9x8eq</pub-id></element-citation>
</ref>
<ref id="ref-20">
<element-citation publication-type="journal">
<article-title>A General Framework for Comparing Embedding Visualizations Across Class-Label Hierarchies</article-title>
<person-group person-group-type="author">
<name><surname>Manz</surname><given-names>Trevor</given-names></name>
<name><surname>Lekschas</surname><given-names>Fritz</given-names></name>
<name><surname>Greene</surname><given-names>Evan</given-names></name>
<name><surname>Finak</surname><given-names>Greg</given-names></name>
<name><surname>Gehlenborg</surname><given-names>Nils</given-names></name>
</person-group><year iso-8601-date="2024">2024</year><pub-id pub-id-type="doi">10.31219/osf.io/puxnf</pub-id></element-citation>
</ref>
<ref id="ref-17">
<element-citation publication-type="journal">
<article-title>Altair: Interactive Statistical Visualizations for Python</article-title>
<person-group person-group-type="author">
<name><surname>VanderPlas</surname><given-names>Jacob</given-names></name>
<name><surname>Granger</surname><given-names>Brian E.</given-names></name>
<name><surname>Heer</surname><given-names>Jeffrey</given-names></name>
<name><surname>Moritz</surname><given-names>Dominik</given-names></name>
<name><surname>Wongsuphasawat</surname><given-names>Kanit</given-names></name>
<name><surname>Satyanarayan</surname><given-names>Arvind</given-names></name>
<name><surname>Lees</surname><given-names>Eitan</given-names></name>
<name><surname>Timofeev</surname><given-names>Ilia</given-names></name>
<name><surname>Welsh</surname><given-names>Ben</given-names></name>
<name><surname>Sievert</surname><given-names>Scott</given-names></name>
</person-group><source>Journal of Open Source Software</source><year iso-8601-date="2018">2018</year><pub-id pub-id-type="doi">10.21105/joss.01057</pub-id><volume>3</volume><issue>32</issue><fpage>1057</fpage></element-citation>
</ref>
<ref id="ref-19">
<element-citation publication-type="paper-conference">
<article-title>SuperNOVA: Design Strategies and Opportunities for Interactive Visualization in Computational Notebooks</article-title>
<person-group person-group-type="author">
<name><surname>Wang</surname><given-names>Zijie J</given-names></name>
<name><surname>Munechika</surname><given-names>David</given-names></name>
<name><surname>Lee</surname><given-names>Seongmin</given-names></name>
<name><surname>Chau</surname><given-names>Duen Horng</given-names></name>
</person-group><source>Extended Abstracts of the 2024 CHI Conference on Human Factors in Computing Systems</source><year iso-8601-date="2024">2024</year><pub-id pub-id-type="doi">10.1145/3613905.3650848</pub-id><issue>Article 304</issue><fpage>1</fpage><lpage>17</lpage></element-citation>
</ref>
</ref-list>
</back>
</article>
