<?xml version="1.0" encoding="UTF-8"?>
<!DOCTYPE article PUBLIC "-//NLM//DTD JATS (Z39.96) Journal Archiving and Interchange DTD with MathML3 v1.3 20210610//EN" "http://jats.nlm.nih.gov/publishing/1.3/JATS-archivearticle1-3-mathml3.dtd">
<article xmlns:mml="http://www.w3.org/1998/Math/MathML" xmlns:xlink="http://www.w3.org/1999/xlink" xmlns:xsi="http://www.w3.org/2001/XMLSchema-instance" xmlns:ali="http://www.niso.org/schemas/ali/1.0/" dtd-version="1.3" xml:lang="en" id="main">
<front>
<article-meta>
<article-id pub-id-type="doi">10.25080/WXRH8633</article-id>
<title-group>
<article-title>Echostack: A flexible and scalable open-source software suite for echosounder data processing</article-title>
<alt-title alt-title-type="running-head">Echostack</alt-title>
</title-group>
<contrib-group>
<contrib contrib-type="author" corresp="yes">
<contrib-id contrib-id-type="orcid">https://orcid.org/0000-0002-4112-2034</contrib-id>
<name name-style="western"><surname>Lee</surname><given-names>Wu-Jung</given-names></name>
<role vocab="credit" vocab-identifier="https://credit.niso.org/" vocab-term="Conceptualization" vocab-term-identifier="https://credit.niso.org/contributor-roles/conceptualization/">Conceptualization</role>
<role vocab="credit" vocab-identifier="https://credit.niso.org/" vocab-term="Funding acquisition" vocab-term-identifier="https://credit.niso.org/contributor-roles/funding-acquisition/">Funding acquisition</role>
<role vocab="credit" vocab-identifier="https://credit.niso.org/" vocab-term="Project administration" vocab-term-identifier="https://credit.niso.org/contributor-roles/project-administration/">Project administration</role>
<role vocab="credit" vocab-identifier="https://credit.niso.org/" vocab-term="Resources" vocab-term-identifier="https://credit.niso.org/contributor-roles/resources/">Resources</role>
<role vocab="credit" vocab-identifier="https://credit.niso.org/" vocab-term="Software" vocab-term-identifier="https://credit.niso.org/contributor-roles/software/">Software</role>
<role vocab="credit" vocab-identifier="https://credit.niso.org/" vocab-term="Supervision" vocab-term-identifier="https://credit.niso.org/contributor-roles/supervision/">Supervision</role>
<role vocab="credit" vocab-identifier="https://credit.niso.org/" vocab-term="Visualization" vocab-term-identifier="https://credit.niso.org/contributor-roles/visualization/">Visualization</role>
<role vocab="credit" vocab-identifier="https://credit.niso.org/" vocab-term="Writing – original draft" vocab-term-identifier="https://credit.niso.org/contributor-roles/writing-original-draft/">Writing – original draft</role>
<role vocab="credit" vocab-identifier="https://credit.niso.org/" vocab-term="Writing – review &amp; editing" vocab-term-identifier="https://credit.niso.org/contributor-roles/writing-review-editing/">Writing – review &amp; editing</role>
<xref ref-type="aff" rid="aff-1"/>
<email>leewj@uw.edu</email>
</contrib>
<contrib contrib-type="author">
<contrib-id contrib-id-type="orcid">https://orcid.org/0000-0002-3412-0364</contrib-id>
<name name-style="western"><surname>Staneva</surname><given-names>Valentina</given-names></name>
<role vocab="credit" vocab-identifier="https://credit.niso.org/" vocab-term="Conceptualization" vocab-term-identifier="https://credit.niso.org/contributor-roles/conceptualization/">Conceptualization</role>
<role vocab="credit" vocab-identifier="https://credit.niso.org/" vocab-term="Funding acquisition" vocab-term-identifier="https://credit.niso.org/contributor-roles/funding-acquisition/">Funding acquisition</role>
<role vocab="credit" vocab-identifier="https://credit.niso.org/" vocab-term="Project administration" vocab-term-identifier="https://credit.niso.org/contributor-roles/project-administration/">Project administration</role>
<role vocab="credit" vocab-identifier="https://credit.niso.org/" vocab-term="Resources" vocab-term-identifier="https://credit.niso.org/contributor-roles/resources/">Resources</role>
<role vocab="credit" vocab-identifier="https://credit.niso.org/" vocab-term="Software" vocab-term-identifier="https://credit.niso.org/contributor-roles/software/">Software</role>
<role vocab="credit" vocab-identifier="https://credit.niso.org/" vocab-term="Supervision" vocab-term-identifier="https://credit.niso.org/contributor-roles/supervision/">Supervision</role>
<role vocab="credit" vocab-identifier="https://credit.niso.org/" vocab-term="Writing – review &amp; editing" vocab-term-identifier="https://credit.niso.org/contributor-roles/writing-review-editing/">Writing – review &amp; editing</role>
<xref ref-type="aff" rid="aff-2"/>
<email>vms16@uw.edu</email>
</contrib>
<contrib contrib-type="author">
<contrib-id contrib-id-type="orcid">https://orcid.org/0000-0002-1624-2667</contrib-id>
<name name-style="western"><surname>Setiawan</surname><given-names>Landung “Don”</given-names></name>
<role vocab="credit" vocab-identifier="https://credit.niso.org/" vocab-term="Conceptualization" vocab-term-identifier="https://credit.niso.org/contributor-roles/conceptualization/">Conceptualization</role>
<role vocab="credit" vocab-identifier="https://credit.niso.org/" vocab-term="Software" vocab-term-identifier="https://credit.niso.org/contributor-roles/software/">Software</role>
<xref ref-type="aff" rid="aff-2"/>
<email>landungs@uw.edu</email>
</contrib>
<contrib contrib-type="author">
<contrib-id contrib-id-type="orcid">https://orcid.org/0000-0003-2574-4623</contrib-id>
<name name-style="western"><surname>Mayorga</surname><given-names>Emilio</given-names></name>
<role vocab="credit" vocab-identifier="https://credit.niso.org/" vocab-term="Conceptualization" vocab-term-identifier="https://credit.niso.org/contributor-roles/conceptualization/">Conceptualization</role>
<role vocab="credit" vocab-identifier="https://credit.niso.org/" vocab-term="Funding acquisition" vocab-term-identifier="https://credit.niso.org/contributor-roles/funding-acquisition/">Funding acquisition</role>
<role vocab="credit" vocab-identifier="https://credit.niso.org/" vocab-term="Software" vocab-term-identifier="https://credit.niso.org/contributor-roles/software/">Software</role>
<xref ref-type="aff" rid="aff-1"/>
<email>emiliom@uw.edu</email>
</contrib>
<contrib contrib-type="author">
<contrib-id contrib-id-type="orcid">https://orcid.org/0009-0000-6652-1093</contrib-id>
<name name-style="western"><surname>Tuguinay</surname><given-names>Caesar</given-names></name>
<role vocab="credit" vocab-identifier="https://credit.niso.org/" vocab-term="Software" vocab-term-identifier="https://credit.niso.org/contributor-roles/software/">Software</role>
<role vocab="credit" vocab-identifier="https://credit.niso.org/" vocab-term="Writing – review &amp; editing" vocab-term-identifier="https://credit.niso.org/contributor-roles/writing-review-editing/">Writing – review &amp; editing</role>
<xref ref-type="aff" rid="aff-1"/>
<email>ctuguina@uw.edu</email>
</contrib>
<contrib contrib-type="author">
<contrib-id contrib-id-type="orcid">https://orcid.org/0009-0000-6479-889X</contrib-id>
<name name-style="western"><surname>Butala</surname><given-names>Soham</given-names></name>
<role vocab="credit" vocab-identifier="https://credit.niso.org/" vocab-term="Software" vocab-term-identifier="https://credit.niso.org/contributor-roles/software/">Software</role>
<xref ref-type="aff" rid="aff-2"/>
<email>sbutala@uw.edu</email>
</contrib>
<contrib contrib-type="author">
<contrib-id contrib-id-type="orcid">https://orcid.org/0000-0003-3145-2969</contrib-id>
<name name-style="western"><surname>Lucca</surname><given-names>Brandyn</given-names></name>
<role vocab="credit" vocab-identifier="https://credit.niso.org/" vocab-term="Software" vocab-term-identifier="https://credit.niso.org/contributor-roles/software/">Software</role>
<role vocab="credit" vocab-identifier="https://credit.niso.org/" vocab-term="Writing – review &amp; editing" vocab-term-identifier="https://credit.niso.org/contributor-roles/writing-review-editing/">Writing – review &amp; editing</role>
<xref ref-type="aff" rid="aff-1"/>
<email>blucca@uw.edu</email>
</contrib>
<contrib contrib-type="author">
<contrib-id contrib-id-type="orcid">https://orcid.org/0009-0003-8543-3138</contrib-id>
<name name-style="western"><surname>Lei</surname><given-names>Dingrui</given-names></name>
<role vocab="credit" vocab-identifier="https://credit.niso.org/" vocab-term="Software" vocab-term-identifier="https://credit.niso.org/contributor-roles/software/">Software</role>
<xref ref-type="aff" rid="aff-2"/>
<email>leidingrui426@gmail.com</email>
</contrib>
</contrib-group>
<aff id="aff-1">
<institution-wrap>
<institution>Applied Physics Laboratory, University of Washington</institution>
</institution-wrap>
</aff>
<aff id="aff-2">
<institution-wrap>
<institution>eScience Institute, University of Washington</institution>
</institution-wrap>
</aff>
<fpage>386</fpage><lpage>397</lpage>
<permissions>
<ali:free_to_read/>
<license xlink:href="https://creativecommons.org/licenses/by/4.0/">
<ali:license_ref>https://creativecommons.org/licenses/by/4.0/</ali:license_ref>
<license-p>This is an open access article distributed under the terms of the <ext-link ext-link-type="uri" xlink:href="http://creativecommons.org/licenses/by/4.0/">Creative Commons Attribution License</ext-link>, which permits unrestricted use, distribution, and reproduction in any medium, provided the original author and source are credited.</license-p>
</license>
</permissions>
<abstract>
<p>Water column sonar data collected by echosounders are essential for fisheries and marine ecosystem research, enabling the detection, classification, and quantification of fish and zooplankton from many different ocean observing platforms. However, the broad usage of these data has been hindered by the lack of modular software tools that allow flexible composition of data processing workflows that incorporate powerful analytical tools in the scientific Python ecosystem. We address this gap by developing Echostack, a suite of open-source Python software packages that leverage existing distributed computing and cloud-interfacing libraries to support intuitive and scalable data access, processing, and interpretation. These tools can be used individually or orchestrated together, which we demonstrate in example use cases for a fisheries acoustic-trawl survey.</p>
</abstract>
<kwd-group>
<kwd>ocean sonar</kwd>
<kwd>echosounder</kwd>
<kwd>distributed computing</kwd>
<kwd>cloud computing</kwd>
<kwd>workflow orchestration</kwd>
<kwd>data standardization</kwd>
</kwd-group>
</article-meta>
</front>
<body>
<sec id="sec-1">
<label>1</label>
<title>Introduction</title>
<p>Echosounders are high-frequency sonar systems optimized for sensing fish and zooplankton in the ocean. By transmitting sound and analyzing the returning echoes, fisheries and ocean scientists use echosounders to “image” the distribution and infer the abundance of these animals in the water column (<xref ref-type="bibr" rid="ref-8">Medwin &amp; Clay, 1998</xref>; <xref ref-type="bibr" rid="ref-5">Stanton, 2012</xref>; <xref ref-type="bibr" rid="ref-6">Benoit-Bird &amp; Lawson, 2016</xref>) <xref ref-type="fig" rid="figure-1">Figure 1</xref>. As a remote sensing tool, echosounders are uniquely suitable for efficient, continuous biological monitoring across time and space, especially when compared to net trawls that are labor-intensive and discrete in nature, or optical imaging techniques that are limited in range due to the strong absorption of light in water.</p>
<p>In recent years, echosounders have been installed widely on many ocean observing platforms <xref ref-type="fig" rid="figure-1">Figure 1</xref>, resulting in a deluge of data accumulating at an unprecedented speed from all corners of the ocean. These extensive datasets contain crucial information that can help scientists better understand the marine ecosystems and their response to the changing climate. However, the volume of the data (100s of GBs to TBs (<xref ref-type="bibr" rid="ref-7">Wall <italic>et al.</italic>, 2016</xref>)) and the complexity of the problem (e.g., how large- scale ocean processes drive changes in acoustically observed marine biota (<xref ref-type="bibr" rid="ref-11">Klevjer <italic>et al.</italic>, 2016</xref>)) naturally call for a paradigm shift in the data analysis workflow.</p>
<fig id="figure-1">
<label>Figure 1:</label>
<caption>
<p>(A) Echograms (sonar images formed by aligning echoes of consecutive transmissions) at two different frequencies. Echo strength variation across frequency is useful for inferring scatterer identity. Sv denotes volume backscattering strength (units: dB re 1 m<sup>-1</sup>). (B) The variety of ocean observing platforms with echosounders installed.</p>
</caption>
<graphic mimetype="image" mime-subtype="png" xlink:href="files/fig_echo_data-fbe077d68e3e4782b4beccf93ee990b2.png"/>
</fig>
<p>It is crucial to have software tools that are developed and shared openly, scalable in response to data size and computing platforms, easily interoperable with diverse analysis tools and different types of oceanographic data, and straightforward to reproduce to facilitate iterative modeling, parameterization, and mining of the data. These requirements are challenging to meet by conventional echosounder data analysis workflows, which rely heavily on manual analysis on software packages designed to be used with Graphic User Interface (GUI) on a single computer [e.g., <xref ref-type="bibr" rid="ref-17">Korneliussen <italic>et al.</italic> (2006)</xref>; <xref ref-type="bibr" rid="ref-9">Perrot <italic>et al.</italic> (2018)</xref>; <xref ref-type="bibr" rid="ref-3">Ladroit <italic>et al.</italic> (2020)</xref>; Echoview (<ext-link ext-link-type="uri" xlink:href="https://echoview.com/">https://echoview.com/</ext-link>)]. Similarly, instead of storing data in manufacturer-specific binary formats, making echosounder data widely available in a standardized, machine-readable format will broaden their use beyond the original applications in fisheries surveys and specific research cruises.</p>
<p>In this paper, we introduce Echostack, an open-source Python software suite aimed at addressing these needs by providing the fisheries acoustics and ocean sciences communities with tools for flexible and scalable access, organization, processing, and visualization of echosounder data. Echostack is a domain-specific adoption of the core libraries in the Pandata stack, such as Zarr, Xarray, and Dask (<xref ref-type="bibr" rid="ref-19">Bednar &amp; Durant, 2023</xref>). It streamlines the composition and execution of common echosounder data workflows, thereby allowing researchers to focus on the key interpretive stage of scientific data analysis. As echosounder data processing frequently requires combining heterogeneous data sources and models in addition to regular array operations, we designed the Echostack packages with modularity in mind, to 1) enable and facilitate broader code reuse, especially for routine processing steps that are often shared across echosounder data workflows (<xref ref-type="bibr" rid="ref-14">Haris <italic>et al.</italic>, 2021</xref>), and 2) promote flexible integration of domain-specific operations with more general analytical tools, such as machine learning (<abbrev alt="machine learning">ML</abbrev>) libraries. The Echostack also provides a friendly on-ramp for researchers who are not already familiar with the scientific Python software ecosystem but possess domain expertise and can quickly benefit from “out-of-the-box” capabilities such as native cloud access and distributed computing support.</p>
<p>Below, we will discuss what the Echostack tools aim to achieve in <xref ref-type="sec" rid="sec-2">Section 2</xref>, outline the functionalities of individual libraries in <xref ref-type="sec" rid="sec-8">Section 3</xref>, demonstrate how Echostack tools can be leveraged in <xref ref-type="sec" rid="sec-17">Section 4</xref>, and conclude with a forward-looking discussion in the <xref ref-type="sec" rid="sec-21">Section 5</xref> section.</p>
</sec>
<sec id="sec-2">
<label>2</label>
<title>Design approach and considerations</title>
<sec id="sec-3">
<label>2.1</label>
<title>Goals and motivations</title>
<p>The development of the Echostack was motivated by our core goals to create software tools that can be:</p>
<list list-type="order">
<list-item>
<p>Easily leveraged to construct workflows tailored to different application scenarios,</p>
</list-item><list-item>
<p>Easily integrated with new data analysis methodologies, and</p>
</list-item><list-item>
<p>Easily scalable according to the available computing resources and platforms.</p>
</list-item>
</list>
<p>Traditionally, the bulk of echosounder data analysis takes place on shore in a post-processing scenario, based on the acoustic data and related biological information (e.g., animal community composition and sizes derived from net catches) collected at sea and stored on hard drives. More recently, thanks to increased access to high-bandwidth communication and powerful embedded processing, scenarios requiring real-time capabilities have emerged, including continuous streaming of data from long-term moorings (<xref ref-type="bibr" rid="ref-12">e.g., Trowbridge <italic>et al.</italic>, 2019</xref>) and close-loop, adaptive sampling on autonomous vehicles (<xref ref-type="bibr" rid="ref-4">e.g., Moline <italic>et al.</italic>, 2015</xref>). Similarly on the rise are the incorporation of new inference and <abbrev alt="machine learning">ML</abbrev> methods into echosounder data analysis workflows (<xref ref-type="bibr" rid="ref-10">e.g., Brautaset <italic>et al.</italic>, 2020</xref>; <xref ref-type="bibr" rid="ref-13">Choi <italic>et al.</italic>, 2023</xref>; <xref ref-type="bibr" rid="ref-24">Urmy <italic>et al.</italic>, 2023</xref>; <xref ref-type="bibr" rid="ref-23">Zhang <italic>et al.</italic>, 2024</xref>), as well as a need for scalable and platform-agnostic computations that work out-of-the-box on systems ranging from personal computers to the cloud. The latter is particularly important for data workflows associated with ocean instruments such as echosounders, as both small and big data scenarios are common and equally important: On a sea-going research vessel, newly collected data are typically processed in small batches on a few local machines; in oceanographic data centers, however, large volumes of data need to be promptly ingested and made available for open use.</p>
<p>These requirements are challenging to fulfill by existing echosounder data processing software packages, but are in fact key advantages of the Pandata open-source Python stack. While some existing software packages do support real-time applications (e.g., Echoview live viewing, MOVIES3D real-time display) and allow the incorporation of new analysis methods (<xref ref-type="bibr" rid="ref-20">e.g., Harrison <italic>et al.</italic>, 2015</xref>), the exact code implementation may be limited by the data structures and access allowed in a given package, as opposed to the flexibility afforded by Pythonic programmatic composition. In terms of scalability, even though some existing packages can achieve out-of-core computation via memory mapping (<xref ref-type="bibr" rid="ref-17">Korneliussen <italic>et al.</italic>, 2006</xref>; <xref ref-type="bibr" rid="ref-3">Ladroit <italic>et al.</italic>, 2020</xref>), the natural and optional scalability across computing resources and platforms offered by Pandata libraries (<xref ref-type="bibr" rid="ref-19">Bednar &amp; Durant, 2023</xref>) significantly reduces the code implementation overhead.</p>
</sec>
<sec id="sec-4">
<label>2.2</label>
<title>Other guiding principles</title>
<p>In addition to the above goals, our development was further guided by the following principles, with the long-term goal of catalyzing community collaboration and workflow transformation.</p>
<sec id="sec-5">
<label>2.2.1</label>
<title>Accessibile and interoperable data</title>
<p>Echosounder data have traditionally been viewed as a highly specialized, niche data type that are hard to use and interpret despite the wealth of biological information embedded in the datasets. This is in part due to the highly heterogeneous, instrument-specific echosounder data format, as well as the inherent complexity in interpreting acoustic backscatter data (<xref ref-type="bibr" rid="ref-5">Stanton, 2012</xref>). We aim to provide convenient, open software tools that facilitate the creation of standardized data in a common, machine-readable format that is both easy to understand and conducive to integrative analysis with other oceanographic datasets.</p>
</sec>
<sec id="sec-6">
<label>2.2.2</label>
<title>Reproducible and shareable workflow</title>
<p>Just like in many scientific domains, echosounder data analysis workflows are typically built by researchers working closely within a single group, although knowledge sharing and exchanges do occur in community conferences or workshops. As data volumes rapidly increase and the urgency to comprehensively understand marine ecosystem functions escalates with global warming, efficient and effective collaboration across groups has become crucial. Ensuring that analysis workflows can be easily reproduced and shared alongside open, standardized data is key to scaling up our collective capability to extract information from these data.</p>
</sec>
<sec id="sec-7">
<label>2.2.3</label>
<title>Nimble code adjustments</title>
<p>As a domain-specific adaptation of the Pandata stack, we aim to develop and maintain a “shallow” and nimble stack: we employ only moderate layers of abstraction and encapsulation of existing functions and prioritize existing data structures unless modification is absolutely necessary. This allows new features, enhancements, or bug fixes in the underlying dependency libraries to be either naturally reflected (in cases when there are no breaking changes) or quickly incorporated (in cases when code changes are required) into the Echostack tools. This approach also keeps the code easily readable for potential contributors, even though the exact operations may be highly domain-specific.</p>
</sec>
</sec>
</sec>
<sec id="sec-8">
<label>3</label>
<title>The Echostack packages</title>
<sec id="sec-9">
<label>3.1</label>
<title>Functional grouping for package organization</title>
<p>In light of our goals and design principles, we aim for the Echostack libraries to be modular software “building blocks” that can be mixed and matched, not only with other elements within Echostack but also with tools from the wider scientific Python software ecosystem. Rather than encapsulating all functionalities into a single, monolithic package like many existing echosounder data analysis software [e.g., <xref ref-type="bibr" rid="ref-17">Korneliussen <italic>et al.</italic> (2006)</xref>; Echoview], the Echostack packages are organized based on functional groupings that emerge in typical echosounder data analysis workflows to enable flexible and selective installation and usage. Similar to the design concept of the Pandata tools, such grouping also allows each package in the Echostack to be independently developed and maintained according to natural variations of project focus and needs.</p>
<p>Typical echosounder data analysis workflows consist of the following common steps <xref ref-type="fig" rid="figure-2">Figure 2</xref>:</p>
<list list-type="order">
<list-item>
<p>Read, align, and aggregate the acoustic data and associated biological data (the “ground truth” from <italic>in situ</italic> samples) based on temporal and/or spatial relationships;</p>
</list-item><list-item>
<p>Infer the contribution of animals in different taxonomic groups to the total returned echo energy; and</p>
</list-item><list-item>
<p>Derive distributions of population estimates (e.g., abundance or biomass) and behavior (e.g., migration) over space and time for the observed animals.</p>
</list-item>
</list>
<p>The resulting biological estimates are then used in downstream fisheries and marine ecological research and for informing resource management decisions. Also embedded in these steps are the needs for:</p>
<list list-type="bullet">
<list-item>
<p>Interactive visualization of echo data and/or derived estimates, at different stages of the workflow, which is crucial for understanding data and motivating downstream analyses; and</p>
</list-item><list-item>
<p>Robust provenance tracking of data origin and processing steps, which enhances the reproducibility and shareability of the workflows.</p>
</list-item>
</list>
<fig id="figure-2">
<label>Figure 2:</label>
<caption>
<p>Typical echosounder data analysis workflows.</p>
</caption>
<graphic mimetype="image" mime-subtype="png" xlink:href="files/fig_typical_workflow-53cf3e4894f6f310ad546a53ad4cc0a8.png"/>
</fig>
<p>In a fisheries acoustic-trawl survey – a typical use case – the overall goal is to estimate the abundance and biomass of important fish and zooplankton species using a combination of observational data and analytical models. The observational data include acoustic data collected by the echosounders and biological data (animal species and sizes, etc) collected by trawls. These data are linked in the acoustic inference step, which partitions the acoustic observation into contributions from different animal groups in the water column based on empirical models (which rely heavily on morphological features of animal aggregations visualized on the echogram), physics-based models (which rely heavily on spectral or statistical features of the echo returns), <abbrev alt="machine learning">ML</abbrev> models (which can combine various data features depending on the model setup), or a mixture of the above.</p>
<p>Based on the above, we identified natural punctuations in the typical workflows, and grouped computational operations that serve coherent high-level functionalities into separate packages <xref ref-type="fig" rid="figure-3">Figure 3</xref> that are described in the next section. The grouping decisions and the current implementations were driven by our own project goals to accelerate information extraction for a fisheries acoustic-trawl survey for Pacific hake (see <xref ref-type="sec" rid="sec-17">Section 4</xref> for detail) through <abbrev alt="machine learning">ML</abbrev> and cloud technology. However, as the examples will show, these packages can be easily leveraged in different application scenarios.</p>
<fig id="figure-3">
<label>Figure 3:</label>
<caption>
<p>The Echostack packages are modularized based on functional grouping of computational operations in echosounder data analysis workflows.</p>
</caption>
<graphic mimetype="image" mime-subtype="png" xlink:href="files/fig_echostack_main-9d4ca915d5abdeedc27cb0c30ee46e37.png"/>
</fig>
</sec>
<sec id="sec-10">
<label>3.2</label>
<title>Package functionalities</title>
<p>The Echostack includes five software packages (Echopype, Echoregions, Echopop, Echoshader, and Echodataflow) that each handles a specific set of functionalities in general echosounder data processing workflows <xref ref-type="fig" rid="figure-3">Figure 3</xref>. In parallel, Echolevels provides specifications for a cascade of data processing levels from raw to highly processed data, to enhance data sharing and usage. The Echostack packages jointly relies on a set of core dependencies for interfacing with file systems (fsspec), data storage (netCDF and Zarr), and data organization and computation (Xarray, Pandas, and Dask). Additionally, some libraries have specific dependencies to support functionalities like interactive plotting (HoloViz), masking grids based on regions (Regionmask), and workflow configuration (Pydantic) and orchestration (Prefect), as shown in <xref ref-type="fig" rid="figure-4">Figure 4</xref>.</p>
<p>The sections below provide brief descriptions of the functionalities of the Echostack packages, their current status, and future development plans.</p>
<fig id="figure-4">
<label>Figure 4:</label>
<caption>
<p>Summary of the Echostack packages and key dependencies.</p>
</caption>
<graphic mimetype="image" mime-subtype="png" xlink:href="files/fig_package_summary-57089d904195f724500baf74a4c76d77.png"/>
</fig>
<sec id="sec-11">
<label>3.2.1</label>
<title>Echopype</title>
<p>Echopype (<ext-link ext-link-type="uri" xlink:href="https://github.com/OSOceanAcoustics/echopype">https://github.com/OSOceanAcoustics/echopype</ext-link>) is the workhorse that performs the heavy lifting of data standardization and routine computation to generate data products that are suitable for downstream analysis. Acoustic (backscatter) data collected by echosounders are typically stored in instrument-specific binary files along with metadata, such as deployment configurations. The raw data are often recorded in sensor units (e.g., counts) that require calibration to be mapped to physically meaningful quantities (e.g., sound pressure). Analyses are typically performed on aggregated data sections based on spatial and/or temporal logical groupings. For example, ship echosounder data are often grouped based on survey transects, and mooring echosounder data are often grouped into weekly or monthly sections. In addition, many analysis methods require data to be uniformly gridded across all major dimensions, such as time, geographic locations (latitude/longitude), and depth. Echopype provides functionalities for converting raw, binary data files into a standardized representation following the netCDF data model, which can be serialized into netCDF or Zarr files. It also provides functionalities for calibration, quality control, aggregating data across files, and data regridding. It forms the data churning backbone in Echostack-supported workflows, and encodes provenance and processing level information as specified in Echolevels (see below). Echopype was the first package developed in the Echostack and is described in detail in <xref ref-type="bibr" rid="ref-1">Lee <italic>et al.</italic> (2021)</xref>.</p>
</sec>
<sec id="sec-12">
<label>3.2.2</label>
<title>Echoregions</title>
<p>Echoregions (<ext-link ext-link-type="uri" xlink:href="https://github.com/OSOceanAcoustics/echoregions">https://github.com/OSOceanAcoustics/echoregions</ext-link>) is a lightweight package that interfaces data products generated by Echopype, such as echograms, with annotations from humans or data interpretation algorithms, such as <abbrev alt="machine learning">ML</abbrev> algorithms. These annotations typically consist of “regions” that indicate the presence of specific animal species, or “lines” that delineate ocean boundaries, such as seafloor or sea surface. As a lightweight interfacing package, Echoregions makes it possible to construct independent workflow branches that handle data interpretation annotations in concert with the data processing backbone and the analysis algorithms. Currently, due to our project priorities, Echoregions primarily supports the organization and generation of echogram analysis “masks” in <abbrev alt="machine learning">ML</abbrev> problems (<xref ref-type="bibr" rid="ref-21">Hauser <italic>et al.</italic>, 2024</xref>) with bi-directional interfacing functionalities: to parse and organize annotations to prepare training and test datasets for <abbrev alt="machine learning">ML</abbrev> developments (annotation to <abbrev alt="machine learning">ML</abbrev>), and to generate annotations from <abbrev alt="machine learning">ML</abbrev> predictions to be used for further downstream processing (<abbrev alt="machine learning">ML</abbrev> to annotation). The current supported annotation formats are those generated by Echoview (.EVR and .EVL files), which is widely used in the fisheries acoustics community to manually analyze echograms. We plan to expand support for additional annotation formats and update both the representation of annotations and the generated masks to align with community conventions that may emerge in the near future.</p>
</sec>
<sec id="sec-13">
<label>3.2.3</label>
<title>Echopop</title>
<p>Echopop (<ext-link ext-link-type="uri" xlink:href="https://github.com/OSOceanAcoustics/echopop">https://github.com/OSOceanAcoustics/echopop</ext-link>) functions as the “glue” that combines echo measurements with biological data from trawls and acoustic backscattering models to estimate spatial distributions of animal abundance, biomass, and other biologically meaningful metrics. Here, “pop” stands for animal “population” information that can be obtained by analyzing echo data. Biological trawl samples typically yield species compositions and associated biometrics, such as sex, length, age, and weight. Many of these parameters are crucial for accurately configuring the acoustic backscattering models, which strongly affect the estimates of biological quantities from echo data (<xref ref-type="bibr" rid="ref-5">Stanton, 2012</xref>), which are important for informing fishery management strategies and for characterizing regional and global energy budgets. At present, the biological data agglomeration and echo data analysis steps implemented in Echopop are configured to work specifically with a fisheries acoustic-trawl survey targeting Pacific hake that is the focus of our project. However, the majority of the functions are generally applicable to other fish and zooplankton species. We therefore plan to expand the package to incorporate more general analysis functions in the near future, including support for biological data obtained by other <italic>in-situ</italic> ground-truthing methods, such as optical cameras (<xref ref-type="bibr" rid="ref-22">Williams <italic>et al.</italic>, 2016</xref>).</p>
</sec>
<sec id="sec-14">
<label>3.2.4</label>
<title>Echoshader</title>
<p>Echoshader (<ext-link ext-link-type="uri" xlink:href="https://github.com/OSOceanAcoustics/echoshader/">https://github.com/OSOceanAcoustics/echoshader/</ext-link>) enables interactive visualization of echosounder data to accelerate the data exploration and discovery process. Here, “shader” was inspired by Datashader, as echo data are often plotted as false color panels encoded with magnitude information (e.g., <xref ref-type="fig" rid="figure-1">Figure 1</xref>). Building on the HoloViz suite of tools, Echoshader extends Xarray’s plotting functionality using accessors (<ext-link ext-link-type="uri" xlink:href="https://docs.xarray.dev/en/latest/internals/extending-xarray.html">https://docs.xarray.dev/en/latest/internals/extending-xarray.html</ext-link>) to include variations that are widely used and insightful for exploring and understanding echosounder data. For example, the absolute and relative echo magnitudes measured at different frequencies can be used to classify scatterers, and are typically visualized through joint displays of echograms at multiple frequencies. Echograms are water column “profiles” that are often more meaningful when inspected together with the ship track on a bathymetry map. Echoshader makes it possible to create these plots directly from echosounder datasets generated by Echopype (which are native Xarray datasets or data arrays), complete with control widgets such as frequency selectors and color range sliders. In the next stage of development, we plan to integrate external echogram region annotations (e.g., from Echoregions) into the functionality, optimize performance for visualizing large datasets to enable efficient screening of historical data, and compile a gallery of demo use cases as part of the documentation.</p>
</sec>
<sec id="sec-15">
<label>3.2.5</label>
<title>Echodataflow</title>
<p>Echodataflow (<ext-link ext-link-type="uri" xlink:href="https://github.com/OSOceanAcoustics/echodataflow">https://github.com/OSOceanAcoustics/echodataflow</ext-link>) is a package that provides users with an efficient way to define, configure, and execute complex echosounder data processing workflows on either local or cloud platforms. It combines the power of Prefect (<ext-link ext-link-type="uri" xlink:href="https://www.prefect.io/">https://www.prefect.io/</ext-link>), an open-source workflow orchestration tool, and the flexibility of YA<abbrev alt="machine learning">ML</abbrev> configurations to leverage Echostack data processing functionalities in a modular and user-friendly way. Instead of writing code, users prepare “recipes” that are text-based configurations specifying data processing steps and associated parameters, data sources and output storage locations, logging options, and computing resources. Given a recipe, Echodataflow automatically translates these specifications into actions and augments the processes with the robust error tracking and retry mechanisms from Prefect. This makes it possible to systematically prototype and experiment with workflow variations and efficiently transition a prototype to a stable data pipeline, improving the collaboration between researchers, data engineers, and data managers. Currently, due to our project priorities, Echodataflow supports Echopype and Echoregions functionalities as well as custom functions that perform <abbrev alt="machine learning">ML</abbrev> predictions and cloud data upload. We plan to create functional templates for users to easily “wrap” their own workflow elements to use with Echodataflow in the near future.</p>
</sec>
<sec id="sec-16">
<label>3.2.6</label>
<title>Echolevels</title>
<p>Echolevels (<ext-link ext-link-type="uri" xlink:href="https://github.com/OSOceanAcoustics/echolevels">https://github.com/OSOceanAcoustics/echolevels</ext-link>) is a set of proposed data processing level definitions for echosounder data, rather than a software package. A concept originated and championed by the satellite remote sensing community (<xref ref-type="bibr" rid="ref-15">Weaver, 2014</xref>), “data processing levels” are categorizations of the continuum of data at different processing stages, from raw instrument-generated files to derived, often gridded and georeferenced data products that are ready for analysis or interpretation. Similar to data conventions, clear processing level definitions enhance data understanding and provenance tracking, which contribute directly to broader data use. We have added the proposed processing levels as dataset attributes in the output data of different Echopype functions to test these definitions in practice, and are collaborating with the echosounder user community to revise and improve them.</p>
</sec>
</sec>
</sec>
<sec id="sec-17">
<label>4</label>
<title>Example use cases</title>
<p>In this section, we present three example use cases of the Echostack libraries under the application scenario of a fisheries acoustic-trawl survey. Here, we use the Joint U.S. and Canada Pacific Hake Integrated Ecosystem and Pacific Hake Acoustic Trawl Survey (aka the “Hake survey”) as an example, as we are familiar with its context and setup for our project to accelerate biological information extraction using <abbrev alt="machine learning">ML</abbrev> and cloud technology. The Hake survey dates back to the late 1990s when echosounder technology was first widely adopted for fishery surveys. In recent years, this survey has occurred every odd-numbered year, covering the coastal waters, shelf break, and open ocean along the entire west coasts of the US and Canada (<xref ref-type="bibr" rid="ref-16">Northwest Fisheries Science Center, Fishery Resource Analysis and Monitoring Division, 2022</xref>).</p>
<p>The example use cases presented below demonstrate how Echostack tools are leveraged in echosounder data analysis and management. The examples utilize both raw data files archived in a data center and near real-time data continuously generated from a ship-mounted echosounder. We show how these tools can be used in a mix-and-match manner with each other and with other tools in the scientific Python software ecosystem to achieve user goals. Note that not all Echostack libraries are used in all use cases, which highlights the advantage of modular package design based on functional grouping.</p>
<sec id="sec-18">
<label>4.1</label>
<title>Use case 1: Interactive data exploration and experimentation</title>
<p>This is a common use case in which researchers interact with echosounder data through the browser-based Jupyter computing interface on a cloud virtual machine <xref ref-type="fig" rid="figure-5">Figure 5</xref>. They first assemble a Zarr store consisting of calibrated echo data for a single survey transect by directly processing a collection of raw files from a data center server (Echopype). They then interactively visualize the data (Echoshader) and experiment with the influence of different data cleaning options (Echopype and custom functions) on the resulting acoustically inferred biomass of a fish species (Echopop). These experimentations help the research identify parameters for setting up batch processing across all survey transects.</p>
<fig id="figure-5">
<label>Figure 5:</label>
<caption>
<p>Use case 1: Interactive data exploration and experimentation.</p>
</caption>
<graphic mimetype="image" mime-subtype="png" xlink:href="files/fig_usecase_interact-ba17d0bf8535289383f51ddae93e677a.png"/>
</fig>
</sec>
<sec id="sec-19">
<label>4.2</label>
<title>Use case 2: A ship-to-cloud <abbrev alt="machine learning">ML</abbrev> pipeline</title>
<p>This is an experimental use case in which researchers construct a ship-to-cloud pipeline that uses an <abbrev alt="machine learning">ML</abbrev> model to analyze ship echosounder data in near real-time and send the predictions and reduced data to the cloud for shore-side monitoring <xref ref-type="fig" rid="figure-6">Figure 6</xref>. The pipeline is orchestrated by Echodataflow, which manages data organization actions triggered by new files and analysis-oriented actions through a scheduler. A “watchdog” monitors the ship hard drive for newly generated raw echosounder data files, and continuously converts, calibrates, regrids, and appends new echo data into a local Zarr store dedicated to <abbrev alt="machine learning">ML</abbrev> analysis (Echopype). At regular intervals, the last section in the Zarr store is sliced and fed to an <abbrev alt="machine learning">ML</abbrev> model to detect the occurrence of a target fish species on the echogram (custom functions). The echo data are applied with the <abbrev alt="machine learning">ML</abbrev> predictions (Echoregions) and used to compute the abundance and biomass estimates (Echopop). The echo data slices are also further downsampled (Echopype) and sent to a cloud Zarr store for interactive visual monitoring (Echoshader). This pipeline paves the way for later optimization for an edge implementation on autonomous platforms.</p>
<fig id="figure-6">
<label>Figure 6:</label>
<caption>
<p>Use case 2: A ship-to-cloud <abbrev alt="machine learning">ML</abbrev> pipeline.</p>
</caption>
<graphic mimetype="image" mime-subtype="png" xlink:href="files/fig_usecase_ship2clo-046aa765f41b2c1218d609473cd2a906.png"/>
</fig>
</sec>
<sec id="sec-20">
<label>4.3</label>
<title>Use case 3: Mass production of analysis-ready, cloud-optimized (<abbrev alt="analysis-ready, cloud-optimized">ARCO</abbrev>) data products</title>
<p>This is a use case in which researchers or data managers create analysis-ready, cloud-optimized (<abbrev alt="analysis-ready, cloud-optimized">ARCO</abbrev>) echosounder data stores that can be readily drawn for analysis and experimentation <xref ref-type="fig" rid="figure-7">Figure 7</xref>. The pipeline is orchestrated by Echodataflow, which handles the efficient distribution of bulk computing tasks, communicates with data sources and destinations, and automatically logs and retries any processing errors. In the pipeline, instrument-generated binary data files sourced from a data center progress through multiple processing steps and are enriched with auxiliary data and metadata that may not exist in the original binary form (Echopype). These steps span through multiple data processing levels (Echolevels), at which data products are stored with full provenance to maximize re-processing flexibility and usability. The data stores assembled under this use case can be easily leveraged by researchers in Use case 1 to jump start their experimentation of data cleaning parameters.</p>
<fig id="figure-7">
<label>Figure 7:</label>
<caption>
<p>Use case 3: Mass production of cloud-optimized, analysis-ready data products</p>
</caption>
<graphic mimetype="image" mime-subtype="png" xlink:href="files/fig_usecase_arco_dat-d53fd6c49efe6e70495300b4097699a4.png"/>
</fig>
</sec>
</sec>
<sec id="sec-21">
<label>5</label>
<title>Discussion</title>
<p>Echostack is an open-source software suite under active development. It will continue to evolve with the needs of the users and advancements in the scientific Python software ecosystem, in particular the Pandata and derived libraries in the wider geosciences domain. The Echostack tools were initially developed to address needs arising from our own research projects, but we quickly realized the potential value of these tools as open resources in the fisheries acoustic and ocean sciences communities. This paper serves as an interim report that describes our design considerations and discusses current capabilities and future plans together with three concrete use cases. Moving forward, we have two main goals: 1) enhancing Echostack features and performance, and 2) cultivating community user engagement. For the libraries, we aim to incorporate a wider set of echosounder data processing and visualization functions, ensure scalability with large datasets, improve documentation, and provide benchmark reports for library performance. For the community, we aim to broaden the discussion on development priorities and encourage code contribution from the user community, through intentional outreach efforts via both formal (conferences and workshops) and informal (interactions on code repositories and emails) channels. These goals are interdependent and form a positive feedback loop, as the more useful the software tools are, the more likely people will use it and contribute to its maintenance and development. The echosounder user community is diverse and includes members with a wide range of technical experiences and practical considerations, and would benefit from a suite of flexible tools that are both plug-and-play and customizable to meet specific requirements. It is our hope that the Echostack software packages can function as a catalyst for community-wide discussions and collaborations on advancing data processing workflow and information extraction in this domain.</p>
</sec>
<sec id="sec-22">
<label>6</label>
<title>Acknowledgements</title>
<p>We thank Alicia Billings, Dezhang Chu, Julia Clemons, Elizabeth Phillips, and Rebecca Thomas for discussions on code implementations and use cases, and Imran Majeed, Kavin Nguyen, Praneeth Ratna, and Brandyn Reyes for contributing to the code. The software development received funding support from NOAA Fisheries, NOAA Ocean Exploration, NSF, NASA, and the Gordon and Betty Moore and Alfred P. Sloan Foundations (MSDSE Environments), as well as engineering support from the University of Washington Scientific Software Engineering Center funded by Schmidt Futures as part of the Virtual Institute for Scientific Software.</p>
</sec>
</body>
<back>
<ref-list>
<ref id="ref-8">
<element-citation publication-type="book">
<article-title>Fundamentals of acoustical oceanography</article-title>
<person-group person-group-type="author">
<name><surname>Medwin</surname><given-names>Herman</given-names></name>
<name><surname>Clay</surname><given-names>Clarence S.</given-names></name>
</person-group><year iso-8601-date="1998">1998</year><pub-id pub-id-type="doi">10.1016/B978-0-12-487570-8.X5000-4</pub-id></element-citation>
</ref>
<ref id="ref-5">
<element-citation publication-type="journal">
<article-title>30 years of advances in active bioacoustics: A personal perspective</article-title>
<person-group person-group-type="author">
<name><surname>Stanton</surname><given-names>Timothy K.</given-names></name>
</person-group><source>Methods in Oceanography</source><year iso-8601-date="2012">2012</year><pub-id pub-id-type="doi">10.1016/j.mio.2012.07.002</pub-id><volume>1–2</volume><fpage>49</fpage><lpage>77</lpage>
<issn>2211-1220</issn>
</element-citation>
</ref>
<ref id="ref-6">
<element-citation publication-type="journal">
<article-title>Ecological insights from pelagic habitats acquired using active acoustic techniques</article-title>
<person-group person-group-type="author">
<name><surname>Benoit-Bird</surname><given-names>Kelly J.</given-names></name>
<name><surname>Lawson</surname><given-names>Gareth L.</given-names></name>
</person-group><source>Annual Review of Marine Science</source><year iso-8601-date="2016">2016</year><pub-id pub-id-type="doi">10.1146/annurev-marine-122414-034001</pub-id><volume>8</volume><issue>1</issue><fpage>463</fpage><lpage>490</lpage>
<issn>1941-1405</issn>
</element-citation>
</ref>
<ref id="ref-7">
<element-citation publication-type="journal">
<article-title>Increasing the accessibility of acoustic data through global access and imagery</article-title>
<person-group person-group-type="author">
<name><surname>Wall</surname><given-names>Carrie C.</given-names></name>
<name><surname>Jech</surname><given-names>J. Michael</given-names></name>
<name><surname>McLean</surname><given-names>Susan J.</given-names></name>
</person-group><source>ICES Journal of Marine Science: Journal du Conseil</source><year iso-8601-date="2016">2016</year><pub-id pub-id-type="doi">10.1093/icesjms/fsw014</pub-id><volume>73</volume><issue>8</issue><fpage>2093</fpage><lpage>2103</lpage>
<issn>1054-3139</issn>
</element-citation>
</ref>
<ref id="ref-11">
<element-citation publication-type="journal">
<article-title>Large scale patterns in vertical distribution and behaviour of mesopelagic scattering layers</article-title>
<person-group person-group-type="author">
<name><surname>Klevjer</surname><given-names>T. A.</given-names></name>
<name><surname>Irigoien</surname><given-names>X.</given-names></name>
<name><surname>Røstad</surname><given-names>A.</given-names></name>
<name><surname>Fraile-Nuez</surname><given-names>E.</given-names></name>
<name><surname>Benítez-Barrios</surname><given-names>V. M.</given-names></name>
<name><surname>Kaartvedt.</surname><given-names>S.</given-names></name>
</person-group><source>Scientific Reports</source><year iso-8601-date="2016">2016</year><pub-id pub-id-type="doi">10.1038/srep19873</pub-id><volume>6</volume><issue>1</issue><fpage>19873</fpage>
<issn>2045-2322</issn>
</element-citation>
</ref>
<ref id="ref-17">
<element-citation publication-type="paper-conference">
<article-title>The Large Scale Survey System - LSSS</article-title>
<person-group person-group-type="author">
<name><surname>Korneliussen</surname><given-names>R.</given-names></name>
<name><surname>Ona</surname><given-names>E.</given-names></name>
<name><surname>Eliassen</surname><given-names>I.</given-names></name>
<name><surname>Heggelund</surname><given-names>Y.</given-names></name>
<name><surname>Patel</surname><given-names>R.</given-names></name>
<name><surname>Godo</surname><given-names>O. R.</given-names></name>
<name><surname>Giertsen</surname><given-names>C.</given-names></name>
<name><surname>Patel</surname><given-names>D.</given-names></name>
<name><surname>Nornes</surname><given-names>E.</given-names></name>
<name><surname>Bekkvik</surname><given-names>T.</given-names></name>
<name><surname>Knudsen</surname><given-names>H. P.</given-names></name>
<name><surname>Lien</surname><given-names>G.</given-names></name>
</person-group><source>Proceedings of the 29th Scandinavian Symposium on Physical Acoustics</source><year iso-8601-date="2006">2006</year></element-citation>
</ref>
<ref id="ref-9">
<element-citation publication-type="journal">
<article-title>Matecho: An Open-Source Tool for Processing Fisheries Acoustics Data</article-title>
<person-group person-group-type="author">
<name><surname>Perrot</surname><given-names>Yannick</given-names></name>
<name><surname>Brehmer</surname><given-names>Patrice</given-names></name>
<name><surname>Habasque</surname><given-names>Jérémie</given-names></name>
<name><surname>Roudaut</surname><given-names>Gildas</given-names></name>
<name><surname>Behagle</surname><given-names>Nolwenn</given-names></name>
<name><surname>Sarré</surname><given-names>Abdoulaye</given-names></name>
<name><surname>Lebourges-Dhaussy</surname><given-names>Anne</given-names></name>
</person-group><source>Acoustics Australia</source><year iso-8601-date="2018">2018</year><pub-id pub-id-type="doi">10.1007/s40857-018-0135-x</pub-id><volume>46</volume><issue>2</issue><fpage>241</fpage><lpage>248</lpage>
<issn>1839-2571</issn>
</element-citation>
</ref>
<ref id="ref-3">
<element-citation publication-type="journal">
<article-title>ESP3: An open-source software for the quantitative processing of hydro-acoustic data</article-title>
<person-group person-group-type="author">
<name><surname>Ladroit</surname><given-names>Yoann</given-names></name>
<name><surname>Escobar-Flores</surname><given-names>Pablo C.</given-names></name>
<name><surname>Schimel</surname><given-names>Alexandre C. G.</given-names></name>
<name><surname>O’Driscoll</surname><given-names>Richard L.</given-names></name>
</person-group><source>SoftwareX</source><year iso-8601-date="2020">2020</year><pub-id pub-id-type="doi">10.1016/j.softx.2020.100581</pub-id><volume>12</volume><fpage>100581</fpage>
<issn>2352-7110</issn>
</element-citation>
</ref>
<ref id="ref-19">
<element-citation publication-type="journal">
<article-title>The Pandata Scalable Open-Source Analysis Stack</article-title>
<person-group person-group-type="author">
<name><surname>Bednar</surname><given-names>James A.</given-names></name>
<name><surname>Durant</surname><given-names>Martin</given-names></name>
</person-group><source>Proceedings of the 22nd Python in Science Conference</source><year iso-8601-date="2023">2023</year><pub-id pub-id-type="doi">10.25080/gerudo-f2bc6f59-00b</pub-id><fpage>85</fpage><lpage>92</lpage></element-citation>
</ref>
<ref id="ref-14">
<element-citation publication-type="journal">
<article-title>Sounding out life in the deep using acoustic data from ships of opportunity</article-title>
<person-group person-group-type="author">
<name><surname>Haris</surname><given-names>K.</given-names></name>
<name><surname>Kloser</surname><given-names>Rudy J.</given-names></name>
<name><surname>Ryan</surname><given-names>Tim E.</given-names></name>
<name><surname>Downie</surname><given-names>Ryan A.</given-names></name>
<name><surname>Keith</surname><given-names>Gordon</given-names></name>
<name><surname>Nau</surname><given-names>Amy W.</given-names></name>
</person-group><source>Scientific Data</source><year iso-8601-date="2021">2021</year><pub-id pub-id-type="doi">10.1038/s41597-020-00785-8</pub-id><volume>8</volume><issue>1</issue><fpage>23</fpage>
<issn>2052-4463</issn>
</element-citation>
</ref>
<ref id="ref-12">
<element-citation publication-type="journal">
<article-title>The Ocean Observatories Initiative</article-title>
<person-group person-group-type="author">
<name><surname>Trowbridge</surname><given-names>John</given-names></name>
<name><surname>Weller</surname><given-names>Robert</given-names></name>
<name><surname>Kelley</surname><given-names>Deborah</given-names></name>
<name><surname>Dever</surname><given-names>Edward</given-names></name>
<name><surname>Plueddemann</surname><given-names>Albert</given-names></name>
<name><surname>Barth</surname><given-names>John A.</given-names></name>
<name><surname>Kawka</surname><given-names>Orest</given-names></name>
</person-group><source>Frontiers in Marine Science</source><year iso-8601-date="2019">2019</year><pub-id pub-id-type="doi">10.3389/fmars.2019.00074</pub-id><volume>6</volume>
<issn>2296-7745</issn>
</element-citation>
</ref>
<ref id="ref-4">
<element-citation publication-type="journal">
<article-title>Integration of scientific echo sounders with an adaptable autonomous vehicle to extend our understanding of animals from the surface to the bathypelagic</article-title>
<person-group person-group-type="author">
<name><surname>Moline</surname><given-names>Mark A.</given-names></name>
<name><surname>Benoit-Bird</surname><given-names>Kelly</given-names></name>
<name><surname>O'Gorman</surname><given-names>David</given-names></name>
<name><surname>Robbins</surname><given-names>Ian C.</given-names></name>
</person-group><source>Journal of Atmospheric and Oceanic Technology</source><year iso-8601-date="2015">2015</year><pub-id pub-id-type="doi">10.1175/JTECH-D-15-0035.1</pub-id><volume>32</volume><issue>11</issue><fpage>2173</fpage><lpage>2186</lpage>
<issn>15200426</issn>
</element-citation>
</ref>
<ref id="ref-10">
<element-citation publication-type="journal">
<article-title>Acoustic classification in multifrequency echosounder data using deep convolutional neural networks</article-title>
<person-group person-group-type="author">
<name><surname>Brautaset</surname><given-names>Olav</given-names></name>
<name><surname>Waldeland</surname><given-names>Anders Ueland</given-names></name>
<name><surname>Johnsen</surname><given-names>Espen</given-names></name>
<name><surname>Malde</surname><given-names>Ketil</given-names></name>
<name><surname>Eikvil</surname><given-names>Line</given-names></name>
<name><surname>Salberg</surname><given-names>Arnt-Børre</given-names></name>
<name><surname>Handegard</surname><given-names>Nils Olav</given-names></name>
</person-group><source>ICES Journal of Marine Science</source><year iso-8601-date="2020">2020</year><pub-id pub-id-type="doi">10.1093/ICESJMS/FSZ235</pub-id><volume>77</volume><issue>4</issue><fpage>1391</fpage><lpage>1400</lpage></element-citation>
</ref>
<ref id="ref-13">
<element-citation publication-type="journal">
<article-title>Deep semisupervised semantic segmentation in multifrequency echosounder data</article-title>
<person-group person-group-type="author">
<name><surname>Choi</surname><given-names>Changkyu</given-names></name>
<name><surname>Kampffmeyer</surname><given-names>Michael</given-names></name>
<name><surname>Handegard</surname><given-names>Nils Olav</given-names></name>
<name><surname>Salberg</surname><given-names>Arnt-Børre</given-names></name>
<name><surname>Jenssen</surname><given-names>Robert</given-names></name>
</person-group><source>IEEE Journal of Oceanic Engineering</source><year iso-8601-date="2023">2023</year><pub-id pub-id-type="doi">10.1109/JOE.2022.3226214</pub-id><fpage>1</fpage><lpage>17</lpage>
<issn>1558-1691</issn>
</element-citation>
</ref>
<ref id="ref-24">
<element-citation publication-type="journal">
<article-title>A Bayesian inverse approach to identify and quantify organisms from fisheries acoustic data</article-title>
<person-group person-group-type="author">
<name><surname>Urmy</surname><given-names>Samuel S</given-names></name>
<name><surname>De Robertis</surname><given-names>Alex</given-names></name>
<name><surname>Bassett</surname><given-names>Christopher</given-names></name>
</person-group><source>ICES Journal of Marine Science</source><year iso-8601-date="2023">2023</year><pub-id pub-id-type="doi">10.1093/icesjms/fsad102</pub-id><fpage>fsad102</fpage>
<issn>1054-3139</issn>
</element-citation>
</ref>
<ref id="ref-23">
<element-citation publication-type="journal">
<article-title>Developing a hybrid model with multiview learning for acoustic classification of Atlantic herring schools</article-title>
<person-group person-group-type="author">
<name><surname>Zhang</surname><given-names>Yawen</given-names></name>
<name><surname>Wall</surname><given-names>Carrie C.</given-names></name>
<name><surname>Jech</surname><given-names>J. Michael</given-names></name>
<name><surname>Lv</surname><given-names>Qin</given-names></name>
</person-group><source>Limnology and Oceanography: Methods</source><year iso-8601-date="2024">2024</year><pub-id pub-id-type="doi">10.1002/lom3.10611</pub-id><volume>22</volume><issue>5</issue><fpage>351</fpage><lpage>368</lpage>
<issn>1541-5856</issn>
</element-citation>
</ref>
<ref id="ref-20">
<element-citation publication-type="journal">
<article-title>The R package EchoviewR for automated processing of active acoustic data using Echoview</article-title>
<person-group person-group-type="author">
<name><surname>Harrison</surname><given-names>Lisa-Marie K.</given-names></name>
<name><surname>Cox</surname><given-names>Martin J.</given-names></name>
<name><surname>Skaret</surname><given-names>Georg</given-names></name>
<name><surname>Harcourt</surname><given-names>Robert</given-names></name>
</person-group><source>Frontiers in Marine Science</source><year iso-8601-date="2015">2015</year><pub-id pub-id-type="doi">10.3389/fmars.2015.00015</pub-id><volume>2</volume>
<issn>2296-7745</issn>
</element-citation>
</ref>
<ref id="ref-1">
<element-citation publication-type="journal">
<article-title>Echopype: A Python library for interoperable and scalable processing of water column sonar data for biological information</article-title>
<person-group person-group-type="author">
<name><surname>Lee</surname><given-names>Wu-Jung</given-names></name>
<name><surname>Mayorga</surname><given-names>Emilio</given-names></name>
<name><surname>Setiawan</surname><given-names>Landung</given-names></name>
<name><surname>Majeed</surname><given-names>Imran</given-names></name>
<name><surname>Nguyen</surname><given-names>Kavin</given-names></name>
<name><surname>Staneva</surname><given-names>Valentina</given-names></name>
</person-group><source>arXiv:2111.00187 [eess]</source><year iso-8601-date="2021">2021</year><pub-id pub-id-type="doi">10.48550/arXiv.2111.00187</pub-id></element-citation>
</ref>
<ref id="ref-21">
<element-citation publication-type="document">
<article-title>regionmask/regionmask: version 0.12.1</article-title>
<person-group person-group-type="author">
<name><surname>Hauser</surname><given-names>Mathias</given-names></name>
<name><surname>Spring</surname><given-names>Aaron</given-names></name>
<name><surname>Busecke</surname><given-names>Julius</given-names></name>
<name><surname>Driel</surname><given-names>Martin van</given-names></name>
<name><surname>Lorenz</surname><given-names>Ruth</given-names></name>
<name><surname>assistant</surname></name>
</person-group><year iso-8601-date="2024">2024</year><pub-id pub-id-type="doi">10.5281/zenodo.10849860</pub-id></element-citation>
</ref>
<ref id="ref-22">
<element-citation publication-type="journal">
<article-title>Automated measurements of fish within a trawl using stereo images from a Camera-Trawl device (CamTrawl)</article-title>
<person-group person-group-type="author">
<name><surname>Williams</surname><given-names>Kresimir</given-names></name>
<name><surname>Lauffenburger</surname><given-names>Nathan</given-names></name>
<name><surname>Chuang</surname><given-names>Meng-Che</given-names></name>
<name><surname>Hwang</surname><given-names>Jenq-Neng</given-names></name>
<name><surname>Towler</surname><given-names>Rick</given-names></name>
</person-group><source>Methods in Oceanography</source><year iso-8601-date="2016">2016</year><pub-id pub-id-type="doi">10.1016/j.mio.2016.09.008</pub-id><volume>17</volume><fpage>138</fpage><lpage>152</lpage>
<issn>2211-1220</issn>
</element-citation>
</ref>
<ref id="ref-15">
<element-citation publication-type="chapter">
<article-title>Processing Levels</article-title>
<person-group person-group-type="author">
<name><surname>Weaver</surname><given-names>Ron</given-names></name>
</person-group><source>Encyclopedia of Remote Sensing</source><year iso-8601-date="2014">2014</year><pub-id pub-id-type="doi">10.1007/978-0-387-36699-9_36</pub-id><fpage>517</fpage><lpage>520</lpage></element-citation>
</ref>
<ref id="ref-16">
<element-citation publication-type="journal">
<article-title>The 2021 Joint U.S.-Canada Integrated Ecosystem and Pacific Hake Acoustic Trawl Survey: Cruise Report SH-21-06</article-title>
<person-group person-group-type="author">
<name><surname>Northwest Fisheries Science Center, Fishery Resource Analysis and Monitoring Division</surname></name>
</person-group><year iso-8601-date="2022">2022</year><pub-id pub-id-type="doi">10.25923/0979-6D84</pub-id></element-citation>
</ref>
</ref-list>
</back>
</article>
