<?xml version="1.0" encoding="UTF-8"?>
<!DOCTYPE manifest PUBLIC "-//MECA//DTD Manifest v1.0//en" "https://meca.zip/manifest-1.0.dtd">
<manifest manifest-version="1" xmlns="https://manuscriptexchange.org/schema/manifest" xmlns:xlink="http://www.w3.org/1999/xlink">
  <item item-type="article-metadata">
    <instance media-type="application/xml" xlink:href="jats.xml"/>
  </item>
  <item item-type="article-supporting-file">
    <instance media-type="image/png" xlink:href="files/fig_echo_data-fbe077d68e3e4782b4beccf93ee990b2.png"/>
  </item>
  <item item-type="article-supporting-file">
    <instance media-type="image/png" xlink:href="files/fig_echostack_main-9d4ca915d5abdeedc27cb0c30ee46e37.png"/>
  </item>
  <item item-type="article-supporting-file">
    <instance media-type="image/png" xlink:href="files/fig_package_summary-57089d904195f724500baf74a4c76d77.png"/>
  </item>
  <item item-type="article-supporting-file">
    <instance media-type="image/png" xlink:href="files/fig_typical_workflow-53cf3e4894f6f310ad546a53ad4cc0a8.png"/>
  </item>
  <item item-type="article-supporting-file">
    <instance media-type="image/png" xlink:href="files/fig_usecase_arco_dat-d53fd6c49efe6e70495300b4097699a4.png"/>
  </item>
  <item item-type="article-supporting-file">
    <instance media-type="image/png" xlink:href="files/fig_usecase_interact-ba17d0bf8535289383f51ddae93e677a.png"/>
  </item>
  <item item-type="article-supporting-file">
    <instance media-type="image/png" xlink:href="files/fig_usecase_ship2clo-046aa765f41b2c1218d609473cd2a906.png"/>
  </item>
  <item item-type="article-source">
    <instance media-type="text/yaml" xlink:href="bundle/myst.yml"/>
  </item>
  <item item-type="article-source">
    <instance media-type="text/markdown" xlink:href="bundle/main.md"/>
  </item>
  <item item-type="article-source">
    <instance media-type="image/png" xlink:href="bundle/fig_echo_data.png"/>
  </item>
  <item item-type="article-source">
    <instance media-type="image/png" xlink:href="bundle/fig_typical_workflow.png"/>
  </item>
  <item item-type="article-source">
    <instance media-type="image/png" xlink:href="bundle/fig_echostack_main.png"/>
  </item>
  <item item-type="article-source">
    <instance media-type="image/png" xlink:href="bundle/fig_package_summary.png"/>
  </item>
  <item item-type="article-source">
    <instance media-type="image/png" xlink:href="bundle/fig_usecase_interactive.png"/>
  </item>
  <item item-type="article-source">
    <instance media-type="image/png" xlink:href="bundle/fig_usecase_ship2cloud.png"/>
  </item>
  <item item-type="article-source">
    <instance media-type="image/png" xlink:href="bundle/fig_usecase_arco_data.png"/>
  </item>
  <item item-type="article-source">
    <instance media-type="application/x-bibtex" xlink:href="bundle/mybib.bib"/>
  </item>
  <item item-type="article-source-directory">
    <instance media-type="application/x-directory" xlink:href="bundle/"/>
  </item>
</manifest>