<?xml version="1.0" encoding="UTF-8"?>
<!DOCTYPE manifest PUBLIC "-//MECA//DTD Manifest v1.0//en" "https://meca.zip/manifest-1.0.dtd">
<manifest manifest-version="1" xmlns="https://manuscriptexchange.org/schema/manifest" xmlns:xlink="http://www.w3.org/1999/xlink">
  <item item-type="article-metadata">
    <instance media-type="application/xml" xlink:href="jats.xml"/>
  </item>
  <item item-type="article-supporting-file">
    <instance media-type="image/webp" xlink:href="files/cyan_comparison-3b530471e0b89cd697e1cf7251c554dc.webp"/>
  </item>
  <item item-type="article-supporting-file">
    <instance media-type="image/webp" xlink:href="files/cyfi_explorer-742c61510c683474543011c38751e92f.webp"/>
  </item>
  <item item-type="article-supporting-file">
    <instance media-type="image/webp" xlink:href="files/eval_data_providers-81696fdb195be5a9d41dd4a26bb6f284.webp"/>
  </item>
  <item item-type="article-supporting-file">
    <instance media-type="image/webp" xlink:href="files/feature_creation-2fc06d1a813f49e609f256c8030498b4.webp"/>
  </item>
  <item item-type="article-supporting-file">
    <instance media-type="image/webp" xlink:href="files/model_experimentatio-f6d39eee8866453c40b6c232a4dbbae9.webp"/>
  </item>
  <item item-type="article-supporting-file">
    <instance media-type="image/webp" xlink:href="files/resolution_sentinel_-cd9c7ffc74f6e4f182ee92453fe45441.webp"/>
  </item>
  <item item-type="article-supporting-file">
    <instance media-type="image/webp" xlink:href="files/resolution_sentinel_-faa64bf7189880637fb3467967d27200.webp"/>
  </item>
  <item item-type="article-supporting-file">
    <instance media-type="image/webp" xlink:href="files/train_test-e7942d57404ba8c5d067bbc9dc558af8.webp"/>
  </item>
  <item item-type="article-supporting-file">
    <instance media-type="image/webp" xlink:href="files/ttb_datasets-4426ce1745f2159e00da9186b293423f.webp"/>
  </item>
  <item item-type="article-source">
    <instance media-type="text/yaml" xlink:href="bundle/myst.yml"/>
  </item>
  <item item-type="article-source">
    <instance media-type="text/markdown" xlink:href="bundle/main.md"/>
  </item>
  <item item-type="article-source">
    <instance media-type="image/webp" xlink:href="bundle/resolution_sentinel_2.webp"/>
  </item>
  <item item-type="article-source">
    <instance media-type="image/webp" xlink:href="bundle/resolution_sentinel_3.webp"/>
  </item>
  <item item-type="article-source">
    <instance media-type="image/webp" xlink:href="bundle/ttb_datasets.webp"/>
  </item>
  <item item-type="article-source">
    <instance media-type="image/webp" xlink:href="bundle/model_experimentation.webp"/>
  </item>
  <item item-type="article-source">
    <instance media-type="image/webp" xlink:href="bundle/feature_creation.webp"/>
  </item>
  <item item-type="article-source">
    <instance media-type="image/webp" xlink:href="bundle/train_test.webp"/>
  </item>
  <item item-type="article-source">
    <instance media-type="image/webp" xlink:href="bundle/eval_data_providers.webp"/>
  </item>
  <item item-type="article-source">
    <instance media-type="image/webp" xlink:href="bundle/cyan_comparison.webp"/>
  </item>
  <item item-type="article-source">
    <instance media-type="image/webp" xlink:href="bundle/cyfi_explorer.webp"/>
  </item>
  <item item-type="article-source">
    <instance media-type="application/x-bibtex" xlink:href="bundle/mybib.bib"/>
  </item>
  <item item-type="article-source-directory">
    <instance media-type="application/x-directory" xlink:href="bundle/"/>
  </item>
</manifest>