<?xml version="1.0" encoding="UTF-8"?>
<!DOCTYPE manifest PUBLIC "-//MECA//DTD Manifest v1.0//en" "https://meca.zip/manifest-1.0.dtd">
<manifest manifest-version="1" xmlns="https://manuscriptexchange.org/schema/manifest" xmlns:xlink="http://www.w3.org/1999/xlink">
  <item item-type="article-metadata">
    <instance media-type="application/xml" xlink:href="jats.xml"/>
  </item>
  <item item-type="article-supporting-file">
    <instance media-type="image/png" xlink:href="files/068a36aae17ca41843650e55a0c9b6c5.png"/>
  </item>
  <item item-type="article-supporting-file">
    <instance media-type="text/plain" xlink:href="files/0f059e5d70f1a24ff6ecbf90a9c39af3.txt"/>
  </item>
  <item item-type="article-supporting-file">
    <instance media-type="text/plain" xlink:href="files/22310d770bec228aee69127438285085.txt"/>
  </item>
  <item item-type="article-supporting-file">
    <instance media-type="text/plain" xlink:href="files/28fce808b1e67a478c0444a10d27a748.txt"/>
  </item>
  <item item-type="article-supporting-file">
    <instance media-type="text/plain" xlink:href="files/29f918bb229c119befee19f008fbe5b1.txt"/>
  </item>
  <item item-type="article-supporting-file">
    <instance media-type="text/plain" xlink:href="files/3113b4398a6f208e35b0e78c1270a95d.txt"/>
  </item>
  <item item-type="article-supporting-file">
    <instance media-type="text/plain" xlink:href="files/4136a2d2529e730de282b619ea9f4122.txt"/>
  </item>
  <item item-type="article-supporting-file">
    <instance media-type="image/png" xlink:href="files/438a8c731a32409de2315aa30aab8df4.png"/>
  </item>
  <item item-type="article-supporting-file">
    <instance media-type="text/plain" xlink:href="files/50f98f0142ab4970309d2896f93f5998.txt"/>
  </item>
  <item item-type="article-supporting-file">
    <instance media-type="text/plain" xlink:href="files/513912c3ad9a120a0553936fbd151af2.txt"/>
  </item>
  <item item-type="article-supporting-file">
    <instance media-type="text/plain" xlink:href="files/5b3f0b31ec9e031cb36eca354ea8d7ac.txt"/>
  </item>
  <item item-type="article-supporting-file">
    <instance media-type="text/plain" xlink:href="files/614e342c76f5b71b597a7e059511e8b2.txt"/>
  </item>
  <item item-type="article-supporting-file">
    <instance media-type="text/plain" xlink:href="files/630f69460d90805f80541ecd8f6be895.txt"/>
  </item>
  <item item-type="article-supporting-file">
    <instance media-type="text/plain" xlink:href="files/652267628f576af114cd68a4911a4a5b.txt"/>
  </item>
  <item item-type="article-supporting-file">
    <instance media-type="image/png" xlink:href="files/77843389122a9a2b047b11be1a2103f2.png"/>
  </item>
  <item item-type="article-supporting-file">
    <instance media-type="text/plain" xlink:href="files/7b5565c8eb61ac1a3a0226f4ad61bee8.txt"/>
  </item>
  <item item-type="article-supporting-file">
    <instance media-type="text/plain" xlink:href="files/8c864411715804a8a27436391974e273.txt"/>
  </item>
  <item item-type="article-supporting-file">
    <instance media-type="text/plain" xlink:href="files/8d664d400975351db0fbe0d275dfc56a.txt"/>
  </item>
  <item item-type="article-supporting-file">
    <instance media-type="text/plain" xlink:href="files/908d1fd16e38c0c5ef357a8c1235dd80.txt"/>
  </item>
  <item item-type="article-supporting-file">
    <instance media-type="text/plain" xlink:href="files/9fbc1fd2e9486c667f23fec9d3c50b07.txt"/>
  </item>
  <item item-type="article-supporting-file">
    <instance media-type="text/plain" xlink:href="files/a135f3f3d900cb46a95a6eee76603411.txt"/>
  </item>
  <item item-type="article-supporting-file">
    <instance media-type="text/plain" xlink:href="files/a6255a8d7ac11cabe5829e143599f112.txt"/>
  </item>
  <item item-type="article-supporting-file">
    <instance media-type="image/png" xlink:href="files/banner-810ae85f4d160c4f85781d0a83b6d55f.png"/>
  </item>
  <item item-type="article-supporting-file">
    <instance media-type="image/png" xlink:href="files/bec826f1ef3f39211e6d3715ae61a026.png"/>
  </item>
  <item item-type="article-supporting-file">
    <instance media-type="text/plain" xlink:href="files/c89c441855dea149fa0813e634273f87.txt"/>
  </item>
  <item item-type="article-supporting-file">
    <instance media-type="text/plain" xlink:href="files/e5187c10f8aad549e04e332c5c84473f.txt"/>
  </item>
  <item item-type="article-supporting-file">
    <instance media-type="text/plain" xlink:href="files/f423ed4f77cf0ff09e9afb6dd263791b.txt"/>
  </item>
  <item item-type="article-supporting-file">
    <instance media-type="text/plain" xlink:href="files/f5b0e8577fb1161a678575a80e0f24a5.txt"/>
  </item>
  <item item-type="article-supporting-file">
    <instance media-type="text/plain" xlink:href="files/f8b064f7348b37310547db677f758d5f.txt"/>
  </item>
  <item item-type="article-supporting-file">
    <instance media-type="image/png" xlink:href="files/figure1-1517b87343df71d6ca3a27fbf01c2504.png"/>
  </item>
  <item item-type="manuscript">
    <instance media-type="application/pdf" xlink:href="full_text.pdf"/>
  </item>
  <item item-type="article-source">
    <instance media-type="text/yaml" xlink:href="bundle/myst.yml"/>
  </item>
  <item item-type="article-source">
    <instance media-type="application/x-ipynb+json" xlink:href="bundle/main.ipynb"/>
  </item>
  <item item-type="article-source">
    <instance media-type="image/png" xlink:href="bundle/figure1.png"/>
  </item>
  <item item-type="article-source">
    <instance media-type="image/png" xlink:href="bundle/banner.png"/>
  </item>
  <item item-type="article-source">
    <instance media-type="application/x-ipynb+json" xlink:href="bundle/tables.ipynb"/>
  </item>
  <item item-type="article-source-directory">
    <instance media-type="application/x-directory" xlink:href="bundle/"/>
  </item>
</manifest>