<?xml version="1.0" encoding="UTF-8"?>
<!DOCTYPE manifest PUBLIC "-//MECA//DTD Manifest v1.0//en" "https://meca.zip/manifest-1.0.dtd">
<manifest manifest-version="1" xmlns="https://manuscriptexchange.org/schema/manifest" xmlns:xlink="http://www.w3.org/1999/xlink">
  <item item-type="article-metadata">
    <instance media-type="application/xml" xlink:href="jats.xml"/>
  </item>
  <item item-type="article-supporting-file">
    <instance media-type="image/png" xlink:href="files/dag-5bce20ec9bb45daba16fe06e8c653002.png"/>
  </item>
  <item item-type="article-supporting-file">
    <instance media-type="image/png" xlink:href="files/nodes-c664c439cf0610b5ed3cffd18fd37d58.png"/>
  </item>
  <item item-type="article-supporting-file">
    <instance media-type="image/png" xlink:href="files/timeline-c42c1b54698fb75cdcdc49cbadc160a7.png"/>
  </item>
  <item item-type="article-source">
    <instance media-type="text/yaml" xlink:href="bundle/myst.yml"/>
  </item>
  <item item-type="article-source">
    <instance media-type="text/markdown" xlink:href="bundle/main.md"/>
  </item>
  <item item-type="article-source">
    <instance media-type="image/png" xlink:href="bundle/nodes.png"/>
  </item>
  <item item-type="article-source">
    <instance media-type="image/png" xlink:href="bundle/dag.png"/>
  </item>
  <item item-type="article-source">
    <instance media-type="image/png" xlink:href="bundle/timeline.png"/>
  </item>
  <item item-type="article-source">
    <instance media-type="application/x-bibtex" xlink:href="bundle/mybib.bib"/>
  </item>
  <item item-type="article-source-directory">
    <instance media-type="application/x-directory" xlink:href="bundle/"/>
  </item>
</manifest>