<?xml version="1.0" encoding="UTF-8"?>
<!DOCTYPE article PUBLIC "-//NLM//DTD JATS (Z39.96) Journal Archiving and Interchange DTD with MathML3 v1.3 20210610//EN" "http://jats.nlm.nih.gov/publishing/1.3/JATS-archivearticle1-3-mathml3.dtd">
<article xmlns:mml="http://www.w3.org/1998/Math/MathML" xmlns:xlink="http://www.w3.org/1999/xlink" xmlns:xsi="http://www.w3.org/2001/XMLSchema-instance" xmlns:ali="http://www.niso.org/schemas/ali/1.0/" dtd-version="1.3" xml:lang="en" id="main">
<front>
<article-meta>
<article-id pub-id-type="doi">10.25080/wcfp5784</article-id>
<title-group>
<article-title>Empowering Learners - Teaching Reproducible Research with Open-Source Tools</article-title>
<alt-title alt-title-type="running-head">Empowering Learners - Teaching Reproducible Research</alt-title>
</title-group>
<contrib-group>
<contrib contrib-type="author" corresp="yes">
<contrib-id contrib-id-type="orcid">https://orcid.org/0000-0001-7501-8430</contrib-id>
<name name-style="western"><surname>Khider</surname><given-names>Deborah</given-names></name>
<role vocab="credit" vocab-identifier="https://credit.niso.org/" vocab-term="Conceptualization" vocab-term-identifier="https://credit.niso.org/contributor-roles/conceptualization/">Conceptualization</role>
<role vocab="credit" vocab-identifier="https://credit.niso.org/" vocab-term="Formal analysis" vocab-term-identifier="https://credit.niso.org/contributor-roles/formal-analysis/">Formal analysis</role>
<role vocab="credit" vocab-identifier="https://credit.niso.org/" vocab-term="Funding acquisition" vocab-term-identifier="https://credit.niso.org/contributor-roles/funding-acquisition/">Funding acquisition</role>
<role vocab="credit" vocab-identifier="https://credit.niso.org/" vocab-term="Investigation" vocab-term-identifier="https://credit.niso.org/contributor-roles/investigation/">Investigation</role>
<role vocab="credit" vocab-identifier="https://credit.niso.org/" vocab-term="Project administration" vocab-term-identifier="https://credit.niso.org/contributor-roles/project-administration/">Project administration</role>
<role vocab="credit" vocab-identifier="https://credit.niso.org/" vocab-term="Writing – original draft" vocab-term-identifier="https://credit.niso.org/contributor-roles/writing-original-draft/">Writing – original draft</role>
<xref ref-type="aff" rid="aff-1"/>
<email>khider@usc.edu</email>
</contrib>
<contrib contrib-type="author">
<contrib-id contrib-id-type="orcid">https://orcid.org/0000-0001-5920-4751</contrib-id>
<name name-style="western"><surname>Emile-Geay</surname><given-names>Julien</given-names></name>
<role vocab="credit" vocab-identifier="https://credit.niso.org/" vocab-term="Conceptualization" vocab-term-identifier="https://credit.niso.org/contributor-roles/conceptualization/">Conceptualization</role>
<role vocab="credit" vocab-identifier="https://credit.niso.org/" vocab-term="Formal analysis" vocab-term-identifier="https://credit.niso.org/contributor-roles/formal-analysis/">Formal analysis</role>
<role vocab="credit" vocab-identifier="https://credit.niso.org/" vocab-term="Funding acquisition" vocab-term-identifier="https://credit.niso.org/contributor-roles/funding-acquisition/">Funding acquisition</role>
<role vocab="credit" vocab-identifier="https://credit.niso.org/" vocab-term="Investigation" vocab-term-identifier="https://credit.niso.org/contributor-roles/investigation/">Investigation</role>
<role vocab="credit" vocab-identifier="https://credit.niso.org/" vocab-term="Writing – review &amp; editing" vocab-term-identifier="https://credit.niso.org/contributor-roles/writing-review-editing/">Writing – review &amp; editing</role>
<xref ref-type="aff" rid="aff-2"/>
<email>julieneg@usc.edu</email>
</contrib>
<contrib contrib-type="author">
<contrib-id contrib-id-type="orcid">https://orcid.org/0000-0001-6938-2850</contrib-id>
<name name-style="western"><surname>Edge</surname><given-names>David</given-names></name>
<role vocab="credit" vocab-identifier="https://credit.niso.org/" vocab-term="Formal analysis" vocab-term-identifier="https://credit.niso.org/contributor-roles/formal-analysis/">Formal analysis</role>
<role vocab="credit" vocab-identifier="https://credit.niso.org/" vocab-term="Investigation" vocab-term-identifier="https://credit.niso.org/contributor-roles/investigation/">Investigation</role>
<xref ref-type="aff" rid="aff-3"/>
<email>david.edge@nau.edu</email>
</contrib>
<contrib contrib-type="author">
<contrib-id contrib-id-type="orcid">https://orcid.org/0000-0003-3598-5113</contrib-id>
<name name-style="western"><surname>McKay</surname><given-names>Nicholas</given-names></name>
<role vocab="credit" vocab-identifier="https://credit.niso.org/" vocab-term="Conceptualization" vocab-term-identifier="https://credit.niso.org/contributor-roles/conceptualization/">Conceptualization</role>
<role vocab="credit" vocab-identifier="https://credit.niso.org/" vocab-term="Formal analysis" vocab-term-identifier="https://credit.niso.org/contributor-roles/formal-analysis/">Formal analysis</role>
<role vocab="credit" vocab-identifier="https://credit.niso.org/" vocab-term="Funding acquisition" vocab-term-identifier="https://credit.niso.org/contributor-roles/funding-acquisition/">Funding acquisition</role>
<role vocab="credit" vocab-identifier="https://credit.niso.org/" vocab-term="Investigation" vocab-term-identifier="https://credit.niso.org/contributor-roles/investigation/">Investigation</role>
<xref ref-type="aff" rid="aff-3"/>
<email>nick@nau.edu</email>
</contrib>
</contrib-group>
<aff id="aff-1">
<institution-wrap>
<institution>University of Southern California Information Sciences Institute</institution>
</institution-wrap>
</aff>
<aff id="aff-2">
<institution-wrap>
<institution>University of Southern California</institution>
</institution-wrap>
</aff>
<aff id="aff-3">
<institution-wrap>
<institution>Northern Arizona University</institution>
</institution-wrap>
</aff>
<fpage>303</fpage><lpage>310</lpage>
<permissions>
<ali:free_to_read/>
<license xlink:href="https://creativecommons.org/licenses/by/4.0/">
<ali:license_ref>https://creativecommons.org/licenses/by/4.0/</ali:license_ref>
<license-p>This is an open access article distributed under the terms of the <ext-link ext-link-type="uri" xlink:href="http://creativecommons.org/licenses/by/4.0/">Creative Commons Attribution License</ext-link>, which permits unrestricted use, distribution, and reproduction in any medium, provided the original author and source are credited.</license-p>
</license>
</permissions>
<abstract>
<p>Reproducibility and open science are increasingly recognized as essential components of rigorous geoscientific research. However, gaps in training often hinder early-career scientists from fully adopting best practices in computational workflows and <abbrev alt="Findable, Accessible, Interoperable, and Reusable">FAIR</abbrev> (Findable, Accessible, Interoperable, Reusable) publishing. The Facilitating Reproducible Open Geoscience (<abbrev alt="Facilitating Reproducible Open Geoscience">FROGS</abbrev>) initiative addresses this need by offering an ongoing series of integrated courses and self-paced online modules designed to build capacity in Python and R programming, time series analysis, and open science publishing within the geosciences. To date, three sequential courses have been completed, and this paper reports on these initial offerings. During the courses, participants engaged in hands-on learning activities combining synchronous instruction with asynchronous exercises, supported by the Leap<abbrev alt="Facilitating Reproducible Open Geoscience">FROGS</abbrev> platform. Survey results demonstrate high participant satisfaction, increased confidence in applying reproducible research methods, and active contributions to open source geoscience projects. This paper details the course design, curriculum content, participant outcomes, and the broader impact of <abbrev alt="Facilitating Reproducible Open Geoscience">FROGS</abbrev> in fostering a sustainable community of practice dedicated to open and reproducible geoscience. Our findings underscore the critical role of integrated training programs in advancing open science and highlight strategies for scaling such initiatives across scientific domains.</p>
</abstract>
<kwd-group>
<kwd>FAIR principles</kwd>
<kwd>reproducible science</kwd>
<kwd>open science</kwd>
</kwd-group>
</article-meta>
</front>
<body>
<sec id="sec-1">
<label>1</label>
<title>Introduction and Motivation</title>
<p>Sharing research data, software, and workflows enhances reproducibility, collaboration, and the directions of future research (<xref ref-type="bibr" rid="ref-29">Gil <italic>et al.</italic>, 2016</xref>) and is fundamental to building a <abbrev alt="Findable, Accessible, Interoperable, and Reusable">FAIR</abbrev> open science ecosystem. The desire to share and reuse scientific data and software has grown in recent years as funders (<xref ref-type="bibr" rid="ref-30">e.g. Nugroho <italic>et al.</italic>, 2015</xref>; <xref ref-type="bibr" rid="ref-2">Eynden <italic>et al.</italic>, 2016</xref>; <xref ref-type="bibr" rid="ref-3">Zuiderwijk &amp; Janssen, 2014</xref>) and publishers (<xref ref-type="bibr" rid="ref-4">e.g. Fox <italic>et al.</italic>, 2021</xref>; <xref ref-type="bibr" rid="ref-5">Erdmann <italic>et al.</italic>, 2021</xref>; <xref ref-type="bibr" rid="ref-1">Springer Science,Business Media LLC, 2019</xref>) have introduced open science policies emphasizing reproducibility, and as scientists increasingly recognize the benefits of open science (<xref ref-type="bibr" rid="ref-31">Lowndes <italic>et al.</italic>, 2017</xref>; <xref ref-type="bibr" rid="ref-32">McKiernan <italic>et al.</italic>, 2016</xref>). Consequently, the last decade has seen a proliferation of frameworks to promote open source resources, collaboration among scientists, and sharing of scientific research products. One critical element to the success and long-term sustainability of these resources is the training of scientists, especially in their early-career, in their use. This training needs to take place across scientific practice and publishing.</p>
<p>Facilitating Reproducible Open Geoscience (<abbrev alt="Facilitating Reproducible Open Geoscience">FROGS</abbrev>) is a U.S. National Science Foundation (<abbrev alt="National Science Foundation">NSF</abbrev>) funded initiative designed to speed up the integration of open source tools into the research and publication workflows of geoscientists. <abbrev alt="Facilitating Reproducible Open Geoscience">FROGS</abbrev> has offered three seven-week long courses on geoscience analysis in Python and R and <abbrev alt="Findable, Accessible, Interoperable, and Reusable">FAIR</abbrev> publishing principles. The courses emphasized science publishing as an integral part of a research product. Each course included a synchronous workshop that introduced overarching concepts, followed by asynchronous, detailed online materials combined with biweekly office hours designed to help participants integrate the resources into their practice. The asynchronous component was facilitated by the <ext-link ext-link-type="uri" xlink:href="https://linked.earth/LeapFROGS/">LeapFROGS</ext-link> learning platform (<xref ref-type="bibr" rid="ref-6">Khider <italic>et al.</italic>, 2025</xref>), which provided summaries of the key concepts, curated additional resources from the open science community, and offered challenges for learners to assess their comprehension.</p>
<p>This paper provides an overview of the training activities in <xref ref-type="sec" rid="sec-2">Section 2</xref>, detailing the goals and design of the Leap<abbrev alt="Facilitating Reproducible Open Geoscience">FROGS</abbrev> platform, before discussing educational outcomes and contributions to open science in <xref ref-type="sec" rid="sec-8">Section 3</xref>.</p>
</sec>
<sec id="sec-2">
<label>2</label>
<title>Overview of training activities</title>
<sec id="sec-3">
<label>2.1</label>
<title>Leap<abbrev alt="Facilitating Reproducible Open Geoscience">FROGS</abbrev></title>
<p>The Leap<abbrev alt="Facilitating Reproducible Open Geoscience">FROGS</abbrev> platform combines lecture content with self-graded exercises to deliver self-paced modules covering diverse aspects of (geo)scientific research. Built using Gatsby and supported by a myBinder backend (<xref ref-type="bibr" rid="ref-17">Jupyter <italic>et al.</italic>, 2018</xref>), it offers a Python sandbox environment for hands-on learning, bypassing environment setup difficulties that are often a limiting step for first-timers. The platform features seven modules that explore different facets of scientific practice and publishing. These modules leverage open source tools from the scientific Python community and are specifically tailored to geoscience applications. The platform’s primary aim is to serve as a gateway into the extensive Python educational ecosystem.</p>
<p>The first module, <italic>Introduction to Python</italic>, covers fundamental concepts including numbers, variables, logic, strings, lists, tuples, sets, dictionaries, conditionals, loops, functions, and classes. The lessons reference the Trinket Python course (<xref ref-type="bibr" rid="ref-7">Trinket, 2015</xref>), while additional coding exercises on Leap<abbrev alt="Facilitating Reproducible Open Geoscience">FROGS</abbrev> offer geoscience-relevant challenges to reinforce learning. The coding exercises are designed as fill-in-the-blank tasks (<xref ref-type="fig" rid="figure-1">Figure 1</xref>). A key advantage of the platform is its ability to provide hints and reveal solutions to learners who encounter difficulties.</p>
<fig id="figure-1">
<label>Figure 1:</label>
<caption>
<p>Example of training model on the Leap<abbrev alt="Facilitating Reproducible Open Geoscience">FROGS</abbrev> platform. (a) An exercise on numbers in Python with links to the Trinket Python course, and (b) an tutorial on Pandas using materials developed by Project Pythia. Leap<abbrev alt="Facilitating Reproducible Open Geoscience">FROGS</abbrev> tests understanding of these concepts by asking to fill in the blank in a code cell than can be executed on myBinder so learners can run their code to check against the solution. Learners can also ask for helpful hints or see the solution.</p>
</caption>
<graphic mimetype="image" mime-subtype="png" xlink:href="files/FROGS - Python-a20dffd391f4fac0bc779839f47d12b7.png"/>
</fig>
<p>The second module, <italic>The Scientific Python Stack</italic>, introduces libraries common to scientific Python such as Jupyter (<xref ref-type="bibr" rid="ref-21">Kluyver <italic>et al.</italic>, 2016</xref>), NumPy (<xref ref-type="bibr" rid="ref-23">Harris <italic>et al.</italic>, 2020</xref>), pandas (<xref ref-type="bibr" rid="ref-24">The Pandas Development Team, 2020</xref>; <xref ref-type="bibr" rid="ref-25">McKinney, 2010</xref>), Matplotlib (<xref ref-type="bibr" rid="ref-22">Hunter, 2007</xref>), Cartopy (<xref ref-type="bibr" rid="ref-8">Met Office, 2010</xref>), Seaborn (<xref ref-type="bibr" rid="ref-9">Waskom, 2021</xref>), statsmodels (<xref ref-type="bibr" rid="ref-10">Seabold &amp; Perktold, 2010</xref>), scikit-learn (<xref ref-type="bibr" rid="ref-27">Pedregosa <italic>et al.</italic>, 2011</xref>; <xref ref-type="bibr" rid="ref-28">Buitinck <italic>et al.</italic>, 2013</xref>), PyTorch (<xref ref-type="bibr" rid="ref-11">Paszke <italic>et al.</italic>, 2019</xref>), and Xarray (<xref ref-type="bibr" rid="ref-12">Hoyer &amp; Hamman, 2017</xref>). This module adopts the same approach as the <italic>Introduction to Python</italic> module, featuring lessons from Project Pythia Foundations (<xref ref-type="bibr" rid="ref-13">Rose <italic>et al.</italic>, 2023</xref>), alongside tutorials from library developers and coding exercises tailored to reinforce learning within a geoscience context (<xref ref-type="fig" rid="figure-1">Figure 1</xref>).</p>
<p>The third module, <italic>Timeseries Analysis</italic>, introduces key concepts and practicums about timeseries analysis, a common task in geoscience studies. The lecture materials were adapted from Emile-Geay’s class at the University of Southern California (<abbrev alt="University of Southern California">USC</abbrev>) on data analysis in the Earth and Environmental Sciences and its accompanying e-book (<xref ref-type="bibr" rid="ref-14">Emile-Geay, 2017</xref>). The module covers common data processing techniques, measures of association between timeseries, the use of surrogates for significance testing, and spectral and wavelet analyses. The module is supported by a <ext-link ext-link-type="uri" xlink:href="http://linked.earth/PyRATES_practicums_py/intro.html">Jupyter Book</ext-link> (<xref ref-type="bibr" rid="ref-15">Emile-Geay, 2025</xref>) that makes use of the Pyleoclim software package (<xref ref-type="bibr" rid="ref-33">Khider <italic>et al.</italic>, 2022</xref>).</p>
<p>The fourth module, <italic>The Scientific Paper of The Future</italic>, introduces concepts in <abbrev alt="Findable, Accessible, Interoperable, and Reusable">FAIR</abbrev> scientific publishing. As its name indicates, this module presents an updated version (<xref ref-type="bibr" rid="ref-16">Khider &amp; Gil, 2024</xref>) of the Geoscience Paper of the Future (<abbrev alt="Geoscience Paper of the Future">GPF</abbrev>) (<xref ref-type="bibr" rid="ref-29">Gil <italic>et al.</italic>, 2016</xref>). The <abbrev alt="Geoscience Paper of the Future">GPF</abbrev> represented one of the earliest community efforts to fully document, share, and cite all research products, including data, software, and computational provenance (i.e., describing the workflow used in a study, which links together data and software with their associated parameter values for reproducibility). Although the <abbrev alt="Geoscience Paper of the Future">GPF</abbrev> was published before the <abbrev alt="Findable, Accessible, Interoperable, and Reusable">FAIR</abbrev> principles (<xref ref-type="bibr" rid="ref-34">Wilkinson <italic>et al.</italic>, 2016</xref>; <xref ref-type="bibr" rid="ref-35">Lamprecht <italic>et al.</italic>, 2019</xref>; <xref ref-type="bibr" rid="ref-36">Goble <italic>et al.</italic>, 2020</xref>), the guidelines outlined in this paper allow for compliance with <abbrev alt="Findable, Accessible, Interoperable, and Reusable">FAIR</abbrev>. The updated materials reflect this compliance and provide additional guidance on the technologies such as Binder (<xref ref-type="bibr" rid="ref-17">Jupyter <italic>et al.</italic>, 2018</xref>) that support <abbrev alt="Findable, Accessible, Interoperable, and Reusable">FAIR</abbrev>, open and reproducible science. Learners on the platform are able to test their understanding of these concepts using a multiple choice quiz (<xref ref-type="fig" rid="figure-2">Figure 2</xref>).</p>
<p>The fifth module, <italic>Using GitHub for Your Research</italic>, focuses on GitHub as a platform to collaborate, share scientific workflow and software, and support project management. The module covers the basics of repositories, forks, pull requests, understanding and setting up actions for automation, and linking a GitHub repository to Zenodo to obtain a persistent identifier. This module provides a high-level overview of GitHub Actions, including their purpose and the basic structure of a workflow file, while more detailed applications—such as containerization and continuous integration—are addressed in the final two modules. Lessons from this chapter were summarized from various sources including the GitHub documentation, blogs from Medium and other sources, and Project Pythia Foundations (<xref ref-type="bibr" rid="ref-13">Rose <italic>et al.</italic>, 2023</xref>).</p>
<fig id="figure-2">
<label>Figure 2:</label>
<caption>
<p>Example of training model on the Leap<abbrev alt="Facilitating Reproducible Open Geoscience">FROGS</abbrev> platform. Learners can test their understanding using a self-paced quiz that provides feedback in case of an incorrect answer.</p>
</caption>
<graphic mimetype="image" mime-subtype="png" xlink:href="files/FROGS - Publishing-43623c0be6ded99e3975d00a32ff56db.png"/>
</fig>
<p>The sixth module, <italic>Sharing Reproducible Workflows</italic>, provides information about using <ext-link ext-link-type="uri" xlink:href="https://www.docker.com">Docker</ext-link> and <ext-link ext-link-type="uri" xlink:href="https://mybinder.org">myBinder</ext-link> to share reproducible science results.</p>
<p>Finally, the last module, <italic>Packaging Your Software for Sharing</italic> walks through instructions and tutorials on creating Python packages, publishing it on software registries (e.g., The <ext-link ext-link-type="uri" xlink:href="https://pypi.org">Python Package Index</ext-link>, <abbrev alt="Python Package Index">PyPI</abbrev>), on creating documentation using Sphinx (<xref ref-type="bibr" rid="ref-18">Brandl, 2025</xref>) and publishing it on <ext-link ext-link-type="uri" xlink:href="https://readthedocs.org">readthedocs.org</ext-link>, on unit testing, on setting up GitHub actions for continuous integration, and on publishing on <abbrev alt="Python Package Index">PyPI</abbrev>. Most of these tutorials were based on the materials developed by the <ext-link ext-link-type="uri" xlink:href="https://www.pyopensci.org">PyOpenSci</ext-link> community.</p>
</sec>
<sec id="sec-4">
<label>2.2</label>
<title>Training activities</title>
<p>We facilitated three complementary training workshops designed to build geoscientists’ skills in computational research, open science publishing, and software development. Participants in each workshop were selected to maximize diversity across geoscientific disciplines and backgrounds. A breakdown of participants by career stage and geoscientific discipline is given in <xref ref-type="fig" rid="figure-3">Figure 3</xref>.</p>
<fig id="figure-3">
<label>Figure 3:</label>
<caption>
<p>Distribution of participants by geoscience disciplines and career stage across all three training workshops.</p>
</caption>
<graphic mimetype="image" mime-subtype="png" xlink:href="files/participants-3ae3dd934cd9794434a4c9c7bdca1cc0.png"/>
</fig>
<sec id="sec-5">
<label>2.2.1</label>
<title>PyRATES: Python and R Analysis of Time Series</title>
<p>Held in-person in June 2024 at the <abbrev alt="University of Southern California">USC</abbrev> Information Sciences Institute (<abbrev alt="Information Sciences Institute">ISI</abbrev>), PyRATES offered foundational training in Python and R tailored to geoscientists, with an emphasis on time series analysis — a core expertise of the principal investigators that spans multiple geoscience domains. This workshop targeted early-career researchers with little prior programming experience and aimed to introduce the basics of scientific Python and R, statistical concepts in time series analysis, and <abbrev alt="Findable, Accessible, Interoperable, and Reusable">FAIR</abbrev> science publishing principles. The workshop gathered 18 participants and covered modules 1 through 4 on the Leap<abbrev alt="Facilitating Reproducible Open Geoscience">FROGS</abbrev> platform. At the end of the asynchronous period, participants were asked to submit a reproducible notebook applying <abbrev alt="Findable, Accessible, Interoperable, and Reusable">FAIR</abbrev> principles.</p>
</sec>
<sec id="sec-6">
<label>2.2.2</label>
<title><abbrev alt="Findable, Accessible, Interoperable, and Reusable">FAIR</abbrev>Leap: <abbrev alt="Findable, Accessible, Interoperable, and Reusable">FAIR</abbrev> Publishing in the Geosciences</title>
<p><abbrev alt="Findable, Accessible, Interoperable, and Reusable">FAIR</abbrev>Leap was designed for researchers actively engaged in geoscience projects, including those preparing manuscripts or reproducibility studies. The workshop introduced <abbrev alt="Findable, Accessible, Interoperable, and Reusable">FAIR</abbrev> publishing concepts, GitHub for project and software management, and tools such as Docker, Binder, and myBinder for sharing reproducible workflows (modules 4-6 on the Leap<abbrev alt="Facilitating Reproducible Open Geoscience">FROGS</abbrev> platform). Held virtually in February 2025, <abbrev alt="Findable, Accessible, Interoperable, and Reusable">FAIR</abbrev>Leap gathered 21 participants, attending mostly asynchronously.</p>
</sec>
<sec id="sec-7">
<label>2.2.3</label>
<title>Open Geoscience Hackathon</title>
<p>The Open Geoscience Hackathon targeted researchers interested in open-source software development and contributions. The workshop focused on practical skills including opening pull requests, software packaging, unit testing, and continuous integration (module 7 on Leap<abbrev alt="Facilitating Reproducible Open Geoscience">FROGS</abbrev>). Held in person at <abbrev alt="University of Southern California">USC</abbrev> <abbrev alt="Information Sciences Institute">ISI</abbrev> in May 2025, the hackathon gathered 17 participants. Morning sessions were reserved for high-level lectures and guided homework on the PyCatSim (<xref ref-type="bibr" rid="ref-19">Khider, 2025</xref>) toy package. This Python package, which simulates cat ownership, was specifically designed for this hackathon. The functions were straightforward to implement and served to illustrate object-oriented programming principles, methods for integrating data into packages, and error handling, all while demonstrating the process of contributing to an open-source project. In the afternoons, participants worked on their own package. By the end of the workshop, participants were able to share the foundation of their package on GitHub.</p>
</sec>
</sec>
</sec>
<sec id="sec-8">
<label>3</label>
<title>Contributions to open science</title>
<p><abbrev alt="Facilitating Reproducible Open Geoscience">FROGS</abbrev> has contributed to open science in two main ways. First, it has trained the next generation of scientists in Python programming, data science libraries, time series analysis, geoscience data science, and open science sharing and publishing practices. In turn, these scientists have produced exemplars of reproducible studies within their respective communities.</p>
<sec id="sec-9">
<label>3.1</label>
<title>Training the next generation of scientists</title>
<p>Exit surveys conducted following the three workshops demonstrated a highly favorable reception among participants. Specifically, 95% of respondents indicated they would recommend the workshops to colleagues, 90% reported that the activities enhanced their understanding of key concepts in geoscience practice and publishing, and 94% expressed increased confidence in applying these principles within their own research endeavors. Participants consistently highlighted the effectiveness of the workshops’ hands-on, project-oriented approach, emphasizing the value of integrating lectures with practical coding exercises, such as contributing to exemplar packages like PyCatSim. Instructional modules on automation, software testing, documentation, and version control via GitHub were particularly well received.</p>
<p>Nevertheless, participant feedback also identified areas for refinement. A notable challenge was accommodating the wide range of prior experience among attendees; some less-experienced participants encountered difficulties with advanced topics, including object-oriented programming, underscoring the need for preparatory materials or more structured introductory sessions. Suggestions were also made to extend the duration of workshops or incorporate additional applied exercises and case studies to foster deeper engagement. Furthermore, enhanced guidance on software environment setup and package publication workflows was recommended to mitigate technical barriers.</p>
<p>Taken together, these findings indicate that the workshops effectively impart practical skills and foster confidence in open science methodologies, while providing actionable insights to improve accessibility and pedagogical design for diverse participant cohorts.</p>
</sec>
<sec id="sec-10">
<label>3.2</label>
<title>Contributed workflows and software</title>
<p>In addition to providing comprehensive training, a significant outcome of the workshops was the active contribution of participants to open science projects. These contributions not only reinforced the practical skills acquired during the sessions but also fostered engagement within the open source geoscience community. The repositories developed or enhanced by participants span a diverse range of geoscience domains and are publicly available on GitHub. <xref ref-type="table" rid="table-1">Table 1</xref> summarizes these contributions, listing the associated scientific domains alongside the corresponding GitHub repositories.</p>
<table-wrap id="table-1">
<label>Table 1:</label>
<caption>
<p>Open science projects contributed by participants, with repository names shown as user/repository_name on GitHub.</p>
</caption>
<table>
<thead>
<tr><th>
<p>Research Area</p>
</th><th>
<p>Repository</p>
</th></tr>
</thead>
<tbody>
<tr><td>
<p>Paleoceanography and Paleoclimatology</p>
</td><td>
<p>frozenarchives/pyRATES</p>
</td></tr>
<tr><td>
<p>Volcanology, Geochemistry, and Petrology</p>
</td><td>
<p>ruixiabai/XYplot</p>
</td></tr>
<tr><td>
<p>Ocean Sciences</p>
</td><td>
<p>ksc005/pyrates/</p>
</td></tr>
<tr><td>
<p>Earth and Planetary Surface Processes</p>
</td><td>
<p>Dewan-cpu/Decoding-Landslide-Hazard-Assessment</p>
</td></tr>
<tr><td>
<p>Atmospheric Sciences</p>
</td><td>
<p>sputhiyamadam/PYRATES_workshop</p>
</td></tr>
<tr><td>
<p>Geodesy</p>
</td><td>
<p>chongjh11/pyrates2024</p>
</td></tr>
<tr><td>
<p>Geoinformatics</p>
</td><td>
<p>IGCCP/mindat-locality</p>
</td></tr>
<tr><td>
<p>Seismology</p>
</td><td>
<p>vikkybass/PyRates-reproduc</p>
</td></tr>
<tr><td>
<p>Paleoceanography and Paleoclimatology</p>
</td><td>
<p>kurtlindberg/leafwaxtools</p>
</td></tr>
<tr><td>
<p>Cryosphere Sciences</p>
</td><td>
<p>Duyi-Li/multipol</p>
</td></tr>
<tr><td>
<p>GeoHealth</p>
</td><td>
<p>jeanmico/structuralnoisebarriers</p>
</td></tr>
<tr><td>
<p>Hydrology</p>
</td><td>
<p>preetika11</p>
</td></tr>
<tr><td>
<p>Paleoceanography and Paleoclimatology</p>
</td><td>
<p>tanaya-g/sedproxy_python</p>
</td></tr>
<tr><td>
<p>Hydrology</p>
</td><td>
<p>surabhiupadhyay/pyclimproj</p>
</td></tr>
<tr><td>
<p>Hydrology</p>
</td><td>
<p>jsacerot/Rpftools</p>
</td></tr>
<tr><td>
<p>Science and Society</p>
</td><td>
<p>nqulizada835/geocleaner</p>
</td></tr>
<tr><td>
<p>Earth and Planetary Surface Processes</p>
</td><td>
<p>lefitzpatrick/nbspredictor</p>
</td></tr>
<tr><td>
<p>Atmospheric Sciences</p>
</td><td>
<p>bosup/toy_package</p>
</td></tr>
<tr><td>
<p>Hydrology</p>
</td><td>
<p>zuhlmann/dataFrameGis</p>
</td></tr>
<tr><td>
<p>GeoInformatics</p>
</td><td>
<p>PratyushTripathy/pyrsgisHydrology</p>
</td></tr>
</tbody>
</table>
</table-wrap>
</sec>
</sec>
<sec id="sec-11">
<label>4</label>
<title>Conclusions</title>
<p>In total, the workshops engaged 56 participants spanning over a dozen geoscience subfields and multiple career stages. Participants produced 8 reproducible notebooks and contributed to 9 open-source repositories for software development, underscoring tangible skill acquisition and active engagement with open science practices. These contributions not only exemplify the immediate outputs of the training but also serve as building blocks for a sustainable community of practice that extends beyond the duration of the workshops. By fostering collaborative development and dissemination of geoscience software and workflows, <abbrev alt="Facilitating Reproducible Open Geoscience">FROGS</abbrev> has catalyzed lasting shifts in research norms toward greater openness and reproducibility.</p>
<p><abbrev alt="Facilitating Reproducible Open Geoscience">FROGS</abbrev> has demonstrated that targeted training in computational methods and <abbrev alt="Findable, Accessible, Interoperable, and Reusable">FAIR</abbrev> publishing principles can effectively embed open science practices into routine geoscience research workflows. Beyond individual capacity building, the initiative has nurtured a vibrant community of practice that continues to support collaborative development and knowledge sharing. Future efforts will focus on scaling these training models, integrating them with institutional curricula, and expanding partnerships with related open science initiatives to amplify impact. Continued evaluation of long-term participant engagement and contributions will guide ongoing refinement and ensure that <abbrev alt="Facilitating Reproducible Open Geoscience">FROGS</abbrev> remains responsive to the evolving needs of the geoscience community.</p>
</sec>
</body>
<back>
<ref-list>
<ref id="ref-29">
<element-citation publication-type="journal">
<article-title>Toward the Geoscience Paper of the Future: Best practices for documenting and sharing research from data to software to provenance</article-title>
<person-group person-group-type="author">
<name><surname>Gil</surname><given-names>Yolanda</given-names></name>
<name><surname>David</surname><given-names>Cédric H.</given-names></name>
<name><surname>Demir</surname><given-names>Ibrahim</given-names></name>
<name><surname>Essawy</surname><given-names>Bakinam T.</given-names></name>
<name><surname>Fulweiler</surname><given-names>Robinson W.</given-names></name>
<name><surname>Goodall</surname><given-names>Jonathan L.</given-names></name>
<name><surname>Karlstrom</surname><given-names>Leif</given-names></name>
<name><surname>Lee</surname><given-names>Huikyo</given-names></name>
<name><surname>Mills</surname><given-names>Heath J.</given-names></name>
<name><surname>Oh</surname><given-names>Ji‐Hyun</given-names></name>
<name><surname>Pierce</surname><given-names>Suzanne A.</given-names></name>
<name><surname>Pope</surname><given-names>Allen</given-names></name>
<name><surname>Tzeng</surname><given-names>Mimi W.</given-names></name>
<name><surname>Villamizar</surname><given-names>Sandra R.</given-names></name>
<name><surname>Yu</surname><given-names>Xuan</given-names></name>
</person-group><source>Earth and Space Science</source><year iso-8601-date="2016">2016</year><pub-id pub-id-type="doi">10.1002/2015ea000136</pub-id><volume>3</volume><issue>10</issue><fpage>388</fpage><lpage>415</lpage>
<issn>2333-5084</issn>
</element-citation>
</ref>
<ref id="ref-30">
<element-citation publication-type="journal">
<article-title>A comparison of national open data policies: lessons learned</article-title>
<person-group person-group-type="author">
<name><surname>Nugroho</surname><given-names>Rininta Putri</given-names></name>
<name><surname>Zuiderwijk</surname><given-names>Anneke</given-names></name>
<name><surname>Janssen</surname><given-names>Marijn</given-names></name>
<name><surname>Jong</surname><given-names>Martin</given-names></name>
</person-group><source>Transforming Government: People, Process and Policy</source><year iso-8601-date="2015">2015</year><pub-id pub-id-type="doi">10.1108/tg-03-2014-0008</pub-id><volume>9</volume><issue>3</issue><fpage>286</fpage><lpage>308</lpage>
<issn>1750-6166</issn>
</element-citation>
</ref>
<ref id="ref-2">
<element-citation publication-type="journal">
<article-title>Survey of Wellcome researchers and their attitudes to open research</article-title>
<person-group person-group-type="author">
<name><surname>Eynden</surname><given-names>Veerle Van Den</given-names></name>
<name><surname>Knight</surname><given-names>Gareth</given-names></name>
<name><surname>Vlad</surname><given-names>Anca</given-names></name>
<name><surname>Radler</surname><given-names>Barry</given-names></name>
<name><surname>Tenopir</surname><given-names>Carol</given-names></name>
<name><surname>Leon</surname><given-names>David</given-names></name>
<name><surname>Manista</surname><given-names>Frank</given-names></name>
<name><surname>Whitworth</surname><given-names>Jimmy</given-names></name>
<name><surname>Corti</surname><given-names>Louise</given-names></name>
</person-group><year iso-8601-date="2016">2016</year><pub-id pub-id-type="doi">10.6084/M9.FIGSHARE.4055448.V1</pub-id></element-citation>
</ref>
<ref id="ref-3">
<element-citation publication-type="journal">
<article-title>Open data policies, their implementation and impact: A framework for comparison</article-title>
<person-group person-group-type="author">
<name><surname>Zuiderwijk</surname><given-names>Anneke</given-names></name>
<name><surname>Janssen</surname><given-names>Marijn</given-names></name>
</person-group><source>Government Information Quarterly</source><year iso-8601-date="2014">2014</year><pub-id pub-id-type="doi">10.1016/j.giq.2013.04.003</pub-id><volume>31</volume><issue>1</issue><fpage>17</fpage><lpage>29</lpage></element-citation>
</ref>
<ref id="ref-4">
<element-citation publication-type="document">
<article-title>Data and Software Sharing Guidance for Authors Submitting to AGU Journals</article-title>
<person-group person-group-type="author">
<name><surname>Fox</surname><given-names>Peter</given-names></name>
<name><surname>Erdmann</surname><given-names>Chris</given-names></name>
<name><surname>Stall</surname><given-names>Shelley</given-names></name>
<name><surname>Griffies</surname><given-names>Stephen M.</given-names></name>
<name><surname>Beal</surname><given-names>Lisa M.</given-names></name>
<name><surname>Pinardi</surname><given-names>Nadia</given-names></name>
<name><surname>Hanson</surname><given-names>Brooks</given-names></name>
<name><surname>Friedrichs</surname><given-names>Marjorie A. M.</given-names></name>
<name><surname>Feakins</surname><given-names>Sarah</given-names></name>
<name><surname>Bracco</surname><given-names>Annalisa</given-names></name>
<name><surname>Pirenne</surname><given-names>Benoî</given-names></name>
<name><surname>Legg</surname><given-names>Sonya</given-names></name>
</person-group><year iso-8601-date="2021">2021</year><pub-id pub-id-type="doi">10.5281/ZENODO.5124741</pub-id></element-citation>
</ref>
<ref id="ref-5">
<element-citation publication-type="document">
<article-title>Guidance for AGU Authors - Jupyter Notebooks</article-title>
<person-group person-group-type="author">
<name><surname>Erdmann</surname><given-names>Christopher</given-names></name>
<name><surname>Stall</surname><given-names>Shelley</given-names></name>
<name><surname>Gentemann</surname><given-names>Chelle</given-names></name>
<name><surname>Holdgraf</surname><given-names>Chris</given-names></name>
<name><surname>Fernandes</surname><given-names>Filipe P. A.</given-names></name>
<name><surname>Gehlen</surname><given-names>Karsten Peters-von</given-names></name>
<name><surname>Corvellec</surname><given-names>Marianne</given-names></name>
</person-group><year iso-8601-date="2021">2021</year><pub-id pub-id-type="doi">10.5281/ZENODO.4774440</pub-id></element-citation>
</ref>
<ref id="ref-1">
<element-citation publication-type="journal"><source>Nature Methods</source><year iso-8601-date="2019">2019</year><pub-id pub-id-type="doi">10.1038/s41592-019-0350-x</pub-id><volume>16</volume><issue>3</issue><fpage>207</fpage><lpage>207</lpage>
<issn>1548-7105</issn>
</element-citation>
</ref>
<ref id="ref-31">
<element-citation publication-type="journal">
<article-title>Our path to better science in less time using open data science tools</article-title>
<person-group person-group-type="author">
<name><surname>Lowndes</surname><given-names>Julia S. Stewart</given-names></name>
<name><surname>Best</surname><given-names>Benjamin D.</given-names></name>
<name><surname>Scarborough</surname><given-names>Courtney</given-names></name>
<name><surname>Afflerbach</surname><given-names>Jamie C.</given-names></name>
<name><surname>Frazier</surname><given-names>Melanie R.</given-names></name>
<name><surname>O’Hara</surname><given-names>Casey C.</given-names></name>
<name><surname>Jiang</surname><given-names>Ning</given-names></name>
<name><surname>Halpern</surname><given-names>Benjamin S.</given-names></name>
</person-group><source>Nature Ecology &amp; Evolution</source><year iso-8601-date="2017">2017</year><pub-id pub-id-type="doi">10.1038/s41559-017-0160</pub-id><volume>1</volume><issue>6</issue>
<issn>2397-334X</issn>
</element-citation>
</ref>
<ref id="ref-32">
<element-citation publication-type="journal">
<article-title>How open science helps researchers succeed</article-title>
<person-group person-group-type="author">
<name><surname>McKiernan</surname><given-names>Erin C</given-names></name>
<name><surname>Bourne</surname><given-names>Philip E</given-names></name>
<name><surname>Brown</surname><given-names>C Titus</given-names></name>
<name><surname>Buck</surname><given-names>Stuart</given-names></name>
<name><surname>Kenall</surname><given-names>Amye</given-names></name>
<name><surname>Lin</surname><given-names>Jennifer</given-names></name>
<name><surname>McDougall</surname><given-names>Damon</given-names></name>
<name><surname>Nosek</surname><given-names>Brian A</given-names></name>
<name><surname>Ram</surname><given-names>Karthik</given-names></name>
<name><surname>Soderberg</surname><given-names>Courtney K</given-names></name>
<name><surname>Spies</surname><given-names>Jeffrey R</given-names></name>
<name><surname>Thaney</surname><given-names>Kaitlin</given-names></name>
<name><surname>Updegrove</surname><given-names>Andrew</given-names></name>
<name><surname>Woo</surname><given-names>Kara H</given-names></name>
<name><surname>Yarkoni</surname><given-names>Tal</given-names></name>
</person-group><source>eLife</source><year iso-8601-date="2016">2016</year><pub-id pub-id-type="doi">10.7554/elife.16800</pub-id><volume>5</volume>
<issn>2050-084X</issn>
</element-citation>
</ref>
<ref id="ref-6">
<element-citation publication-type="software">
<article-title>LeapFROGS: A learning platform for Python, time series analysis and open science publishing</article-title>
<person-group person-group-type="author">
<name><surname>Khider</surname><given-names>Deborah</given-names></name>
<name><surname>Emile-Geay</surname><given-names>Julien</given-names></name>
<name><surname>Edge</surname><given-names>David</given-names></name>
</person-group><year iso-8601-date="2025">2025</year><pub-id pub-id-type="doi">10.5281/zenodo.14783497</pub-id></element-citation>
</ref>
<ref id="ref-17">
<element-citation publication-type="paper-conference">
<article-title>Binder 2.0 - Reproducible, interactive, sharable environments for science at scale</article-title>
<person-group person-group-type="author">
<name><surname>Jupyter</surname></name>
<name><surname>Bussonnier</surname></name>
<name><surname>Forde</surname></name>
<name><surname>Freeman</surname></name>
<name><surname>Granger</surname></name>
<name><surname>Head</surname></name>
<name><surname>Holdgraf</surname></name>
<name><surname>Kelley</surname></name>
<name><surname>Nalvarte</surname></name>
<name><surname>Osheroff</surname></name>
<name><surname>Pacer</surname><given-names>M</given-names></name>
<name><surname>Panda</surname></name>
<name><surname>Perez</surname></name>
<name><surname>Kelley</surname></name>
</person-group><source>Proceedings of the 17th Python in Science Conference</source><year iso-8601-date="2018">2018</year><pub-id pub-id-type="doi">10.25080/Majora-4af1f417-011</pub-id><fpage>113 </fpage><lpage> 120</lpage></element-citation>
</ref>
<ref id="ref-7">
<element-citation publication-type="document">
<article-title>Getting started with Python</article-title>
<person-group person-group-type="author">
<name><surname>Trinket</surname></name>
</person-group></element-citation>
</ref>
<ref id="ref-21">
<element-citation publication-type="paper-conference">
<article-title>Jupyter Notebooks - a publishing format for reproducible computational workflows</article-title>
<person-group person-group-type="author">
<name><surname>Kluyver</surname><given-names>Thomas</given-names></name>
<name><surname>Ragan-Kelley</surname><given-names>Benjamin</given-names></name>
<name><surname>Pérez</surname><given-names>Fernando</given-names></name>
<name><surname>Granger</surname><given-names>Brian</given-names></name>
<name><surname>Bussonnier</surname><given-names>Matthias</given-names></name>
<name><surname>Frederic</surname><given-names>Jonathan</given-names></name>
<name><surname>Kelley</surname><given-names>Kyle</given-names></name>
<name><surname>Hamrick</surname><given-names>Jessica</given-names></name>
<name><surname>Grout</surname><given-names>Jason</given-names></name>
<name><surname>Corlay</surname><given-names>Sylvain</given-names></name>
<name><surname>Ivanov</surname><given-names>Paul</given-names></name>
<name><surname>Avila</surname><given-names>Damián</given-names></name>
<name><surname>Abdalla</surname><given-names>Safia</given-names></name>
<name><surname>Willing</surname><given-names>Carol</given-names></name>
<name><surname>Jupyter development team</surname></name>
</person-group><source>Positioning and Power in Academic Publishing: Players, Agents and Agendas</source><year iso-8601-date="2016">2016</year><fpage>87</fpage><lpage>90</lpage></element-citation>
</ref>
<ref id="ref-23">
<element-citation publication-type="journal">
<article-title>Array programming with NumPy</article-title>
<person-group person-group-type="author">
<name><surname>Harris</surname><given-names>Charles R.</given-names></name>
<name><surname>Millman</surname><given-names>K. Jarrod</given-names></name>
<name><surname>Walt</surname><given-names>Stéfan J.</given-names></name>
<name><surname>Gommers</surname><given-names>Ralf</given-names></name>
<name><surname>Virtanen</surname><given-names>Pauli</given-names></name>
<name><surname>Cournapeau</surname><given-names>David</given-names></name>
<name><surname>Wieser</surname><given-names>Eric</given-names></name>
<name><surname>Taylor</surname><given-names>Julian</given-names></name>
<name><surname>Berg</surname><given-names>Sebastian</given-names></name>
<name><surname>Smith</surname><given-names>Nathaniel J.</given-names></name>
<name><surname>Kern</surname><given-names>Robert</given-names></name>
<name><surname>Picus</surname><given-names>Matti</given-names></name>
<name><surname>Hoyer</surname><given-names>Stephan</given-names></name>
<name><surname>Kerkwijk</surname><given-names>Marten H.</given-names></name>
<name><surname>Brett</surname><given-names>Matthew</given-names></name>
<name><surname>Haldane</surname><given-names>Allan</given-names></name>
<name><surname>Río</surname><given-names>Jaime Fernández</given-names></name>
<name><surname>Wiebe</surname><given-names>Mark</given-names></name>
<name><surname>Peterson</surname><given-names>Pearu</given-names></name>
<name><surname>Gérard-Marchant</surname><given-names>Pierre</given-names></name>
<name><surname>Sheppard</surname><given-names>Kevin</given-names></name>
<name><surname>Reddy</surname><given-names>Tyler</given-names></name>
<name><surname>Weckesser</surname><given-names>Warren</given-names></name>
<name><surname>Abbasi</surname><given-names>Hameer</given-names></name>
<name><surname>Gohlke</surname><given-names>Christoph</given-names></name>
<name><surname>Oliphant</surname><given-names>Travis E.</given-names></name>
</person-group><source>Nature</source><year iso-8601-date="2020">2020</year><pub-id pub-id-type="doi">https://doi.org/10.1038/s41586-020-2649-2</pub-id><volume>585</volume><issue>7825</issue><fpage>357</fpage><lpage>362</lpage></element-citation>
</ref>
<ref id="ref-24">
<element-citation publication-type="document">
<article-title>pandas-dev/pandas: Pandas</article-title>
<person-group person-group-type="author">
<name><surname>The Pandas Development Team</surname></name>
</person-group><year iso-8601-date="2020">2020</year><pub-id pub-id-type="doi">10.5281/zenodo.3509134</pub-id></element-citation>
</ref>
<ref id="ref-25">
<element-citation publication-type="paper-conference">
<article-title>Data Structures for Statistical Computing in Python</article-title>
<person-group person-group-type="author">
<name><surname>McKinney</surname><given-names>Wes</given-names></name>
</person-group><source>Proceedings of the 9th Python in Science Conference</source><year iso-8601-date="2010">2010</year><pub-id pub-id-type="doi">https://doi.org/10.25080/Majora-92bf1922-00a</pub-id><fpage>56 </fpage><lpage> 61</lpage></element-citation>
</ref>
<ref id="ref-22">
<element-citation publication-type="journal">
<article-title>Matplotlib: A 2D graphics environment</article-title>
<person-group person-group-type="author">
<name><surname>Hunter</surname><given-names>J. D.</given-names></name>
</person-group><source>Computing in Science &amp; Engineering</source><year iso-8601-date="2007">2007</year><pub-id pub-id-type="doi">https://doi.org/10.1109/MCSE.2007.55</pub-id><volume>9</volume><issue>3</issue><fpage>90</fpage><lpage>95</lpage></element-citation>
</ref>
<ref id="ref-8">
<element-citation publication-type="report">
<article-title>Cartopy: a cartographic python library with a Matplotlib interface</article-title>
<person-group person-group-type="author">
<name><surname>Met Office</surname></name>
</person-group></element-citation>
</ref>
<ref id="ref-9">
<element-citation publication-type="journal">
<article-title>seaborn: statistical data visualization</article-title>
<person-group person-group-type="author">
<name><surname>Waskom</surname><given-names>Michael L.</given-names></name>
</person-group><source>Journal of Open Source Software</source><year iso-8601-date="2021">2021</year><pub-id pub-id-type="doi">10.21105/joss.03021</pub-id><volume>6</volume><issue>60</issue><fpage>3021</fpage></element-citation>
</ref>
<ref id="ref-10">
<element-citation publication-type="paper-conference">
<article-title>statsmodels: Econometric and statistical modeling with python</article-title>
<person-group person-group-type="author">
<name><surname>Seabold</surname><given-names>Skipper</given-names></name>
<name><surname>Perktold</surname><given-names>Josef</given-names></name>
</person-group><source>9th Python in Science Conference</source><year iso-8601-date="2010">2010</year></element-citation>
</ref>
<ref id="ref-27">
<element-citation publication-type="journal">
<article-title>Scikit-learn: Machine Learning in Python</article-title>
<person-group person-group-type="author">
<name><surname>Pedregosa</surname><given-names>F.</given-names></name>
<name><surname>Varoquaux</surname><given-names>G.</given-names></name>
<name><surname>Gramfort</surname><given-names>A.</given-names></name>
<name><surname>Michel</surname><given-names>V.</given-names></name>
<name><surname>Thirion</surname><given-names>B.</given-names></name>
<name><surname>Grisel</surname><given-names>O.</given-names></name>
<name><surname>Blondel</surname><given-names>M.</given-names></name>
<name><surname>Prettenhofer</surname><given-names>P.</given-names></name>
<name><surname>Weiss</surname><given-names>R.</given-names></name>
<name><surname>Dubourg</surname><given-names>V.</given-names></name>
<name><surname>Vanderplas</surname><given-names>J.</given-names></name>
<name><surname>Passos</surname><given-names>A.</given-names></name>
<name><surname>Cournapeau</surname><given-names>D.</given-names></name>
<name><surname>Brucher</surname><given-names>M.</given-names></name>
<name><surname>Perrot</surname><given-names>M.</given-names></name>
<name><surname>Duchesnay</surname><given-names>E.</given-names></name>
</person-group><source>Journal of Machine Learning Research</source><year iso-8601-date="2011">2011</year><volume>12</volume><fpage>2825</fpage><lpage>2830</lpage></element-citation>
</ref>
<ref id="ref-28">
<element-citation publication-type="paper-conference">
<article-title>API design for machine learning software: experiences from the scikit-learn project</article-title>
<person-group person-group-type="author">
<name><surname>Buitinck</surname><given-names>Lars</given-names></name>
<name><surname>Louppe</surname><given-names>Gilles</given-names></name>
<name><surname>Blondel</surname><given-names>Mathieu</given-names></name>
<name><surname>Pedregosa</surname><given-names>Fabian</given-names></name>
<name><surname>Mueller</surname><given-names>Andreas</given-names></name>
<name><surname>Grisel</surname><given-names>Olivier</given-names></name>
<name><surname>Niculae</surname><given-names>Vlad</given-names></name>
<name><surname>Prettenhofer</surname><given-names>Peter</given-names></name>
<name><surname>Gramfort</surname><given-names>Alexandre</given-names></name>
<name><surname>Grobler</surname><given-names>Jaques</given-names></name>
<name><surname>Layton</surname><given-names>Robert</given-names></name>
<name><surname>VanderPlas</surname><given-names>Jake</given-names></name>
<name><surname>Joly</surname><given-names>Arnaud</given-names></name>
<name><surname>Holt</surname><given-names>Brian</given-names></name>
<name><surname>Varoquaux</surname><given-names>Gaël</given-names></name>
</person-group><source>ECML PKDD Workshop: Languages for Data Mining and Machine Learning</source><year iso-8601-date="2013">2013</year><fpage>108</fpage><lpage>122</lpage></element-citation>
</ref>
<ref id="ref-11">
<element-citation publication-type="paper-conference">
<article-title>PyTorch: An Imperative Style, High-Performance Deep Learning Library</article-title>
<person-group person-group-type="author">
<name><surname>Paszke</surname><given-names>Adam</given-names></name>
<name><surname>Gross</surname><given-names>Sam</given-names></name>
<name><surname>Massa</surname><given-names>Francisco</given-names></name>
<name><surname>Lerer</surname><given-names>Adam</given-names></name>
<name><surname>Bradbury</surname><given-names>James</given-names></name>
<name><surname>Chanan</surname><given-names>Gregory</given-names></name>
<name><surname>Killeen</surname><given-names>Trevor</given-names></name>
<name><surname>Lin</surname><given-names>Zeming</given-names></name>
<name><surname>Gribonval</surname><given-names>Nicolas</given-names></name>
<name><surname>Dámico</surname><given-names>Diego</given-names></name>
<name><surname>others</surname></name>
</person-group><source>Advances in neural information processing systems</source><year iso-8601-date="2019">2019</year><fpage>8024</fpage><lpage>8035</lpage></element-citation>
</ref>
<ref id="ref-12">
<element-citation publication-type="journal">
<article-title>xarray: N-D labeled arrays and datasets in Python</article-title>
<person-group person-group-type="author">
<name><surname>Hoyer</surname><given-names>S.</given-names></name>
<name><surname>Hamman</surname><given-names>J.</given-names></name>
</person-group><source>Journal of Open Research Software</source><year iso-8601-date="2017">2017</year><pub-id pub-id-type="doi">10.5334/jors.148</pub-id><volume>5</volume><issue>1</issue></element-citation>
</ref>
<ref id="ref-13">
<element-citation publication-type="software">
<article-title>Pythia Foundations</article-title>
<person-group person-group-type="author">
<name><surname>Rose</surname><given-names>Brian E. J.</given-names></name>
<name><surname>Kent</surname><given-names>Julia</given-names></name>
<name><surname>Tyle</surname><given-names>Kevin</given-names></name>
<name><surname>Clyne</surname><given-names>John</given-names></name>
<name><surname>Banihirwe</surname><given-names>Anderson</given-names></name>
<name><surname>Camron</surname><given-names>Drew</given-names></name>
<name><surname>May</surname><given-names>Ryan</given-names></name>
<name><surname>Grover</surname><given-names>Maxwell</given-names></name>
<name><surname>Ford</surname><given-names>Robert R.</given-names></name>
<name><surname>Paul</surname><given-names>Kevin</given-names></name>
<name><surname>Morley</surname><given-names>James</given-names></name>
<name><surname>Eroglu</surname><given-names>Orhan</given-names></name>
<name><surname>Kailyn</surname><given-names>Lily</given-names></name>
<name><surname>Zacharias</surname><given-names>Anissa</given-names></name>
</person-group><year iso-8601-date="2023">2023</year><pub-id pub-id-type="doi">10.5281/zenodo.7884571</pub-id></element-citation>
</ref>
<ref id="ref-14">
<element-citation publication-type="book">
<article-title>Data analysis in the earth &amp; environmental sciences</article-title>
<person-group person-group-type="author">
<name><surname>Emile-Geay</surname><given-names>J.</given-names></name>
</person-group><source>Data analysis in the earth &amp; environmental sciences</source><year iso-8601-date="2017">2017</year><pub-id pub-id-type="doi">10.6084/m9.figshare.1014336</pub-id><fpage>265</fpage></element-citation>
</ref>
<ref id="ref-15">
<element-citation publication-type="software">
<article-title>Time Series Analysis in Python - Practicum</article-title>
<person-group person-group-type="author">
<name><surname>Emile-Geay</surname><given-names>Julien</given-names></name>
</person-group><year iso-8601-date="2025">2025</year><pub-id pub-id-type="doi">10.5281/zenodo.14807363</pub-id></element-citation>
</ref>
<ref id="ref-33">
<element-citation publication-type="journal">
<article-title>Pyleoclim: Paleoclimate Timeseries Analysis and Visualization With Python</article-title>
<person-group person-group-type="author">
<name><surname>Khider</surname><given-names>Deborah</given-names></name>
<name><surname>Emile‐Geay</surname><given-names>Julien</given-names></name>
<name><surname>Zhu</surname><given-names>Feng</given-names></name>
<name><surname>James</surname><given-names>Alexander</given-names></name>
<name><surname>Landers</surname><given-names>Jordan</given-names></name>
<name><surname>Ratnakar</surname><given-names>Varun</given-names></name>
<name><surname>Gil</surname><given-names>Yolanda</given-names></name>
</person-group><source>Paleoceanography and Paleoclimatology</source><year iso-8601-date="2022">2022</year><pub-id pub-id-type="doi">10.1029/2022pa004509</pub-id><volume>37</volume><issue>10</issue>
<issn>2572-4525</issn>
</element-citation>
</ref>
<ref id="ref-16">
<element-citation publication-type="journal">
<article-title>The Scientific Paper of the Future v2024 Training Materials</article-title>
<person-group person-group-type="author">
<name><surname>Khider</surname><given-names>Deborah</given-names></name>
<name><surname>Gil</surname><given-names>Yolanda</given-names></name>
</person-group><year iso-8601-date="2024">2024</year><pub-id pub-id-type="doi">10.6084/m9.figshare.25754244.v1</pub-id></element-citation>
</ref>
<ref id="ref-34">
<element-citation publication-type="journal">
<article-title>The FAIR Guiding Principles for scientific data management and stewardship</article-title>
<person-group person-group-type="author">
<name><surname>Wilkinson</surname><given-names>Mark D.</given-names></name>
<name><surname>Dumontier</surname><given-names>Michel</given-names></name>
<name><surname>Aalbersberg</surname><given-names>IJsbrand Jan</given-names></name>
<name><surname>Appleton</surname><given-names>Gabrielle</given-names></name>
<name><surname>Axton</surname><given-names>Myles</given-names></name>
<name><surname>Baak</surname><given-names>Arie</given-names></name>
<name><surname>Blomberg</surname><given-names>Niklas</given-names></name>
<name><surname>Boiten</surname><given-names>Jan-Willem</given-names></name>
<name><surname>Silva Santos</surname><given-names>Luiz Bonino</given-names></name>
<name><surname>Bourne</surname><given-names>Philip E.</given-names></name>
<name><surname>Bouwman</surname><given-names>Jildau</given-names></name>
<name><surname>Brookes</surname><given-names>Anthony J.</given-names></name>
<name><surname>Clark</surname><given-names>Tim</given-names></name>
<name><surname>Crosas</surname><given-names>Mercè</given-names></name>
<name><surname>Dillo</surname><given-names>Ingrid</given-names></name>
<name><surname>Dumon</surname><given-names>Olivier</given-names></name>
<name><surname>Edmunds</surname><given-names>Scott</given-names></name>
<name><surname>Evelo</surname><given-names>Chris T.</given-names></name>
<name><surname>Finkers</surname><given-names>Richard</given-names></name>
<name><surname>Gonzalez-Beltran</surname><given-names>Alejandra</given-names></name>
<name><surname>Gray</surname><given-names>Alasdair J.G.</given-names></name>
<name><surname>Groth</surname><given-names>Paul</given-names></name>
<name><surname>Goble</surname><given-names>Carole</given-names></name>
<name><surname>Grethe</surname><given-names>Jeffrey S.</given-names></name>
<name><surname>Heringa</surname><given-names>Jaap</given-names></name>
<name><surname>Hoen</surname><given-names>Peter A.C</given-names></name>
<name><surname>Hooft</surname><given-names>Rob</given-names></name>
<name><surname>Kuhn</surname><given-names>Tobias</given-names></name>
<name><surname>Kok</surname><given-names>Ruben</given-names></name>
<name><surname>Kok</surname><given-names>Joost</given-names></name>
<name><surname>Lusher</surname><given-names>Scott J.</given-names></name>
<name><surname>Martone</surname><given-names>Maryann E.</given-names></name>
<name><surname>Mons</surname><given-names>Albert</given-names></name>
<name><surname>Packer</surname><given-names>Abel L.</given-names></name>
<name><surname>Persson</surname><given-names>Bengt</given-names></name>
<name><surname>Rocca-Serra</surname><given-names>Philippe</given-names></name>
<name><surname>Roos</surname><given-names>Marco</given-names></name>
<name><surname>Schaik</surname><given-names>Rene</given-names></name>
<name><surname>Sansone</surname><given-names>Susanna-Assunta</given-names></name>
<name><surname>Schultes</surname><given-names>Erik</given-names></name>
<name><surname>Sengstag</surname><given-names>Thierry</given-names></name>
<name><surname>Slater</surname><given-names>Ted</given-names></name>
<name><surname>Strawn</surname><given-names>George</given-names></name>
<name><surname>Swertz</surname><given-names>Morris A.</given-names></name>
<name><surname>Thompson</surname><given-names>Mark</given-names></name>
<name><surname>Lei</surname><given-names>Johan</given-names></name>
<name><surname>Mulligen</surname><given-names>Erik</given-names></name>
<name><surname>Velterop</surname><given-names>Jan</given-names></name>
<name><surname>Waagmeester</surname><given-names>Andra</given-names></name>
<name><surname>Wittenburg</surname><given-names>Peter</given-names></name>
<name><surname>Wolstencroft</surname><given-names>Katherine</given-names></name>
<name><surname>Zhao</surname><given-names>Jun</given-names></name>
<name><surname>Mons</surname><given-names>Barend</given-names></name>
</person-group><source>Scientific Data</source><year iso-8601-date="2016">2016</year><pub-id pub-id-type="doi">10.1038/sdata.2016.18</pub-id><volume>3</volume><issue>1</issue>
<issn>2052-4463</issn>
</element-citation>
</ref>
<ref id="ref-35">
<element-citation publication-type="journal">
<article-title>Towards FAIR principles for research software</article-title>
<person-group person-group-type="author">
<name><surname>Lamprecht</surname><given-names>Anna-Lena</given-names></name>
<name><surname>Garcia</surname><given-names>Leyla</given-names></name>
<name><surname>Kuzak</surname><given-names>Mateusz</given-names></name>
<name><surname>Martinez</surname><given-names>Carlos</given-names></name>
<name><surname>Arcila</surname><given-names>Ricardo</given-names></name>
<name><surname>Martin Del Pico</surname><given-names>Eva</given-names></name>
<name><surname>Dominguez Del Angel</surname><given-names>Victoria</given-names></name>
<name><surname>Sandt</surname><given-names>Stephanie</given-names></name>
<name><surname>Ison</surname><given-names>Jon</given-names></name>
<name><surname>Martinez</surname><given-names>Paula Andrea</given-names></name>
<name><surname>McQuilton</surname><given-names>Peter</given-names></name>
<name><surname>Valencia</surname><given-names>Alfonso</given-names></name>
<name><surname>Harrow</surname><given-names>Jennifer</given-names></name>
<name><surname>Psomopoulos</surname><given-names>Fotis</given-names></name>
<name><surname>Gelpi</surname><given-names>Josep Ll.</given-names></name>
<name><surname>Chue Hong</surname><given-names>Neil</given-names></name>
<name><surname>Goble</surname><given-names>Carole</given-names></name>
<name><surname>Capella-Gutierrez</surname><given-names>Salvador</given-names></name>
</person-group><source>Data Science</source><year iso-8601-date="2019">2019</year><pub-id pub-id-type="doi">10.3233/ds-190026</pub-id><volume>3</volume><issue>1</issue><fpage>37</fpage><lpage>59</lpage>
<issn>2451-8492</issn>
</element-citation>
</ref>
<ref id="ref-36">
<element-citation publication-type="journal">
<article-title>FAIR Computational Workflows</article-title>
<person-group person-group-type="author">
<name><surname>Goble</surname><given-names>Carole</given-names></name>
<name><surname>Cohen-Boulakia</surname><given-names>Sarah</given-names></name>
<name><surname>Soiland-Reyes</surname><given-names>Stian</given-names></name>
<name><surname>Garijo</surname><given-names>Daniel</given-names></name>
<name><surname>Gil</surname><given-names>Yolanda</given-names></name>
<name><surname>Crusoe</surname><given-names>Michael R.</given-names></name>
<name><surname>Peters</surname><given-names>Kristian</given-names></name>
<name><surname>Schober</surname><given-names>Daniel</given-names></name>
</person-group><source>Data Intelligence</source><year iso-8601-date="2020">2020</year><pub-id pub-id-type="doi">10.1162/dint_a_00033</pub-id><volume>2</volume><issue>1–2</issue><fpage>108</fpage><lpage>121</lpage>
<issn>2641-435X</issn>
</element-citation>
</ref>
<ref id="ref-18">
<element-citation publication-type="document">
<article-title>Sphinx documentation</article-title>
<person-group person-group-type="author">
<name><surname>Brandl</surname><given-names>Georg</given-names></name>
</person-group><year iso-8601-date="2025">2025</year></element-citation>
</ref>
<ref id="ref-19">
<element-citation publication-type="software">
<article-title>PyCatSim: A fun, modular, object-oriented Python package for simulating cat behavior</article-title>
<person-group person-group-type="author">
<name><surname>Khider</surname><given-names>Deborah</given-names></name>
</person-group><year iso-8601-date="2025">2025</year><pub-id pub-id-type="doi">10.5281/zenodo.15530612</pub-id></element-citation>
</ref>
</ref-list>
<ack>
<p>Deborah Khider and Julien Emile-Geay are supported by the U.S. National Science Foundation (<abbrev alt="National Science Foundation">NSF</abbrev>) under award number RISE#2324732. David Edge and Nicholas McKay are supported by the U.S. <abbrev alt="National Science Foundation">NSF</abbrev> under award number RISE#2324733.</p>
</ack>
</back>
</article>
