<?xml version="1.0" encoding="UTF-8"?>
<!DOCTYPE manifest PUBLIC "-//MECA//DTD Manifest v1.0//en" "https://meca.zip/manifest-1.0.dtd">
<manifest manifest-version="1" xmlns="https://manuscriptexchange.org/schema/manifest" xmlns:xlink="http://www.w3.org/1999/xlink">
  <item item-type="article-metadata">
    <instance media-type="application/xml" xlink:href="jats.xml"/>
  </item>
  <item item-type="article-supporting-file">
    <instance media-type="image/png" xlink:href="files/FROGS - Publishing-43623c0be6ded99e3975d00a32ff56db.png"/>
  </item>
  <item item-type="article-supporting-file">
    <instance media-type="image/png" xlink:href="files/FROGS - Python-a20dffd391f4fac0bc779839f47d12b7.png"/>
  </item>
  <item item-type="article-supporting-file">
    <instance media-type="image/png" xlink:href="files/participants-3ae3dd934cd9794434a4c9c7bdca1cc0.png"/>
  </item>
  <item item-type="manuscript">
    <instance media-type="application/pdf" xlink:href="full_text.pdf"/>
  </item>
  <item item-type="article-source">
    <instance media-type="text/yaml" xlink:href="bundle/myst.yml"/>
  </item>
  <item item-type="article-source">
    <instance media-type="text/markdown" xlink:href="bundle/main.md"/>
  </item>
  <item item-type="article-source">
    <instance media-type="image/png" xlink:href="bundle/FROGS - Python.png"/>
  </item>
  <item item-type="article-source">
    <instance media-type="image/png" xlink:href="bundle/FROGS - Publishing.png"/>
  </item>
  <item item-type="article-source">
    <instance media-type="image/png" xlink:href="bundle/participants.png"/>
  </item>
  <item item-type="article-source">
    <instance media-type="application/x-bibtex" xlink:href="bundle/mybib.bib"/>
  </item>
  <item item-type="article-source-directory">
    <instance media-type="application/x-directory" xlink:href="bundle/"/>
  </item>
</manifest>