<?xml version="1.0" encoding="UTF-8"?>
<!DOCTYPE article PUBLIC "-//NLM//DTD JATS (Z39.96) Journal Archiving and Interchange DTD with MathML3 v1.3 20210610//EN" "http://jats.nlm.nih.gov/publishing/1.3/JATS-archivearticle1-3-mathml3.dtd">
<article xmlns:mml="http://www.w3.org/1998/Math/MathML" xmlns:xlink="http://www.w3.org/1999/xlink" xmlns:xsi="http://www.w3.org/2001/XMLSchema-instance" xmlns:ali="http://www.niso.org/schemas/ali/1.0/" dtd-version="1.3" xml:lang="en" id="main">
<front>
<article-meta>
<article-id pub-id-type="doi">10.25080/TPGN6857</article-id>
<title-group>
<article-title>Computational Resource Optimisation in Feature Selection under Class Imbalance Conditions</article-title>
<alt-title alt-title-type="running-head">Computational Resource Optimisation in Feature Selection</alt-title>
</title-group>
<contrib-group>
<contrib contrib-type="author" corresp="yes">
<contrib-id contrib-id-type="orcid">https://orcid.org/0000-0001-8944-4940</contrib-id>
<name name-style="western"><surname>Udu</surname><given-names>Amadi Gabriel</given-names></name>
<role vocab="credit" vocab-identifier="https://credit.niso.org/" vocab-term="Conceptualization" vocab-term-identifier="https://credit.niso.org/contributor-roles/conceptualization/">Conceptualization</role>
<role vocab="credit" vocab-identifier="https://credit.niso.org/" vocab-term="Investigation" vocab-term-identifier="https://credit.niso.org/contributor-roles/investigation/">Investigation</role>
<role vocab="credit" vocab-identifier="https://credit.niso.org/" vocab-term="Formal analysis" vocab-term-identifier="https://credit.niso.org/contributor-roles/formal-analysis/">Formal analysis</role>
<role vocab="credit" vocab-identifier="https://credit.niso.org/" vocab-term="Visualization" vocab-term-identifier="https://credit.niso.org/contributor-roles/visualization/">Visualization</role>
<role vocab="credit" vocab-identifier="https://credit.niso.org/" vocab-term="Data curation" vocab-term-identifier="https://credit.niso.org/contributor-roles/data-curation/">Data curation</role>
<role vocab="credit" vocab-identifier="https://credit.niso.org/" vocab-term="Writing – original draft" vocab-term-identifier="https://credit.niso.org/contributor-roles/writing-original-draft/">Writing – original draft</role>
<xref ref-type="aff" rid="aff-1"/><xref ref-type="aff" rid="aff-2"/>
<email>agu1@le.ac.uk</email>
</contrib>
<contrib contrib-type="author">
<contrib-id contrib-id-type="orcid">https://orcid.org/0000-0002-1654-8877</contrib-id>
<name name-style="western"><surname>Lecchini-Visintini</surname><given-names>Andrea</given-names></name>
<role vocab="credit" vocab-identifier="https://credit.niso.org/" vocab-term="Conceptualization" vocab-term-identifier="https://credit.niso.org/contributor-roles/conceptualization/">Conceptualization</role>
<role vocab="credit" vocab-identifier="https://credit.niso.org/" vocab-term="Methodology" vocab-term-identifier="https://credit.niso.org/contributor-roles/methodology/">Methodology</role>
<role vocab="credit" vocab-identifier="https://credit.niso.org/" vocab-term="Writing – review &amp; editing" vocab-term-identifier="https://credit.niso.org/contributor-roles/writing-review-editing/">Writing – review &amp; editing</role>
<role vocab="credit" vocab-identifier="https://credit.niso.org/" vocab-term="Supervision" vocab-term-identifier="https://credit.niso.org/contributor-roles/supervision/">Supervision</role>
<role vocab="credit" vocab-identifier="https://credit.niso.org/" vocab-term="Validation" vocab-term-identifier="https://credit.niso.org/contributor-roles/validation/">Validation</role>
<xref ref-type="aff" rid="aff-3"/>
<email>alv1e22@soton.ac.uk</email>
</contrib>
<contrib contrib-type="author">
<name name-style="western"><surname>Gunn</surname><given-names>Steve R.</given-names></name>
<role vocab="credit" vocab-identifier="https://credit.niso.org/" vocab-term="Supervision" vocab-term-identifier="https://credit.niso.org/contributor-roles/supervision/">Supervision</role>
<role vocab="credit" vocab-identifier="https://credit.niso.org/" vocab-term="Writing – review &amp; editing" vocab-term-identifier="https://credit.niso.org/contributor-roles/writing-review-editing/">Writing – review &amp; editing</role>
<xref ref-type="aff" rid="aff-3"/>
<email>srg@ecs.soton.ac.uk</email>
</contrib>
<contrib contrib-type="author">
<contrib-id contrib-id-type="orcid">https://orcid.org/0000-0002-6560-445X</contrib-id>
<name name-style="western"><surname>Osa-uwagboe</surname><given-names>Norman</given-names></name>
<role vocab="credit" vocab-identifier="https://credit.niso.org/" vocab-term="Resources" vocab-term-identifier="https://credit.niso.org/contributor-roles/resources/">Resources</role>
<role vocab="credit" vocab-identifier="https://credit.niso.org/" vocab-term="Data curation" vocab-term-identifier="https://credit.niso.org/contributor-roles/data-curation/">Data curation</role>
<role vocab="credit" vocab-identifier="https://credit.niso.org/" vocab-term="Writing – review &amp; editing" vocab-term-identifier="https://credit.niso.org/contributor-roles/writing-review-editing/">Writing – review &amp; editing</role>
<xref ref-type="aff" rid="aff-4"/>
<email>n.osa-uwagboe@lboro.ac.uk</email>
</contrib>
<contrib contrib-type="author">
<contrib-id contrib-id-type="orcid">https://orcid.org/0000-0002-6009-7946</contrib-id>
<name name-style="western"><surname>Ghalati</surname><given-names>Maryam Khaksar</given-names></name>
<role vocab="credit" vocab-identifier="https://credit.niso.org/" vocab-term="Conceptualization" vocab-term-identifier="https://credit.niso.org/contributor-roles/conceptualization/">Conceptualization</role>
<role vocab="credit" vocab-identifier="https://credit.niso.org/" vocab-term="Methodology" vocab-term-identifier="https://credit.niso.org/contributor-roles/methodology/">Methodology</role>
<role vocab="credit" vocab-identifier="https://credit.niso.org/" vocab-term="Writing – review &amp; editing" vocab-term-identifier="https://credit.niso.org/contributor-roles/writing-review-editing/">Writing – review &amp; editing</role>
<xref ref-type="aff" rid="aff-1"/>
<email>mkg18@le.ac.uk</email>
</contrib>
<contrib contrib-type="author">
<contrib-id contrib-id-type="orcid">https://orcid.org/0000-0003-1244-0364</contrib-id>
<name name-style="western"><surname>Dong</surname><given-names>Hongbiao</given-names></name>
<role vocab="credit" vocab-identifier="https://credit.niso.org/" vocab-term="Supervision" vocab-term-identifier="https://credit.niso.org/contributor-roles/supervision/">Supervision</role>
<role vocab="credit" vocab-identifier="https://credit.niso.org/" vocab-term="Funding acquisition" vocab-term-identifier="https://credit.niso.org/contributor-roles/funding-acquisition/">Funding acquisition</role>
<role vocab="credit" vocab-identifier="https://credit.niso.org/" vocab-term="Resources" vocab-term-identifier="https://credit.niso.org/contributor-roles/resources/">Resources</role>
<role vocab="credit" vocab-identifier="https://credit.niso.org/" vocab-term="Project administration" vocab-term-identifier="https://credit.niso.org/contributor-roles/project-administration/">Project administration</role>
<xref ref-type="aff" rid="aff-1"/>
<email>hd38@le.ac.uk</email>
</contrib>
</contrib-group>
<aff id="aff-1">
<institution-wrap>
<institution>School of Engineering, University of Leicester, LE1 7RH, Leicester, UK.</institution>
</institution-wrap>
</aff>
<aff id="aff-2">
<institution-wrap>
<institution>Air Force Institute of Technology, Air Force Base, PMB 2104,  Kaduna, Nigeria.</institution>
</institution-wrap>
</aff>
<aff id="aff-3">
<institution-wrap>
<institution>School of Electronics and Computer Science, University of Southampton, SO17 1BJ, Southampton, UK.</institution>
</institution-wrap>
</aff>
<aff id="aff-4">
<institution-wrap>
<institution>Wolfson School of Mechanical, Electrical, and Manufacturing Engineering, Loughborough University, LE11 3TU, Loughborough, UK.</institution>
</institution-wrap>
</aff>
<fpage>39</fpage><lpage>46</lpage>
<permissions>
<ali:free_to_read/>
<license xlink:href="https://creativecommons.org/licenses/by/4.0/">
<ali:license_ref>https://creativecommons.org/licenses/by/4.0/</ali:license_ref>
<license-p>This is an open access article distributed under the terms of the <ext-link ext-link-type="uri" xlink:href="http://creativecommons.org/licenses/by/4.0/">Creative Commons Attribution License</ext-link>, which permits unrestricted use, distribution, and reproduction in any medium, provided the original author and source are credited.</license-p>
</license>
</permissions>
<abstract>
<p>Feature selection is crucial for reducing data dimensionality as well as enhancing model interpretability and performance in machine learning tasks. However, selecting the most informative features in large dataset often incurs high computational costs. This study explores the possibility of performing feature selection on a subset of data to reduce the computational burden. The study uses five real-life datasets with substantial sample sizes and severe class imbalance ratios between 0.09 – 0.18. The results illustrate the variability of feature importance with smaller sample fractions in different models. In this cases considered, light gradient-boosting machine exhibited the least variability, even with reduced sample fractions, while also incurring the least computational resource.</p>
</abstract>
<kwd-group>
<kwd>feature selection</kwd>
<kwd>class imbalance</kwd>
<kwd>machine learning</kwd>
</kwd-group>
</article-meta>
</front>
<body>
<sec id="sec-1">
<label>1</label>
<title>Introduction</title>
<p>In the development of prediction models for real-world applications, two key challenges often arise: high-dimensionality resulting from the numerous features, and class-imbalance due to the rarity of samples in the positive class. Feature selection methods are utilized to address issues of high-dimensionality by selecting a smaller subset of relevant features, thus reducing noise, increasing interpretability, and enhancing model performance (<xref ref-type="bibr" rid="ref-1">Cai <italic>et al.</italic>, 2018</xref>; <xref ref-type="bibr" rid="ref-2">Dhal &amp; Azad, 2022</xref>; <xref ref-type="bibr" rid="ref-3">Udu <italic>et al.</italic>, 2023</xref>).</p>
<p>Studies (<xref ref-type="bibr" rid="ref-4">Yin <italic>et al.</italic>, 2013</xref>; <xref ref-type="bibr" rid="ref-5">Tsai &amp; Sung, 2020</xref>; <xref ref-type="bibr" rid="ref-6">Haro-García <italic>et al.</italic>, 2020</xref>; <xref ref-type="bibr" rid="ref-7">Matharaarachchi <italic>et al.</italic>, 2021</xref>) on the performance of feature selection methods with class imbalance data have been undertaken on using synthetic and real-life datasets. A significant drawback noted was the computational cost of their approach on large sample sizes. While experimental investigations of feature selection amid class imbalance conditions have been studied in the literature, there is a need to further understand the effect of sample size on performance degradation of feature selection methods. This would offer valuable insights into tackling the associated resource expense involved in undertaking feature selection with respect to large sample sizes where class-imbalance exists, for a wide range of applications.</p>
<p>This study investigates the impact of performing feature selection on a reduced dataset on feature importance and model performance, using five real-life datasets characterised by large sample sizes and severe class imbalance structures. We employ a feature selection process that utilises permutation feature importance (<abbrev alt="Permutation Feature Importance">PFI</abbrev>) and evaluate the feature importance on three selected models; namely light gradient-boosting machine (<abbrev alt="Light Gradient-Boosting Machine">Light GBM</abbrev>), random forest (<abbrev alt="Random Forest">RF</abbrev>) and support vector machines (<abbrev alt="Support Vector Machines">SVM</abbrev>). These models are popular in real-world machine learning (<abbrev alt="machine learning">ML</abbrev>) studies and also serve as a benchmark for comparing novel models (<xref ref-type="bibr" rid="ref-8">Bonaccorso, 2018</xref>; <xref ref-type="bibr" rid="ref-9">Feng <italic>et al.</italic>, 2019</xref>; <xref ref-type="bibr" rid="ref-11">Sarker, 2021</xref>; <xref ref-type="bibr" rid="ref-10">Paleyes <italic>et al.</italic>, 2022</xref>; <xref ref-type="bibr" rid="ref-12">Udu <italic>et al.</italic>, 2024</xref>). Feature importance was evaluated using the area under the Receiver Operator Characteristics (<abbrev alt="Receiver Operator Characteristics">ROC</abbrev>) curve, commonly referred to as <abbrev alt="area under the Receiver Operator Characteristics (ROC) curve">AUC</abbrev> owing to its suitability in class imbalance problems (<xref ref-type="bibr" rid="ref-13">Luque <italic>et al.</italic>, 2019</xref>; <xref ref-type="bibr" rid="ref-14">Temraz &amp; Keane, 2022</xref>). The development of the <abbrev alt="machine learning">ML</abbrev> framework and data visualisation in this study was facilitated by several key Python libraries. Pandas (<xref ref-type="bibr" rid="ref-33">The Pandas Development Team, 2020</xref>) and NumPy (<xref ref-type="bibr" rid="ref-32">Harris <italic>et al.</italic>, 2020</xref>) were used for data loading and numerical computations, respectively. Scikit-learn (<xref ref-type="bibr" rid="ref-25">Pedregosa <italic>et al.</italic>, 2011</xref>) provided tools for data preprocessing, model development, and evaluation. Matplotlib (<xref ref-type="bibr" rid="ref-31">Hunter, 2007</xref>) was employed for visualising data structures. Additionally, the SciPy (<xref ref-type="bibr" rid="ref-35">Virtanen <italic>et al.</italic>, 2020</xref>) library’s cluster, spatial, and stats modules were crucial for hierarchical clustering, Spearman rank correlation, and distance matrix computations.</p>
<p>The rest of the paper is organised as follows: <xref ref-type="sec" rid="sec-2">Section 2</xref> briefly outlines the methodology adopted, while <xref ref-type="sec" rid="sec-5">Section 3</xref> presents the results and discussion. The conclusion of the study is provided in <xref ref-type="sec" rid="sec-6">Section 4</xref>.</p>
</sec>
<sec id="sec-2">
<label>2</label>
<title>Methodology</title>
<sec id="sec-3">
<label>2.1</label>
<title>Description of datasets</title>
<p>Five real-life datasets from different subject areas were considered in this study. Four of the datasets were obtained from the UC Irvine <abbrev alt="machine learning">ML</abbrev> repository, including CDC Diabetes Health Indicator (<xref ref-type="bibr" rid="ref-15">Kelly <italic>et al.</italic>, n.d.</xref>), Census Income (<xref ref-type="bibr" rid="ref-16">Kohavi, 1996</xref>), Bank Marketing (<xref ref-type="bibr" rid="ref-17">Moro &amp; Cortez, 2012</xref>), and Statlog (Shuttle) (<xref ref-type="bibr" rid="ref-18">UCI Machine Learning Repository, n.d.</xref>). The fifth dataset is Moisture Absorbed Composite (<xref ref-type="bibr" rid="ref-20">Osa-uwagboe <italic>et al.</italic>, 2024</xref>) from a damage morphology study. The datasets are presented in <xref ref-type="table" rid="table-1">Table 1</xref>. Notably, all datasets exhibited high class imbalance ratios from 0.09 - 0.18 (i.e., the ratio of the number of samples in the minority class over that of the majority class).</p>
<table-wrap id="table-1">
<label>Table 1:</label>
<caption>
<p>Summary of datasets used in the study</p>
</caption>
<table>
<thead>
<tr><th>Dataset</th><th>Features</th><th>Instances</th><th>Subject Area</th><th>Imbalance Ratio</th></tr>
</thead>
<tbody>
<tr><td>Diabetes health indicator</td><td>20</td><td>253,680</td><td>Health and Medicine</td><td>0.16</td></tr>
<tr><td>Census income</td><td>14</td><td>48,842</td><td>Social Science</td><td>0.09</td></tr>
<tr><td>Bank marketing</td><td>17</td><td>45,211</td><td>Business</td><td>0.13</td></tr>
<tr><td>Statlog (shuttle)</td><td>7</td><td>58,000</td><td>Physics and Chemistry</td><td>0.18</td></tr>
<tr><td>Moisture absorbed composite</td><td>9</td><td>295,461</td><td>Mechanics of Materials</td><td>0.11</td></tr>
</tbody>
</table>
</table-wrap>
<p>Building data-driven models in the presence of high dimensionality includes several steps such as data preprocessing, feature selection, model training and evaluation. To address class imbalance issues during model training, an additional resampling step may be performed to adjust the uneven distribution of class samples (<xref ref-type="bibr" rid="ref-21">Udu <italic>et al.</italic>, 2023</xref>; <xref ref-type="bibr" rid="ref-22">Rezvani &amp; Wang, 2023</xref>; <xref ref-type="bibr" rid="ref-23">Udu <italic>et al.</italic>, 2024</xref>). This paper, however, focuses on the feature selection method, model training, and the evaluation metrics adopted.</p>
</sec>
<sec id="sec-4">
<label>2.2</label>
<title>Feature selection and model training</title>
<p>To maintain a model-agnostic approach that is not confined to any specific <abbrev alt="machine learning">ML</abbrev> algorithm, this study employed <abbrev alt="Permutation Feature Importance">PFI</abbrev> for feature selection. <abbrev alt="Permutation Feature Importance">PFI</abbrev> assesses how each feature affects the model’s performance by randomly shuffling the values of a feature and noting the resulting change in performance. In essence, if a feature is important, shuffling its values should significantly reduce the model’s performance since the model relies on that feature to make predictions. A positive importance score suggests that a feature is useful for the model’s prediction as permuting the values of the feature led to a decrease in the model’s performance. Conversely, a negative importance score suggests that a feature might be introducing noise and the model might perform better without it. Thus, <abbrev alt="Permutation Feature Importance">PFI</abbrev> interrupts the link between a feature and its predicted outcome, enabling us determine the extent to which a model relies on a particular feature (<xref ref-type="bibr" rid="ref-24">Li <italic>et al.</italic>, 2017</xref>; <xref ref-type="bibr" rid="ref-25">Pedregosa <italic>et al.</italic>, 2011</xref>; <xref ref-type="bibr" rid="ref-26">Kaneko, 2022</xref>). It is noteworthy that the effect of permuting one feature could be negligible when features are collinear. Hence, an important feature may report a low score. To tackle this, a hierarchical cluster on a Spearman rank-order correlation can be adopted, with a threshold taking from visual inspection of the dendrograms in grouping features into clusters and selecting the feature to retain.</p>
<p>Datasets were loaded using pandas, and categorical features were encoded using one-hot encoding. The Spearman correlation matrix was computed and then converted into a distance matrix. Hierarchical clustering was subsequently performed using Ward’s linkage method, and a threshold for grouping features into clusters was determined through visual inspection of the dendrograms, allowing for the selection of features to retain. Subsequently, the investigation proceeded in two steps. In step 1, all samples of the respective dataset was used. The dataset was split into training and test sets based on a test-size of 0.25. The respective classifiers were initialised using their default hyper-parameter settings and fitted on the training data. Thereafter, <abbrev alt="Permutation Feature Importance">PFI</abbrev> was computed on the fitted model with number of times a feature is permuted set to 30 repeats. Lastly, the change in <abbrev alt="area under the Receiver Operator Characteristics (ROC) curve">AUC</abbrev> was evaluated on the test set.</p>
<p>In the second step, we initiate three for-loops to handle the different features, fractions of samples, and repetition of the <abbrev alt="Permutation Feature Importance">PFI</abbrev> process undertaken in step 1. Sample fraction sizes were taken from 10% – 100% in increments of 10%, with the entire process randomly repeated 10 times. This provided an array of 300 <abbrev alt="area under the Receiver Operator Characteristics (ROC) curve">AUC</abbrev> scores for each sample fraction and respective feature of the <abbrev alt="Permutation Feature Importance">PFI</abbrev> process. To ensure reproducibility, the random state for the classifiers, sample fractions, data split, and permutation importance were predefined. Computation processes were accelerated using the joblib parallel library on the Sulis High Performance Computing platform. A sample source code of step 2 is presented:</p>
<code language="python"># Define the function for parallel execution
def process_feature(f_no, selected_features, df):
    for frac in np.round(np.arange(0.1, 1.1, 0.1), 1).tolist():  #loop for sample fractions
        for rand in range(10): #loop for 10 repeats of the process
            df_new = df.sample(frac=frac, random_state=rand)
...
            pfi = permutation_importance(model, X_val, y_val, n_repeats=30,
                                       random_state=rand, scoring='roc_auc', n_jobs=-1)
    return final_df
# Parallelise computation
results = Parallel(n_jobs=-1)(delayed(process_feature)(f_no, selected_features, df) for f_no in range(len(selected_features)))</code>
</sec>
</sec>
<sec id="sec-5">
<label>3</label>
<title>Results and Discussions</title>
<p>The hierarchical cluster and Spearman’s ranking for moisture absorbed composite dataset is shown in <xref ref-type="fig" rid="figure-1">Figure 1a</xref> and <xref ref-type="fig" rid="figure-1">b</xref> respectively (Frequency Centroid – FC, Peak Frequency – PF, Rise Time – RT, Initiation Frequency – IF, Average Signal Level – ASL, Duration – D, Counts – C, Amplitude – A and Absolute Energy – AE). Based on the visual inspection of the hierarchical cluster, a threshold of 0.8 was selected, thus, retaining features RT, C, ASL, and FC.</p>
<fig id="figure-1">
<label>Figure 1:</label>
<caption>
<p>Feature relationship for moisture absorbed composite dataset; (a) hierarchical cluster, (b) Spearman correlation ranking.</p>
</caption>
<alt-text>Hierarchical cluster and Spearman correlation for GSVS</alt-text>
<graphic mimetype="image" mime-subtype="jpg" xlink:href="files/gsvs_hierclus_cmap-d93366024e444e7a7acd04f42d5d8d76.jpg"/>
</fig>
<p>As observed in <xref ref-type="fig" rid="figure-1">Figure 1a</xref>, Frequency Centroid and Peak Frequency are in the same cluster with a highly correlated value of 0.957 shown in <xref ref-type="fig" rid="figure-1">Figure 1b</xref>. Similarly, Rise Time and Initiation Frequency are clustered with a highly negative correlation of -0.862. Amplitude and Absolute Energy also exhibited a high positive correlation of 0.981.</p>
<p><xref ref-type="table" rid="table-2">Table 2</xref> gives the median and interquartile (<abbrev alt="Interquartile range">IQR</abbrev>) feature importance scores based on change in <abbrev alt="area under the Receiver Operator Characteristics (ROC) curve">AUC</abbrev> for the LightGBM, <abbrev alt="Random Forest">RF</abbrev> and <abbrev alt="Support Vector Machines">SVM</abbrev> models. These scores were obtained using all samples in the <abbrev alt="Permutation Feature Importance">PFI</abbrev> process. Values emphasised in bold fonts represent the highest ranked feature for the respective models based on their median change in <abbrev alt="area under the Receiver Operator Characteristics (ROC) curve">AUC</abbrev>.</p>
<p/>
<table-wrap id="table-2">
<label>Table 2:</label>
<caption>
<p>Median and <abbrev alt="Interquartile range">IQR</abbrev> feature importance scores based on change in <abbrev alt="area under the Receiver Operator Characteristics (ROC) curve">AUC</abbrev> for LightGBM, <abbrev alt="Random Forest">RF</abbrev> and <abbrev alt="Support Vector Machines">SVM</abbrev> models, (values in bold fonts represent the highest ranked feature for the respective models).</p>
</caption>
<table>
<thead>
<tr><th colspan="11">Census Income</th><th/><th colspan="11">Bank Marketing</th></tr>
<tr><th>ID</th><th>Feature</th><th colspan="3">LightGBM</th><th colspan="3"><abbrev alt="Random Forest">RF</abbrev></th><th colspan="3"><abbrev alt="Support Vector Machines">SVM</abbrev></th><th/><th>ID</th><th>Feature</th><th colspan="3">LightGBM</th><th colspan="3"><abbrev alt="Random Forest">RF</abbrev></th><th colspan="3"><abbrev alt="Support Vector Machines">SVM</abbrev></th></tr>
<tr><th/><th/><th>Med</th><th colspan="2"><abbrev alt="Interquartile range">IQR</abbrev></th><th>Med</th><th colspan="2"><abbrev alt="Interquartile range">IQR</abbrev></th><th>Med</th><th colspan="2"><abbrev alt="Interquartile range">IQR</abbrev></th><th/><th/><th/><th>Med</th><th colspan="2"><abbrev alt="Interquartile range">IQR</abbrev></th><th>Med</th><th colspan="2"><abbrev alt="Interquartile range">IQR</abbrev></th><th>Med</th><th colspan="2"><abbrev alt="Interquartile range">IQR</abbrev></th></tr>
<tr><th/><th/><th/><th>25<sup>th</sup></th><th>75<sup>th</sup></th><th/><th>25<sup>th</sup></th><th>75<sup>th</sup></th><th/><th>25<sup>th</sup></th><th>75<sup>th</sup></th><th/><th/><th/><th/><th>25<sup>th</sup></th><th>75<sup>th</sup></th><th/><th>25<sup>th</sup></th><th>75<sup>th</sup></th><th/><th>25<sup>th</sup></th><th>75<sup>th</sup></th></tr>
</thead>
<tbody>
<tr><td>0</td><td>Age</td><th>0.117</th><th>0.114</th><th>0.121</th><th>0.066</th><th>0.061</th><th>0.069</th><td>&amp;lt;10<sup>-3</sup></td><td>&amp;lt;10<sup>-3</sup></td><td>&amp;lt;10<sup>-3</sup></td><td/><td>0</td><td>Age</td><td>0.016</td><td>0.015</td><td>0.017</td><td>0.026</td><td>0.024</td><td>0.027</td><td>-0.001</td><td>-0.001</td><td>0.002</td></tr>
<tr><td>1</td><td>Final weight</td><td>-0.002</td><td>-0.003</td><td>-0.001</td><td>&amp;lt;10<sup>-3</sup></td><td>-0.003</td><td>0.004</td><td>0.003</td><td>&amp;lt;10<sup>-3</sup></td><td>0.011</td><td/><td>1</td><td>Balance</td><td>0.013</td><td>0.011</td><td>0.014</td><td>0.011</td><td>0.009</td><td>0.012</td><td>0.026</td><td>0.021</td><td>0.027</td></tr>
<tr><td>2</td><td>Education-num</td><td>0.085</td><td>0.080</td><td>0.087</td><td>0.063</td><td>0.061</td><td>0.068</td><td>&amp;lt;10<sup>-3</sup></td><td>&amp;lt;10<sup>-3</sup></td><td>&amp;lt;10<sup>-3</sup></td><td/><td>2</td><td>Day of week</td><td>0.012</td><td>0.011</td><td>0.013</td><td>0.014</td><td>0.014</td><td>0.016</td><td>0.001</td><td>0.001&gt;</td><td>0.001</td></tr>
<tr><td>3</td><td>Capital-gain</td><td>0.049</td><td>0.048</td><td>0.052</td><td>0.047</td><td>0.046</td><td>0.050</td><th>0.029</th><th>0.026</th><th>0.030</th><td/><td>3</td><td>Duration</td><th>0.256</th><th>0.253</th><th>0.261</th><th>0.211</th><th>0.209</th><th>0.215</th><th>0.154</th><th>0.148</th><th>0.157</th></tr>
<tr><td>4</td><td>Workclass</td><td>&amp;lt;10<sup>-3</sup></td><td>&amp;lt;10<sup>-3</sup></td><td>0.001</td><td>0.003</td><td>0.001</td><td>0.004</td><td>&amp;lt;10<sup>-3</sup></td><td>&amp;lt;10<sup>-3</sup></td><td>&amp;lt;10<sup>-3</sup></td><td/><td>4</td><td>PDays</td><td>0.051</td><td>0.051</td><td>0.052</td><td>0.054</td><td>0.052</td><td>0.055</td><td>0.053</td><td>0.050</td><td>0.055</td></tr>
<tr><td>5</td><td>Race</td><td>&amp;lt;10<sup>-3</sup></td><td>&amp;lt;10<sup>-3</sup></td><td>&amp;lt;10<sup>-3</sup></td><td>0.001</td><td>0.001</td><td>0.002</td><td>&amp;lt;10<sup>-3</sup></td><td>&amp;lt;10<sup>-3</sup></td><td>&amp;lt;10<sup>-3</sup></td><td/><td>5</td><td>Job_b</td><td>0.003</td><td>0.003</td><td>0.004</td><td>0.002</td><td>0.001</td><td>0.002</td><td>&amp;lt;10<sup>-3</sup></td><td>&amp;lt;10<sup>-3</sup></td><td>&amp;lt;10<sup>-3</sup></td></tr>
<tr><td colspan="11" rowspan="2"/><td/><td>6</td><td>Job_m</td><td>&amp;lt;10<sup>-3</sup></td><td>&amp;lt;10<sup>-3</sup></td><td>0.001</td><td>0.001</td><td>0.001</td><td>0.002</td><td>&amp;lt;10<sup>-3</sup></td><td>&amp;lt;10<sup>-3</sup></td><td>&amp;lt;10<sup>-3</sup></td></tr>
<tr><td/><td>7</td><td>Housing</td><td>0.026</td><td>0.025</td><td>0.027</td><td>0.032</td><td>0.031</td><td>0.034</td><td>0.001</td><td>0.001</td><td>0.001</td></tr>
<tr><th colspan="23"/></tr>
<tr><th colspan="11">Statlog (Shuttle)</th><th/><th colspan="11">Diabetes</th></tr>
<tr><td>0</td><td>Rad Flow</td><th>0.355</th><th>0.350</th><th>0.360</th><th>0.387</th><th>0.383</th><th>0.389</th><td>0.253</td><td>0.249</td><td>0.259</td><td/><td>0</td><td>HighBP</td><th>0.128</th><th>0.127</th><th>0.129</th><th>0.128</th><th>0.128</th><th>0.130</th><th>0.066</th><th>0.065</th><th>0.067</th></tr>
<tr><td>1</td><td>Fpv Close</td><td>0.005</td><td>0.005</td><td>0.005</td><td>0.012</td><td>0.011</td><td>0.013</td><td>&amp;lt;10<sup>-3</sup></td><td>&amp;lt;10<sup>-3</sup></td><td>0.001</td><td/><td>1</td><td>CholCheck</td><td>0.009</td><td>0.009</td><td>0.010</td><td>0.011</td><td>0.010</td><td>0.011</td><td>-0.001</td><td>-0.001</td><td>-0.001</td></tr>
<tr><td>2</td><td>Fpv Open</td><td>0.241</td><td>0.239</td><td>0.244</td><td>0.274</td><td>0.270</td><td>0.277</td><th>0.319</th><th>0.316</th><th>0.322</th><td/><td>2</td><td>BMI</td><td>0.080</td><td>0.078</td><td>0.081</td><td>0.079</td><td>0.077</td><td>0.080</td><td>-0.073</td><td>-0.074</td><td>-0.072</td></tr>
<tr><td colspan="11"/><td/><td>3</td><td>Smoker</td><td>0.004</td><td>0.004</td><td>0.005</td><td>0.004</td><td>0.004</td><td>0.005</td><td>0.026</td><td>0.025</td><td>0.027</td></tr>
<tr><td colspan="23"/></tr>
<tr><th colspan="11">Moisture Absorbed Composites</th><td colspan="12"/></tr>
<tr><td>0</td><td>Risetime</td><td>0.005</td><td>0.005</td><td>0.005</td><td>0.009</td><td>0.008</td><td>0.009</td><td>0.004</td><td>0.003</td><td>0.004</td><td colspan="12"/></tr>
<tr><td>1</td><td>Counts</td><td>0.037</td><td>0.037</td><td>0.037</td><td>0.075</td><td>0.073</td><td>0.075</td><td>0.009</td><td>0.009</td><td>0.009</td><td colspan="12"/></tr>
<tr><td>2</td><td>ASL</td><td>0.034</td><td>0.034</td><td>0.034</td><td>0.072</td><td>0.071</td><td>0.073</td><td>&amp;lt;10<sup>-3</sup></td><td>&amp;lt;10<sup>-3</sup></td><td>&amp;lt;10<sup>-3</sup></td><td colspan="12"/></tr>
<tr><td>3</td><td>Freq. Centroid</td><th>0.468</th><th>0.466</th><th>0.470</th><th>0.463</th><th>0.461</th><th>0.465</th><th>0.422</th><th>0.421</th><th>0.425</th><td colspan="12"/></tr>
</tbody>
</table>
</table-wrap>
<p/>
<p>From <xref ref-type="table" rid="table-2">Table 2</xref>, <abbrev alt="Support Vector Machines">SVM</abbrev> tended to be have very low scores in some datasets, possibly due to its reliance of support vectors in determining the decision boundaries. Thus, features with strong influence at the decision boundary but not directly affecting the support vectors may seem less important. For the Moisture Absorbed Composite dataset, the three classifiers reported similar scores for Frequency Centroid of 0.468, 0.466 and 0.422 respectively in <xref ref-type="table" rid="table-2">Table 2</xref>.</p>
<p>However, in Bank Marketing dataset, LightGBM and <abbrev alt="Random Forest">RF</abbrev> identified Feature 1 as a relatively important feature, while <abbrev alt="Support Vector Machines">SVM</abbrev> considered it insignificant. The mutability of importance scores for the classifiers considered underscores the need to explore multiple classifiers when undertaking a comprehensive investigation of feature importance for feature selection purposes.</p>
<p><xref ref-type="fig" rid="figure-2">Figure 2</xref> shows the <abbrev alt="Permutation Feature Importance">PFI</abbrev> process time and corresponding sample fractions for the Diabetes dataset, which has a substantial sample size of 253,680 instances. The results are based on one independent run, with <abbrev alt="Permutation Feature Importance">PFI</abbrev> set at 30 feature-permuted repeats. For LightGBM and <abbrev alt="Random Forest">RF</abbrev>, the <abbrev alt="Permutation Feature Importance">PFI</abbrev> process time increased linearly with larger sample fractions, whereas <abbrev alt="Support Vector Machines">SVM</abbrev> experienced an exponential growth. LightGBM had the lowest computational cost, with CPU process times of 3.9 seconds and 28.8 seconds for 10% and 100% sample fractions, respectively. <abbrev alt="Support Vector Machines">SVM</abbrev> required 21,263 seconds to process the entire dataset, reflecting a 9,345% increase in CPU computational cost compared to using a 10% sample fraction. <abbrev alt="Support Vector Machines">SVM</abbrev>’s poor performance relative to LightGBM and <abbrev alt="Random Forest">RF</abbrev> is likely due to its poor CPU parallelisability.</p>
<fig id="figure-2">
<label>Figure 2:</label>
<caption>
<p><abbrev alt="Permutation Feature Importance">PFI</abbrev> process time and corresponding sample fractions for the Diabetes dataset.</p>
</caption>
<alt-text>PFI process time and corresponding sample fractions for the Diabetes dataset.</alt-text>
<graphic mimetype="image" mime-subtype="png" xlink:href="files/time_plot-c4b979ffd518452159a5b37dae568b6f.png"/>
</fig>
<p><xref ref-type="fig" rid="figure-4">Figure 3a</xref> - <xref ref-type="fig" rid="figure-6">c</xref> present the <abbrev alt="Permutation Feature Importance">PFI</abbrev> for Final Weight feature of Census Income dataset, evaluated across different sample fractions using LightGBM, <abbrev alt="Random Forest">RF</abbrev>, and <abbrev alt="Support Vector Machines">SVM</abbrev> models, respectively. The change in <abbrev alt="area under the Receiver Operator Characteristics (ROC) curve">AUC</abbrev> indicates the impact on model performance when Final Weight feature is permuted. Generally, for smaller sample fractions, there was a higher variability in <abbrev alt="area under the Receiver Operator Characteristics (ROC) curve">AUC</abbrev> and prominence of outliers. This could be attributed to the increased influence of randomness, fewer data points, and sampling fluctuations for smaller sample fractions across the datasets.</p>
<p/>
<fig id="figure-3">
<label>(a)</label>
<caption>
<p>
<label>Figure 3:</label>
Sample fractions and corresponding change in <abbrev alt="area under the Receiver Operator Characteristics (ROC) curve">AUC</abbrev> for Final Weight feature of Census Income dataset; (a) LightGBM, (b) <abbrev alt="Random Forest">RF</abbrev>, and (c) <abbrev alt="Support Vector Machines">SVM</abbrev>.</p>
</caption>
<fig id="figure-4">
<label>(a)</label>
<caption>
<p>
<label>(a)</label>
</p>
</caption>
<graphic mimetype="image" mime-subtype="png" xlink:href="files/lgbm_census_income_f-aaea1848df944c53847411f028c04aa2.png"/>
</fig>
<fig id="figure-5">
<label>(b)</label>
<caption>
<p>
<label>(b)</label>
</p>
</caption>
<graphic mimetype="image" mime-subtype="png" xlink:href="files/rf_census_income_fea-b4c55a48c66ccfbb7d51c2e0da7d4edc.png"/>
</fig>
<fig id="figure-6">
<label>(c)</label>
<caption>
<p>
<label>(c)</label>
</p>
</caption>
<graphic mimetype="image" mime-subtype="png" xlink:href="files/svm_census_income_fe-250721020aaeaab62a5048db3e49f4ef.png"/>
</fig>
</fig>
<p/>
<fig id="figure-7">
<label>(a)</label>
<caption>
<p>
<label>Figure 4:</label>
Sample fractions and corresponding change in <abbrev alt="area under the Receiver Operator Characteristics (ROC) curve">AUC</abbrev> for Duration feature of Bank Marketing dataset; (a) LightGBM, (b) <abbrev alt="Random Forest">RF</abbrev>, and (c) <abbrev alt="Support Vector Machines">SVM</abbrev>.</p>
</caption>
<fig id="figure-8">
<label>(a)</label>
<caption>
<p>
<label>(a)</label>
</p>
</caption>
<graphic mimetype="image" mime-subtype="png" xlink:href="files/lgbm_bank_marketing_-0304e23edf32089e4eaca67cab40fd25.png"/>
</fig>
<fig id="figure-9">
<label>(b)</label>
<caption>
<p>
<label>(b)</label>
</p>
</caption>
<graphic mimetype="image" mime-subtype="png" xlink:href="files/rf_bank_marketing_fe-f798ebefed5ef68e610e9b95c1a54eae.png"/>
</fig>
<fig id="figure-10">
<label>(c)</label>
<caption>
<p>
<label>(c)</label>
</p>
</caption>
<graphic mimetype="image" mime-subtype="png" xlink:href="files/svm_bank_marketing_f-bf07ddf29e6cc9d719ac303ab2851fd8.png"/>
</fig>
</fig>
<p/>
<fig id="figure-11">
<label>(a)</label>
<caption>
<p>
<label>Figure 5:</label>
Sample fractions and corresponding change in <abbrev alt="area under the Receiver Operator Characteristics (ROC) curve">AUC</abbrev> for Rad Flow feature of Statlog (Shuttle) dataset; (a) LightGBM, (b) <abbrev alt="Random Forest">RF</abbrev>, and (c) <abbrev alt="Support Vector Machines">SVM</abbrev>.</p>
</caption>
<fig id="figure-12">
<label>(a)</label>
<caption>
<p>
<label>(a)</label>
</p>
</caption>
<graphic mimetype="image" mime-subtype="png" xlink:href="files/lgbm_statlog_shuttle-a1a9be231b2df65002a0c7167e2bdc6d.png"/>
</fig>
<fig id="figure-13">
<label>(b)</label>
<caption>
<p>
<label>(b)</label>
</p>
</caption>
<graphic mimetype="image" mime-subtype="png" xlink:href="files/rf_statlog_shuttle_f-7c6e92cfa2be9d931dcc212fbd919812.png"/>
</fig>
<fig id="figure-14">
<label>(c)</label>
<caption>
<p>
<label>(c)</label>
</p>
</caption>
<graphic mimetype="image" mime-subtype="png" xlink:href="files/svm_statlog_shuttle_-19840737e29ad13e543f7089ddb3b2dc.png"/>
</fig>
</fig>
<p/>
<p>For LightGBM model in <xref ref-type="fig" rid="figure-4">Figure 3a</xref>, the median change in <abbrev alt="area under the Receiver Operator Characteristics (ROC) curve">AUC</abbrev> was close to zero, indicating that Final Weight had minimal impact on model performance, as noted in <xref ref-type="table" rid="table-2">Table 2</xref>. Similar results were recorded in <xref ref-type="fig" rid="figure-8">Figure 4a</xref> - <xref ref-type="fig" rid="figure-10">c</xref> for the Duration feature of Bank Marketing dataset, where all models exhibited similarly high feature importance scores. Even for sample fractions of 0.5, LightGBM and <abbrev alt="Random Forest">RF</abbrev> appeared to give similar importance scores to using the entire data sample. On the other hand, <abbrev alt="Support Vector Machines">SVM</abbrev> exhibited a higher median change in <abbrev alt="area under the Receiver Operator Characteristics (ROC) curve">AUC</abbrev>, indicating that the Final Weight feature had a more significant impact on its performance. Additionally, <abbrev alt="Support Vector Machines">SVM</abbrev> showed the greatest variability and the most prominent outliers, particularly at lower sample fractions. This was noticeable in <xref ref-type="fig" rid="figure-12">Figure 5a</xref> - <xref ref-type="fig" rid="figure-14">c</xref>, where all classifiers reported similar importance scores as noted in <xref ref-type="table" rid="table-2">Table 2</xref>. This variability and the presence of outliers suggest that the model’s performance is less stable when features are permuted.</p>
<p><abbrev alt="Permutation Feature Importance">PFI</abbrev> can provide insights into the importance of features, but it is susceptible to variability, especially with smaller sample sizes. Thus, complementary feature selection methods could be explored to validate feature importance. Future work could investigate the variability of features under particular models and sample sizes, with a view to evolving methods of providing a more stable information to the models.</p>
</sec>
<sec id="sec-6">
<label>4</label>
<title>Conclusion</title>
<p>Feature selection for large datasets incurs considerable computational cost in the model development process of various <abbrev alt="machine learning">ML</abbrev> tasks. This study undertakes a preliminary investigation into the influence of sample fractions on feature importance and model performance in datasets characterised by class imbalance. Five real-life datasets with large sample sizes from different subject fields which exhibited high class imbalance ratios of 0.09 – 0.18 were utilised.</p>
<p>Due to its model-agnostic nature, <abbrev alt="Permutation Feature Importance">PFI</abbrev> was adopted for feature selection process with feature importance evaluated on <abbrev alt="Light Gradient-Boosting Machine">Light GBM</abbrev>, <abbrev alt="Random Forest">RF</abbrev> and <abbrev alt="Support Vector Machines">SVM</abbrev>. The models were chosen due to their widespread use in real-world <abbrev alt="machine learning">ML</abbrev> studies and their role as benchmarks for comparing new models. Cluster, spatial, and stats sub-packages of SciPy were instrumental in tackling the multicollinearity effects associated with <abbrev alt="Permutation Feature Importance">PFI</abbrev>. Using a <abbrev alt="Permutation Feature Importance">PFI</abbrev> approach, the study revealed the variability of feature importance with smaller sample fractions in LightGBM, random forest and <abbrev alt="Support Vector Machines">SVM</abbrev> models. In the cases explored, LightGBM showed the lowest variability, while <abbrev alt="Support Vector Machines">SVM</abbrev> exhibited the highest variability in feature importance. Also, <abbrev alt="Light Gradient-Boosting Machine">Light GBM</abbrev> had the least CPU process time across the cases considered, while <abbrev alt="Support Vector Machines">SVM</abbrev> showed the highest computational cost.</p>
<p>In future work, this investigation would be expanded to substantially larger datasets and introduce some quantitative measure of the variability of various models and feature selection methods. An understanding of the variability of feature importance can inform feature engineering efforts that provides means of alleviating the variability of feature importance in samples fractions under class imbalance conditions.</p>
</sec>
<sec id="sec-7">
<label>5</label>
<title>Acknowledgement</title>
<p>This work was supported by the Petroleum Technology Development Fund under grant PTDF/ED/OSS/PHD/AGU/1076/17 and NISCO UK Research Centre. Computations were performed using the Sulis Tier 2 HPC platform hosted by the Scientific Computing Research Technology Platform at the University of Warwick. Sulis is funded by EPSRC Grant EP/T022108/1 and the HPC Midlands+ consortium.</p>
</sec>
</body>
<back>
<ref-list>
<ref id="ref-1">
<element-citation publication-type="journal">
<article-title>Feature selection in machine learning: A new perspective</article-title>
<person-group person-group-type="author">
<name><surname>Cai</surname><given-names>J.</given-names></name>
<name><surname>Luo</surname><given-names>J.</given-names></name>
<name><surname>Wang</surname><given-names>S.</given-names></name>
<name><surname>Yang</surname><given-names>S.</given-names></name>
</person-group><source>Neurocomputing</source><year iso-8601-date="2018">2018</year><pub-id pub-id-type="doi">10.1016/j.neucom.2017.11.077</pub-id><volume>300</volume><fpage>70</fpage><lpage>79</lpage></element-citation>
</ref>
<ref id="ref-2">
<element-citation publication-type="journal">
<article-title>A comprehensive survey on feature selection in the various fields of machine learning</article-title>
<person-group person-group-type="author">
<name><surname>Dhal</surname><given-names>P.</given-names></name>
<name><surname>Azad</surname><given-names>C.</given-names></name>
</person-group><source>Applied Intelligence</source><year iso-8601-date="2022">2022</year><pub-id pub-id-type="doi">10.1007/s10489-021-02550-9</pub-id></element-citation>
</ref>
<ref id="ref-3">
<element-citation publication-type="book">
<article-title>Feature Selection for Aero-Engine Fault Detection</article-title>
<person-group person-group-type="author">
<name><surname>Udu</surname><given-names>A.G.</given-names></name>
<name><surname>Lecchini-Visintini</surname><given-names>A.</given-names></name>
<name><surname>Dong</surname><given-names>H.</given-names></name>
</person-group><year iso-8601-date="2023">2023</year><pub-id pub-id-type="doi">10.1007/978-3-031-39847-6_42</pub-id><volume>3</volume></element-citation>
</ref>
<ref id="ref-4">
<element-citation publication-type="journal">
<article-title>Feature selection for high-dimensional imbalanced data</article-title>
<person-group person-group-type="author">
<name><surname>Yin</surname><given-names>L.</given-names></name>
<name><surname>Ge</surname><given-names>Y.</given-names></name>
<name><surname>Xiao</surname><given-names>K.</given-names></name>
<name><surname>Wang</surname><given-names>X.</given-names></name>
<name><surname>Quan</surname><given-names>X.</given-names></name>
</person-group><source>Neurocomputing</source><year iso-8601-date="2013">2013</year><pub-id pub-id-type="doi">10.1016/j.neucom.2012.04.039</pub-id><volume>105</volume><fpage>3</fpage><lpage>11</lpage></element-citation>
</ref>
<ref id="ref-5">
<element-citation publication-type="journal">
<article-title>Ensemble feature selection in high dimension, low sample size datasets: Parallel and serial combination approaches</article-title>
<person-group person-group-type="author">
<name><surname>Tsai</surname><given-names>C.-F.</given-names></name>
<name><surname>Sung</surname><given-names>Y.-T.</given-names></name>
</person-group><source>Knowledge-Based Systems</source><year iso-8601-date="2020">2020</year><pub-id pub-id-type="doi">10.1016/j.knosys.2020.106097</pub-id><volume>203</volume><fpage>106097</fpage></element-citation>
</ref>
<ref id="ref-6">
<element-citation publication-type="journal">
<article-title>Ensembles of feature selectors for dealing with class-imbalanced datasets: A proposal and comparative study</article-title>
<person-group person-group-type="author">
<name><surname>Haro-García</surname><given-names>A.</given-names></name>
<name><surname>Cerruela-García</surname><given-names>G.</given-names></name>
<name><surname>García-Pedrajas</surname><given-names>N.</given-names></name>
</person-group><source>Information Sciences</source><year iso-8601-date="2020">2020</year><pub-id pub-id-type="doi">10.1016/j.ins.2020.05.077</pub-id><volume>540</volume><fpage>89</fpage><lpage>116</lpage></element-citation>
</ref>
<ref id="ref-7">
<element-citation publication-type="journal">
<article-title>Assessing feature selection method performance with class imbalance data</article-title>
<person-group person-group-type="author">
<name><surname>Matharaarachchi</surname><given-names>S.</given-names></name>
<name><surname>Domaratzki</surname><given-names>M.</given-names></name>
<name><surname>Muthukumarana</surname><given-names>S.</given-names></name>
</person-group><source>Machine Learning with Applications</source><year iso-8601-date="2021">2021</year><pub-id pub-id-type="doi">10.1016/j.mlwa.2021.100170</pub-id><volume>6</volume><fpage>100170</fpage></element-citation>
</ref>
<ref id="ref-8">
<element-citation publication-type="book">
<article-title>Machine Learning Algorithms: Popular algorithms for data science and machine learning</article-title>
<person-group person-group-type="author">
<name><surname>Bonaccorso</surname><given-names>Giuseppe</given-names></name>
</person-group><year iso-8601-date="2018">2018</year></element-citation>
</ref>
<ref id="ref-9">
<element-citation publication-type="journal">
<article-title>Using deep neural network with small dataset to predict material defects</article-title>
<person-group person-group-type="author">
<name><surname>Feng</surname><given-names>Shuo</given-names></name>
<name><surname>Zhou</surname><given-names>Huiyu</given-names></name>
<name><surname>Dong</surname><given-names>Hongbiao</given-names></name>
</person-group><source>Materials &amp; Design</source><year iso-8601-date="2019">2019</year><pub-id pub-id-type="doi">10.1177/07316844241236696</pub-id><volume>162</volume><fpage>300</fpage><lpage>310</lpage></element-citation>
</ref>
<ref id="ref-11">
<element-citation publication-type="journal">
<article-title>Machine learning: Algorithms, real-world applications and research directions</article-title>
<person-group person-group-type="author">
<name><surname>Sarker</surname><given-names>Iqbal H</given-names></name>
</person-group><source>SN computer science</source><year iso-8601-date="2021">2021</year><pub-id pub-id-type="doi">10.1007/s42979-021-00592-x</pub-id><volume>2</volume><issue>3</issue><fpage>160</fpage></element-citation>
</ref>
<ref id="ref-10">
<element-citation publication-type="journal">
<article-title>Challenges in deploying machine learning: a survey of case studies</article-title>
<person-group person-group-type="author">
<name><surname>Paleyes</surname><given-names>Andrei</given-names></name>
<name><surname>Urma</surname><given-names>Raoul-Gabriel</given-names></name>
<name><surname>Lawrence</surname><given-names>Neil D</given-names></name>
</person-group><source>ACM computing surveys</source><year iso-8601-date="2022">2022</year><pub-id pub-id-type="doi">10.1145/3533378</pub-id><volume>55</volume><issue>6</issue><fpage>1</fpage><lpage>29</lpage></element-citation>
</ref>
<ref id="ref-12">
<element-citation publication-type="journal">
<article-title>A machine learning approach to characterise fabrication porosity effects on the mechanical properties of additively manufactured thermoplastic composites</article-title>
<person-group person-group-type="author">
<name><surname>Udu</surname><given-names>Amadi Gabriel</given-names></name>
<name><surname>Osa-uwagboe</surname><given-names>Norman</given-names></name>
<name><surname>Adeniran</surname><given-names>Olusanmi</given-names></name>
<name><surname>Aremu</surname><given-names>Adedeji</given-names></name>
<name><surname>Khaksar</surname><given-names>Maryam Ghalati</given-names></name>
<name><surname>Dong</surname><given-names>Hongbiao</given-names></name>
</person-group><source>Journal of Reinforced Plastics and Composites</source><year iso-8601-date="2024">2024</year><pub-id pub-id-type="doi">10.1177/07316844241236696</pub-id><fpage>07316844241236696</fpage></element-citation>
</ref>
<ref id="ref-13">
<element-citation publication-type="journal">
<article-title>The impact of class imbalance in classification performance metrics based on the binary confusion matrix</article-title>
<person-group person-group-type="author">
<name><surname>Luque</surname><given-names>A.</given-names></name>
<name><surname>Carrasco</surname><given-names>A.</given-names></name>
<name><surname>Martín</surname><given-names>A.</given-names></name>
<name><surname>Heras</surname><given-names>A.</given-names></name>
</person-group><source>Pattern Recognition</source><year iso-8601-date="2019">2019</year><pub-id pub-id-type="doi">10.1016/j.patcog.2019.02.023</pub-id><volume>91</volume><fpage>216</fpage><lpage>231</lpage></element-citation>
</ref>
<ref id="ref-14">
<element-citation publication-type="journal">
<article-title>Solving the class imbalance problem using a counterfactual method for data augmentation</article-title>
<person-group person-group-type="author">
<name><surname>Temraz</surname><given-names>M.</given-names></name>
<name><surname>Keane</surname><given-names>M. T.</given-names></name>
</person-group><source>Machine Learning with Applications</source><year iso-8601-date="2022">2022</year><pub-id pub-id-type="doi">10.1016/j.mlwa.2022.100375</pub-id><volume>9</volume><fpage>100375</fpage></element-citation>
</ref>
<ref id="ref-33">
<element-citation publication-type="document">
<article-title>pandas-dev/pandas: Pandas</article-title>
<person-group person-group-type="author">
<name><surname>The Pandas Development Team</surname></name>
</person-group><year iso-8601-date="2020">2020</year><pub-id pub-id-type="doi">10.5281/zenodo.3509134</pub-id></element-citation>
</ref>
<ref id="ref-32">
<element-citation publication-type="journal">
<article-title>Array programming with NumPy</article-title>
<person-group person-group-type="author">
<name><surname>Harris</surname><given-names>Charles R.</given-names></name>
<name><surname>Millman</surname><given-names>K. Jarrod</given-names></name>
<name><surname>Walt</surname><given-names>Stéfan J.</given-names></name>
<name><surname>Gommers</surname><given-names>Ralf</given-names></name>
<name><surname>Virtanen</surname><given-names>Pauli</given-names></name>
<name><surname>Cournapeau</surname><given-names>David</given-names></name>
<name><surname>Wieser</surname><given-names>Eric</given-names></name>
<name><surname>Taylor</surname><given-names>Julian</given-names></name>
<name><surname>Berg</surname><given-names>Sebastian</given-names></name>
<name><surname>Smith</surname><given-names>Nathaniel J.</given-names></name>
<name><surname>Kern</surname><given-names>Robert</given-names></name>
<name><surname>Picus</surname><given-names>Matti</given-names></name>
<name><surname>Hoyer</surname><given-names>Stephan</given-names></name>
<name><surname>Kerkwijk</surname><given-names>Marten H.</given-names></name>
<name><surname>Brett</surname><given-names>Matthew</given-names></name>
<name><surname>Haldane</surname><given-names>Allan</given-names></name>
<name><surname>Río</surname><given-names>Jaime Fernández</given-names></name>
<name><surname>Wiebe</surname><given-names>Mark</given-names></name>
<name><surname>Peterson</surname><given-names>Pearu</given-names></name>
<name><surname>Gérard-Marchant</surname><given-names>Pierre</given-names></name>
<name><surname>Sheppard</surname><given-names>Kevin</given-names></name>
<name><surname>Reddy</surname><given-names>Tyler</given-names></name>
<name><surname>Weckesser</surname><given-names>Warren</given-names></name>
<name><surname>Abbasi</surname><given-names>Hameer</given-names></name>
<name><surname>Gohlke</surname><given-names>Christoph</given-names></name>
<name><surname>Oliphant</surname><given-names>Travis E.</given-names></name>
</person-group><source>Nature</source><year iso-8601-date="2020">2020</year><pub-id pub-id-type="doi">10.1038/s41586-020-2649-2</pub-id><volume>585</volume><issue>7825</issue><fpage>357</fpage><lpage>362</lpage></element-citation>
</ref>
<ref id="ref-25">
<element-citation publication-type="journal">
<article-title>Scikit-learn: Machine Learning in Python</article-title>
<person-group person-group-type="author">
<name><surname>Pedregosa</surname><given-names>F.</given-names></name>
<name><surname>Varoquaux</surname><given-names>G.</given-names></name>
<name><surname>Gramfort</surname><given-names>A.</given-names></name>
<name><surname>Michel</surname><given-names>V.</given-names></name>
<name><surname>Thirion</surname><given-names>B.</given-names></name>
<name><surname>Grisel</surname><given-names>O.</given-names></name>
<name><surname>Blondel</surname><given-names>M.</given-names></name>
<name><surname>Prettenhofer</surname><given-names>P.</given-names></name>
<name><surname>Weiss</surname><given-names>R.</given-names></name>
<name><surname>Dubourg</surname><given-names>V.</given-names></name>
<name><surname>Vanderplas</surname><given-names>J.</given-names></name>
<name><surname>Passos</surname><given-names>A.</given-names></name>
<name><surname>Cournapeau</surname><given-names>D.</given-names></name>
<name><surname>Brucher</surname><given-names>M.</given-names></name>
<name><surname>Perrot</surname><given-names>M.</given-names></name>
<name><surname>Duchesnay</surname><given-names>E.</given-names></name>
</person-group><source>Journal of Machine Learning Research</source><year iso-8601-date="2011">2011</year><volume>12</volume><fpage>2825</fpage><lpage>2830</lpage></element-citation>
</ref>
<ref id="ref-31">
<element-citation publication-type="journal">
<article-title>Matplotlib: A 2D graphics environment</article-title>
<person-group person-group-type="author">
<name><surname>Hunter</surname><given-names>J. D.</given-names></name>
</person-group><source>Computing in Science &amp; Engineering</source><year iso-8601-date="2007">2007</year><pub-id pub-id-type="doi">10.1109/MCSE.2007.55</pub-id><volume>9</volume><issue>3</issue><fpage>90</fpage><lpage>95</lpage></element-citation>
</ref>
<ref id="ref-35">
<element-citation publication-type="journal">
<article-title>SciPy 1.0: Fundamental Algorithms for Scientific Computing in Python</article-title>
<person-group person-group-type="author">
<name><surname>Virtanen</surname><given-names>Pauli</given-names></name>
<name><surname>Gommers</surname><given-names>Ralf</given-names></name>
<name><surname>Oliphant</surname><given-names>Travis E.</given-names></name>
<name><surname>Haberland</surname><given-names>Matt</given-names></name>
<name><surname>Reddy</surname><given-names>Tyler</given-names></name>
<name><surname>Cournapeau</surname><given-names>David</given-names></name>
<name><surname>Burovski</surname><given-names>Evgeni</given-names></name>
<name><surname>Peterson</surname><given-names>Pearu</given-names></name>
<name><surname>Weckesser</surname><given-names>Warren</given-names></name>
<name><surname>Bright</surname><given-names>Jonathan</given-names></name>
<name><surname>van der Walt</surname><given-names>Stéfan J.</given-names></name>
<name><surname>Brett</surname><given-names>Matthew</given-names></name>
<name><surname>Wilson</surname><given-names>Joshua</given-names></name>
<name><surname>Millman</surname><given-names>K. Jarrod</given-names></name>
<name><surname>Mayorov</surname><given-names>Nikolay</given-names></name>
<name><surname>Nelson</surname><given-names>Andrew R. J.</given-names></name>
<name><surname>Jones</surname><given-names>Eric</given-names></name>
<name><surname>Kern</surname><given-names>Robert</given-names></name>
<name><surname>Larson</surname><given-names>Eric</given-names></name>
<name><surname>Carey</surname><given-names>C J</given-names></name>
<name><surname>Polat</surname><given-names>İlhan</given-names></name>
<name><surname>Feng</surname><given-names>Yu</given-names></name>
<name><surname>Moore</surname><given-names>Eric W.</given-names></name>
<name><surname>VanderPlas</surname><given-names>Jake</given-names></name>
<name><surname>Laxalde</surname><given-names>Denis</given-names></name>
<name><surname>Perktold</surname><given-names>Josef</given-names></name>
<name><surname>Cimrman</surname><given-names>Robert</given-names></name>
<name><surname>Henriksen</surname><given-names>Ian</given-names></name>
<name><surname>Quintero</surname><given-names>E. A.</given-names></name>
<name><surname>Harris</surname><given-names>Charles R.</given-names></name>
<name><surname>Archibald</surname><given-names>Anne M.</given-names></name>
<name><surname>Ribeiro</surname><given-names>Antônio H.</given-names></name>
<name><surname>Pedregosa</surname><given-names>Fabian</given-names></name>
<name><surname>van Mulbregt</surname><given-names>Paul</given-names></name>
<name><surname>SciPy 1.0 Contributors</surname></name>
</person-group><source>Nature Methods</source><year iso-8601-date="2020">2020</year><pub-id pub-id-type="doi">10.1038/s41592-019-0686-2</pub-id><volume>17</volume><fpage>261</fpage><lpage>272</lpage></element-citation>
</ref>
<ref id="ref-15">
<element-citation publication-type="document">
<article-title>The UCI Machine Learning Repository [Data set]</article-title>
<person-group person-group-type="author">
<name><surname>Kelly</surname><given-names>M.</given-names></name>
<name><surname>Longjohn</surname><given-names>R.</given-names></name>
<name><surname>Nottingham</surname><given-names>K.</given-names></name>
</person-group><pub-id pub-id-type="doi">10.24432/C53919</pub-id></element-citation>
</ref>
<ref id="ref-16">
<element-citation publication-type="document">
<article-title>Census Income</article-title>
<person-group person-group-type="author">
<name><surname>Kohavi</surname><given-names>Ron</given-names></name>
</person-group><year iso-8601-date="1996">1996</year><pub-id pub-id-type="doi">10.24432/C5GP7S</pub-id></element-citation>
</ref>
<ref id="ref-17">
<element-citation publication-type="document">
<article-title>Bank Marketing</article-title>
<person-group person-group-type="author">
<name><surname>Moro</surname></name>
<name><surname>Cortez</surname><given-names>P.</given-names></name>
</person-group><year iso-8601-date="2012">2012</year><pub-id pub-id-type="doi">10.24432/C5K306</pub-id></element-citation>
</ref>
<ref id="ref-18">
<element-citation publication-type="document">
<article-title>Statlog (Shuttle)</article-title>
<pub-id pub-id-type="doi">10.24432/C5WS31</pub-id></element-citation>
</ref>
<ref id="ref-20">
<element-citation publication-type="journal">
<article-title>Effects of seawater on mechanical performance of composite sandwich structures: A machine learning framework</article-title>
<person-group person-group-type="author">
<name><surname>Osa-uwagboe</surname><given-names>N.</given-names></name>
<name><surname>Udu</surname><given-names>A. G.</given-names></name>
<name><surname>Silberschmidt</surname><given-names>V. V.</given-names></name>
<name><surname>Baxevanakis</surname><given-names>K. P.</given-names></name>
<name><surname>Demirci</surname><given-names>E.</given-names></name>
</person-group><source>Materials</source><year iso-8601-date="2024">2024</year><pub-id pub-id-type="doi">10.3390/ma17112549</pub-id><volume>17</volume><issue>11</issue><fpage>2549</fpage></element-citation>
</ref>
<ref id="ref-21">
<element-citation publication-type="paper-conference">
<article-title>Addressing Class Imbalance in Aeroengine Fault Detection</article-title>
<person-group person-group-type="author">
<name><surname>Udu</surname><given-names>A.G.</given-names></name>
<name><surname>Lecchini-Visintini</surname><given-names>A.</given-names></name>
<name><surname>Ghalati</surname><given-names>M.K.</given-names></name>
<name><surname>Dong</surname><given-names>H.</given-names></name>
</person-group><source>2023 International Conference on Machine Learning and Applications (ICMLA)</source><year iso-8601-date="2023">2023</year><pub-id pub-id-type="doi">10.1109/ICMLA58977.2023.00159</pub-id><fpage>1072</fpage><lpage>1077</lpage></element-citation>
</ref>
<ref id="ref-22">
<element-citation publication-type="journal">
<article-title>A broad review on class imbalance learning techniques</article-title>
<person-group person-group-type="author">
<name><surname>Rezvani</surname><given-names>Salim</given-names></name>
<name><surname>Wang</surname><given-names>Xizhao</given-names></name>
</person-group><source>Applied Soft Computing</source><year iso-8601-date="2023">2023</year><pub-id pub-id-type="doi">10.1016/j.asoc.2023.110415</pub-id><volume>143</volume><fpage>110415</fpage>
<issn>1568-4946</issn>
</element-citation>
</ref>
<ref id="ref-23">
<element-citation publication-type="paper-conference">
<article-title>On chance performance in high-dimensional class-imbalance problems</article-title>
<person-group person-group-type="author">
<name><surname>Udu</surname><given-names>A. G.</given-names></name>
<name><surname>Lecchini-Visintini</surname><given-names>A.</given-names></name>
<name><surname>Dong</surname><given-names>H.</given-names></name>
</person-group><source>2024 UKACC 14th International Conference on Control (CONTROL)</source><year iso-8601-date="2024">2024</year><pub-id pub-id-type="doi">10.1109/CONTROL60310.2024.10531841</pub-id><fpage>254</fpage><lpage>255</lpage></element-citation>
</ref>
<ref id="ref-24">
<element-citation publication-type="journal">
<article-title>Feature selection: A data perspective</article-title>
<person-group person-group-type="author">
<name><surname>Li</surname><given-names>J.</given-names></name>
<name><surname>Cheng</surname><given-names>K.</given-names></name>
<name><surname>Wang</surname><given-names>S.</given-names></name>
<name><surname>Morstatter</surname><given-names>F.</given-names></name>
<name><surname>Trevino</surname><given-names>R. P.</given-names></name>
<name><surname>Tang</surname><given-names>J.</given-names></name>
<name><surname>Liu</surname><given-names>H.</given-names></name>
</person-group><source>ACM Computing Surveys</source><year iso-8601-date="2017">2017</year><pub-id pub-id-type="doi">10.1145/3136625</pub-id><volume>50</volume><issue>6</issue><fpage>Article 94</fpage></element-citation>
</ref>
<ref id="ref-26">
<element-citation publication-type="journal">
<article-title>Cross-validated permutation feature importance considering correlation between features</article-title>
<person-group person-group-type="author">
<name><surname>Kaneko</surname><given-names>H.</given-names></name>
</person-group><source>Analytical Science Advances</source><year iso-8601-date="2022">2022</year><pub-id pub-id-type="doi">10.1002/ansa.202200018</pub-id><volume>3</volume><issue>9-10</issue><fpage>278</fpage><lpage>287</lpage></element-citation>
</ref>
</ref-list>
</back>
</article>
