<?xml version="1.0" encoding="UTF-8"?>
<!DOCTYPE manifest PUBLIC "-//MECA//DTD Manifest v1.0//en" "https://meca.zip/manifest-1.0.dtd">
<manifest manifest-version="1" xmlns="https://manuscriptexchange.org/schema/manifest" xmlns:xlink="http://www.w3.org/1999/xlink">
  <item item-type="article-metadata">
    <instance media-type="application/xml" xlink:href="jats.xml"/>
  </item>
  <item item-type="article-supporting-file">
    <instance media-type="image/jpeg" xlink:href="files/gsvs_hierclus_cmap-d93366024e444e7a7acd04f42d5d8d76.jpg"/>
  </item>
  <item item-type="article-supporting-file">
    <instance media-type="image/png" xlink:href="files/lgbm_bank_marketing_-0304e23edf32089e4eaca67cab40fd25.png"/>
  </item>
  <item item-type="article-supporting-file">
    <instance media-type="image/png" xlink:href="files/lgbm_census_income_f-aaea1848df944c53847411f028c04aa2.png"/>
  </item>
  <item item-type="article-supporting-file">
    <instance media-type="image/png" xlink:href="files/lgbm_statlog_shuttle-a1a9be231b2df65002a0c7167e2bdc6d.png"/>
  </item>
  <item item-type="article-supporting-file">
    <instance media-type="image/png" xlink:href="files/rf_bank_marketing_fe-f798ebefed5ef68e610e9b95c1a54eae.png"/>
  </item>
  <item item-type="article-supporting-file">
    <instance media-type="image/png" xlink:href="files/rf_census_income_fea-b4c55a48c66ccfbb7d51c2e0da7d4edc.png"/>
  </item>
  <item item-type="article-supporting-file">
    <instance media-type="image/png" xlink:href="files/rf_statlog_shuttle_f-7c6e92cfa2be9d931dcc212fbd919812.png"/>
  </item>
  <item item-type="article-supporting-file">
    <instance media-type="image/png" xlink:href="files/svm_bank_marketing_f-bf07ddf29e6cc9d719ac303ab2851fd8.png"/>
  </item>
  <item item-type="article-supporting-file">
    <instance media-type="image/png" xlink:href="files/svm_census_income_fe-250721020aaeaab62a5048db3e49f4ef.png"/>
  </item>
  <item item-type="article-supporting-file">
    <instance media-type="image/png" xlink:href="files/svm_statlog_shuttle_-19840737e29ad13e543f7089ddb3b2dc.png"/>
  </item>
  <item item-type="article-supporting-file">
    <instance media-type="image/png" xlink:href="files/time_plot-c4b979ffd518452159a5b37dae568b6f.png"/>
  </item>
  <item item-type="article-source">
    <instance media-type="text/yaml" xlink:href="bundle/myst.yml"/>
  </item>
  <item item-type="article-source">
    <instance media-type="text/markdown" xlink:href="bundle/main.md"/>
  </item>
  <item item-type="article-source">
    <instance media-type="image/jpeg" xlink:href="bundle/images/gsvs_hierclus_cmap.jpg"/>
  </item>
  <item item-type="article-source">
    <instance media-type="image/png" xlink:href="bundle/images/time_plot.png"/>
  </item>
  <item item-type="article-source">
    <instance media-type="image/png" xlink:href="bundle/images/lgbm_census_income_feature_1.png"/>
  </item>
  <item item-type="article-source">
    <instance media-type="image/png" xlink:href="bundle/images/rf_census_income_feature_1.png"/>
  </item>
  <item item-type="article-source">
    <instance media-type="image/png" xlink:href="bundle/images/svm_census_income_feature_1.png"/>
  </item>
  <item item-type="article-source">
    <instance media-type="image/png" xlink:href="bundle/images/lgbm_bank_marketing_feature_3.png"/>
  </item>
  <item item-type="article-source">
    <instance media-type="image/png" xlink:href="bundle/images/rf_bank_marketing_feature_3.png"/>
  </item>
  <item item-type="article-source">
    <instance media-type="image/png" xlink:href="bundle/images/svm_bank_marketing_feature_3.png"/>
  </item>
  <item item-type="article-source">
    <instance media-type="image/png" xlink:href="bundle/images/lgbm_statlog_shuttle_feature_0.png"/>
  </item>
  <item item-type="article-source">
    <instance media-type="image/png" xlink:href="bundle/images/rf_statlog_shuttle_feature_0.png"/>
  </item>
  <item item-type="article-source">
    <instance media-type="image/png" xlink:href="bundle/images/svm_statlog_shuttle_feature_0.png"/>
  </item>
  <item item-type="article-source">
    <instance media-type="application/x-bibtex" xlink:href="bundle/mybib.bib"/>
  </item>
  <item item-type="article-source-directory">
    <instance media-type="application/x-directory" xlink:href="bundle/"/>
  </item>
</manifest>