<?xml version="1.0" encoding="UTF-8"?>
<!DOCTYPE article PUBLIC "-//NLM//DTD JATS (Z39.96) Journal Archiving and Interchange DTD with MathML3 v1.3 20210610//EN" "http://jats.nlm.nih.gov/publishing/1.3/JATS-archivearticle1-3-mathml3.dtd">
<article xmlns:mml="http://www.w3.org/1998/Math/MathML" xmlns:xlink="http://www.w3.org/1999/xlink" xmlns:xsi="http://www.w3.org/2001/XMLSchema-instance" xmlns:ali="http://www.niso.org/schemas/ali/1.0/" dtd-version="1.3" xml:lang="en" id="main">
<front>
<article-meta>
<article-id pub-id-type="doi">10.25080/tyyd7356</article-id>
<title-group>
<article-title>A Practical Guide to Data Quality: Problems, Detection, and Strategy</article-title>
</title-group>
<contrib-group>
<contrib contrib-type="author" corresp="yes">
<contrib-id contrib-id-type="orcid">https://orcid.org/0009-0001-6387-2231</contrib-id>
<name name-style="western"><surname>Bomfim</surname><given-names>Edson</given-names></name>
<xref ref-type="aff" rid="aff-1"/><xref ref-type="aff" rid="aff-2"/>
<email>research@final04.com</email>
</contrib>
</contrib-group>
<aff id="aff-1">
<institution-wrap>
<institution>Final04</institution>
</institution-wrap>
</aff>
<aff id="aff-2">
<institution-wrap>
<institution>Universidade de São Paulo, USP</institution>
</institution-wrap>
</aff>
<fpage>112</fpage><lpage>123</lpage>
<permissions>
<ali:free_to_read/>
<license xlink:href="https://creativecommons.org/licenses/by/4.0/">
<ali:license_ref>https://creativecommons.org/licenses/by/4.0/</ali:license_ref>
<license-p>This is an open access article distributed under the terms of the <ext-link ext-link-type="uri" xlink:href="http://creativecommons.org/licenses/by/4.0/">Creative Commons Attribution License</ext-link>, which permits unrestricted use, distribution, and reproduction in any medium, provided the original author and source are credited.</license-p>
</license>
</permissions>
<abstract>
<p>The proliferation of data-driven systems, from machine learning models to business intelligence platforms, has placed unprecedented importance on the quality of the underlying data. The principle of “garbage in, garbage out” has never been more relevant, as poor data quality can lead to flawed models, incorrect business decisions, and a fundamental lack of trust in data systems.</p>
<p>This paper serves as a practical guide for software developers and data practitioners to understand, identify, and address data quality issues. We present a comprehensive taxonomy of 23 common data quality problems, synthesizing definitions and contexts from empirical software engineering and database literature. Subsequently, we catalogue 22 distinct methods for detecting these issues, categorizing them into actionable strategies: Rule-Based &amp; Constraint Enforcement, Statistical &amp; Machine Learning Analysis, Data Comparison &amp; Standards, and Human &amp; Manual Review.</p>
<p>By mapping specific problems to their detection-method categories, we provide a structured framework to help teams develop robust, efficient, and targeted data validation strategies.</p>
<p>We conclude by discussing how the systematic practice of “data testing,” analogous to software testing, not only improves pipeline maintainability and dataset trustworthiness but also enhances the overall design and reliability of data-intensive systems.</p>
</abstract>
<kwd-group>
<kwd>data</kwd>
<kwd>data quality</kwd>
<kwd>software quality</kwd>
</kwd-group>
</article-meta>
</front>
<body>
<sec id="sec-1">
<label>1</label>
<title>Introduction</title>
<p>In the modern technological landscape, data is the foundational asset that powers innovation, from scientific research, training sophisticated machine learning (<abbrev alt="machine learning">ML</abbrev>) models to driving critical business analytics. A dataset can be defined as a structured collection of individual data points, or instances, that hold information about a set of entities sharing some common characteristics. The utility and reliability of any system built upon this data are inextricably linked to its quality.</p>
<p>This paper treats the quality of data as the characteristic of the dataset to match the natural distribution, in other words the degree to which it accurately and faithfully represents the real-world phenomena it purports to describe (<xref ref-type="bibr" rid="ref-20">Wand &amp; Wang, 1996</xref>; <xref ref-type="bibr" rid="ref-23">Hynes <italic>et al.</italic>, 2017</xref>). This is a crucial distinction. For example, a common challenge in machine learning is class imbalance, where one class is significantly underrepresented. However, if this imbalance accurately reflects the real world (e.g., fraudulent transactions are rare), the dataset itself is not of poor quality; rather, it is a perfect representation of a difficult problem. The challenge then lies with the modeling technique, not the data’s fidelity. Our focus is on errors where the data <italic>fails</italic> to match the natural distribution.</p>
<p>The consequences of poor data quality are severe, leading to the well-known “garbage in, garbage out” paradigm. Flawed data can introduce subtle biases in algorithms, generate misleading analytical reports, and erode stakeholder trust, ultimately undermining the value of data-driven initiatives (<xref ref-type="bibr" rid="ref-22">Saha &amp; Srivastava, 2014</xref>; <xref ref-type="bibr" rid="ref-24">Kerr <italic>et al.</italic>, 2007</xref>). Despite its importance, a systematic, developer-focused approach to identifying and mitigating these issues is often lacking.</p>
<p>This paper aims to fill that gap by providing a practical, empirical guide for data practitioners. We synthesize a comprehensive taxonomy of data quality problems and a corresponding catalogue of detection methods, drawing from extensive research in empirical software engineering, data cleaning, database management and the author own experience. The goal is to equip developers with a structured framework to reason about, test for, and strategically address data quality within their systems.</p>
<p>The paper is structured as follows:</p>
<list list-type="bullet">
<list-item>
<p><xref ref-type="sec" rid="sec-2">Section 2</xref> details a taxonomy of 23 common data quality problems, providing concise definitions and relevant context for each, and organizes them into practical categories.</p>
</list-item><list-item>
<p><xref ref-type="sec" rid="sec-7">Section 3</xref> presents a catalogue of 22 methods used to detect these problems, discusses their automation potential, and groups them into four strategic categories. This section includes a mapping of which method categories are effective for which errors.</p>
</list-item><list-item>
<p><xref ref-type="sec" rid="sec-14">Section 4</xref> provides a practical analysis of a real-world public health dataset, demonstrating how the catalogued problems and detection methods can be applied to identify concrete data quality issues.</p>
</list-item><list-item>
<p><xref ref-type="sec" rid="sec-20">Section 5</xref> discuss with the strategic implications of adopting a proactive data quality assurance mindset, drawing parallels between data testing and established software testing practices to argue for a more robust approach to building data systems.</p>
</list-item>
</list>
</sec>
<sec id="sec-2">
<label>2</label>
<title>Data Quality Problems</title>
<p>A data quality problem, or “dirty data,” is any instance where the data fails to correctly represent the real-world entity or event it describes (<xref ref-type="bibr" rid="ref-8">Kim <italic>et al.</italic>, 2003</xref>; <xref ref-type="bibr" rid="ref-5">Müller &amp; Freytag, 2003</xref>; <xref ref-type="bibr" rid="ref-10">Barateiro &amp; Galhardas, 2005</xref>). These problems can be subtle or overt, but all carry the risk of corrupting analysis and undermining model performance. Below is a taxonomy of common data quality problems compiled from the literature.</p>
<sec id="sec-3">
<label>2.1</label>
<title>Taxonomy of Data Quality Problems</title>
<list list-type="order">
<list-item>
<p><bold>Missing Data / Incompleteness / Empty Values:</bold> Records or fields that should contain a value but are null, empty, or otherwise not populated. This is one of the most common issues, forcing decisions about imputation or removal (<xref ref-type="bibr" rid="ref-9">Bosu &amp; MacDonell, 2013</xref>; <xref ref-type="bibr" rid="ref-19">Shepperd <italic>et al.</italic>, 2013</xref>).</p>
</list-item><list-item>
<p><bold>Duplicates / Redundancy:</bold> The same real-world entity is represented by two or more records in a dataset. These can be exact duplicates or approximate (fuzzy) duplicates with minor variations (<xref ref-type="bibr" rid="ref-10">Barateiro &amp; Galhardas, 2005</xref>; <xref ref-type="bibr" rid="ref-17">Galhardas <italic>et al.</italic>, 2000</xref>; <xref ref-type="bibr" rid="ref-18">Monge &amp; Elkan, 1996</xref>).</p>
</list-item><list-item>
<p><bold>Inconsistency / Contradicting Records / Semantic Consistency Violations:</bold> A single real-world entity is described by multiple records that contain conflicting information (e.g., the same customer with two different birth dates). This also includes violations of semantic rules (e.g., a patient’s discharge date is before their admission date) (<xref ref-type="bibr" rid="ref-10">Barateiro &amp; Galhardas, 2005</xref>; <xref ref-type="bibr" rid="ref-2">Heinrich <italic>et al.</italic>, 2018</xref>).</p>
</list-item><list-item>
<p><bold>Wrong / Incorrect Data / Invalid Data:</bold> Data values that are syntactically valid but factually wrong (e.g., an age of “30” for a person who is actually 40). This is one of the hardest problems to detect without an external source of truth (<xref ref-type="bibr" rid="ref-5">Müller &amp; Freytag, 2003</xref>; <xref ref-type="bibr" rid="ref-17">Galhardas <italic>et al.</italic>, 2000</xref>).</p>
</list-item><list-item>
<p><bold>Misspellings:</bold> Typographical errors in textual data, which can hinder matching and categorization (e.g., “Jhon” instead of “John”) (<xref ref-type="bibr" rid="ref-17">Galhardas <italic>et al.</italic>, 2000</xref>; <xref ref-type="bibr" rid="ref-5">Müller &amp; Freytag, 2003</xref>).</p>
</list-item><list-item>
<p><bold>Outdated Temporal Data / Timeliness / Currency / Volatility:</bold> The data was correct at the time of recording but is no longer valid due to real-world changes (e.g., a customer’s address before they moved). This dimension measures how up-to-date the data is (<xref ref-type="bibr" rid="ref-14">Ridzuan &amp; Zainon, 2024</xref>; <xref ref-type="bibr" rid="ref-5">Müller &amp; Freytag, 2003</xref>).</p>
</list-item><list-item>
<p><bold>Non-standardized / Non-Conforming Data / Irregularities:</bold> The use of different formats or units to represent the same information (e.g., “USA”, “U.S.A.”, “United States”; or measurements in both Celsius and Fahrenheit) (<xref ref-type="bibr" rid="ref-5">Müller &amp; Freytag, 2003</xref>; <xref ref-type="bibr" rid="ref-5">Müller &amp; Freytag, 2003</xref>).</p>
</list-item><list-item>
<p><bold>Ambiguous Data / Incomplete Context:</bold> Data that can be interpreted in multiple ways without additional context. This can arise from abbreviations (“J. Stevens” for John or Jack) or homonyms (“Miami” in Florida vs. Ohio) (<xref ref-type="bibr" rid="ref-5">Müller &amp; Freytag, 2003</xref>; <xref ref-type="bibr" rid="ref-17">Galhardas <italic>et al.</italic>, 2000</xref>).</p>
</list-item><list-item>
<p><bold>Embedded / Extraneous Data / Value Items Beyond Attribute Context:</bold> A single field contains multiple pieces of information that should be separate (e.g., a “name” field containing “President John Stevens”) or information that belongs in another field (e.g., a zip code in an address line) (<xref ref-type="bibr" rid="ref-17">Galhardas <italic>et al.</italic>, 2000</xref>; <xref ref-type="bibr" rid="ref-5">Müller &amp; Freytag, 2003</xref>).</p>
</list-item><list-item>
<p><bold>Misfielded Values:</bold> Correct data is stored in the wrong field (e.g., the value “Portugal” in a “city” attribute) (<xref ref-type="bibr" rid="ref-17">Galhardas <italic>et al.</italic>, 2000</xref>).</p>
</list-item><list-item>
<p><bold>Outliers / Noise:</bold> Erroneous data points that lie significantly outside the typical distribution of values, often due to measurement or entry errors. They are distinct from valid but extreme data points (<xref ref-type="bibr" rid="ref-9">Bosu &amp; MacDonell, 2013</xref>).</p>
</list-item><list-item>
<p><bold>Insufficient / Imprecise Metadata:</bold> The metadata (data about the data) is missing or does not adequately describe the metrics, entities, or collection process, leading to a high risk of misinterpretation (<xref ref-type="bibr" rid="ref-29">Ouatiti <italic>et al.</italic>, 2024</xref>; <xref ref-type="bibr" rid="ref-14">Ridzuan &amp; Zainon, 2024</xref>).</p>
</list-item><list-item>
<p><bold>Schema Violations / Wrong Data Type / Structural Conflicts:</bold> Data that violates the formal schema of the database, such as incorrect data types (e.g., “XY” in an age field), or different structural representations for the same object across systems (<xref ref-type="bibr" rid="ref-17">Galhardas <italic>et al.</italic>, 2000</xref>; <xref ref-type="bibr" rid="ref-10">Barateiro &amp; Galhardas, 2005</xref>).</p>
</list-item><list-item>
<p><bold>Dangling Data / Referential Integrity Violation:</bold> A record refers to another record that does not exist, breaking a relational link (e.g., an order record with a <monospace>customer_id</monospace> that does not exist in the customers table) (<xref ref-type="bibr" rid="ref-17">Galhardas <italic>et al.</italic>, 2000</xref>; <xref ref-type="bibr" rid="ref-5">Müller &amp; Freytag, 2003</xref>).</p>
</list-item><list-item>
<p><bold>Concurrency Control / Transaction Issues:</bold> Data corruption arising from the lack of proper transaction management in databases, leading to issues like lost updates or dirty reads. While typically handled by the DBMS, it is a source of poor data quality (<xref ref-type="bibr" rid="ref-5">Müller &amp; Freytag, 2003</xref>).</p>
</list-item><list-item>
<p><bold>Wrong Categorical Data:</bold> A value for a categorical attribute is outside the predefined set of valid categories (e.g., <monospace>shipping_method</monospace> is “air” when the only valid options are “ground” or “sea”) (<xref ref-type="bibr" rid="ref-5">Müller &amp; Freytag, 2003</xref>).</p>
</list-item><list-item>
<p><bold>Name Conflicts / Homonyms / Synonyms:</bold> When integrating data, the same name is used for different objects (homonyms) or different names are used for the same object (synonyms), causing structural ambiguity (<xref ref-type="bibr" rid="ref-10">Barateiro &amp; Galhardas, 2005</xref>).</p>
</list-item><list-item>
<p><bold>Different Aggregation Levels:</bold> In data integration, the same entity is represented at different levels of detail across sources (e.g., sales data aggregated by day in one source and by month in another) (<xref ref-type="bibr" rid="ref-25">Oliveira <italic>et al.</italic>, 2005</xref>).</p>
</list-item><list-item>
<p><bold>Circularity Among Tuples in Self-Relationship:</bold> A logical impossibility where entities in a self-referencing relationship form a cycle (e.g., Product A is a sub-product of B, and Product B is a sub-product of A) (<xref ref-type="bibr" rid="ref-25">Oliveira <italic>et al.</italic>, 2005</xref>).</p>
</list-item><list-item>
<p><bold>Semi-empty Tuple:</bold> A record where a large number of its attributes are empty, but not all. This may indicate a partial data entry failure or a distinct sub-type of entity that was not modeled correctly (<xref ref-type="bibr" rid="ref-25">Oliveira <italic>et al.</italic>, 2005</xref>).</p>
</list-item><list-item>
<p><bold>Data Miscoding:</bold> The incorrect assignment of data types during processing, such as treating a numerical feature as a string. This is a process-induced error rather than a source data error (<xref ref-type="bibr" rid="ref-13">Bhatia <italic>et al.</italic>, 2024</xref>).</p>
</list-item><list-item>
<p><bold>Distribution Shift / Data Drift:</bold> The statistical properties of the data change over time or between different contexts (e.g., training vs. production), rendering models trained on older data less accurate (<xref ref-type="bibr" rid="ref-13">Bhatia <italic>et al.</italic>, 2024</xref>).</p>
</list-item><list-item>
<p><bold>Plausibility:</bold> Data values that are syntactically correct and within a valid range, but are highly improbable in the given context (<xref ref-type="bibr" rid="ref-26">Cohen <italic>et al.</italic>, 2003</xref>).</p>
</list-item>
</list>
<sec id="sec-4">
<label>2.1.1</label>
<title>A Note on Excluded Concepts</title>
<list list-type="bullet">
<list-item>
<p><bold>Trust/Trustworthiness:</bold> While critically important, trust is a property of the relationship between a data consumer and a data source, not an intrinsic property of the dataset itself. It is often established over time through repeated positive interactions and is influenced by the provenance and perceived reliability of the source (<xref ref-type="bibr" rid="ref-9">Bosu &amp; MacDonell, 2013</xref>). Therefore, it is considered outside the scope of direct data quality measurement.</p>
</list-item><list-item>
<p><bold>Accessibility/Availability/Security:</bold> These dimensions relate to the systems and procedures governing access to the data, not the content of the data itself (<xref ref-type="bibr" rid="ref-14">Ridzuan &amp; Zainon, 2024</xref>). While a dataset that cannot be accessed is useless, we focus here on the quality of the data once it has been accessed.</p>
</list-item><list-item>
<p><bold>Representational Validity/Sampling Bias:</bold> A dataset can be internally accurate yet fail to represent its target phenomenon. This issue, known as sampling bias, stems from fundamental flaws in the data collection strategy—for instance, surveying only a specific subset of a population. Because these are problems of study design concerning data that was never collected, they fall outside this paper’s scope, which is confined to the intrinsic quality and fidelity of the data at hand.</p>
</list-item>
</list>
</sec>
</sec>
<sec id="sec-5">
<label>2.2</label>
<title>Detection Scalability</title>
<p>Data quality problems can be broadly divided into two groups based on the scope required for their detection:</p>
<list list-type="bullet">
<list-item>
<p><bold>Single-Datapoint Errors:</bold> These errors can be identified by examining a single record or data point in isolation. Examples include <monospace>Missing Data</monospace>, <monospace>Schema Violations</monospace>, and <monospace>Misspellings</monospace>. Detection for these errors is highly parallelizable and scales linearly with the size of the dataset, as each data point can be checked independently.</p>
</list-item><list-item>
<p><bold>Multi-Datapoint Errors:</bold> These errors require the context of other records, or even the entire dataset, to be identified. <monospace>Duplicates</monospace>, <monospace>Outliers</monospace>, and <monospace>Distribution Shift</monospace> fall into this category. Detection can be computationally expensive, often requiring full-dataset statistics. While optimizations like sorting or indexing can help, adding new data may necessitate a full re-evaluation of the entire dataset.</p>
</list-item>
</list>
</sec>
<sec id="sec-6">
<label>2.3</label>
<title>Categorizing Data Quality Problems</title>
<p>While a flat list of problems is useful, categorization helps in forming a mental model for tackling them. A common approach in the literature is to group them by the aspect of quality they violate (<xref ref-type="bibr" rid="ref-14">Ridzuan &amp; Zainon, 2024</xref>):</p>
<list list-type="bullet">
<list-item>
<p><bold>Content Quality (Accuracy &amp; Integrity):</bold> Problems related to the correctness and internal consistency of the data. Includes <italic>Inconsistency</italic>, <italic>Wrong Data</italic>, <italic>Misspellings</italic>, <italic>Outliers</italic>, <italic>Schema Violations</italic>, and <italic>Dangling Data</italic>.</p>
</list-item><list-item>
<p><bold>Completeness (Sufficiency of Information):</bold> Problems concerning missing information. Includes <italic>Missing Data</italic>, <italic>Semi-empty Tuple</italic>, and <italic>Insufficient Metadata</italic>.</p>
</list-item><list-item>
<p><bold>Representational &amp; Structural Quality (Form &amp; Understandability):</bold> Problems with how the data is structured and represented. Includes <italic>Non-standardized Data</italic>, <italic>Embedded Data</italic>, <italic>Misfielded Values</italic>, <italic>Name Conflicts</italic>, and <italic>Wrong Categorical Data</italic>.</p>
</list-item><list-item>
<p><bold>Timeliness &amp; Relevance (Fitness for Current Context):</bold> Problems related to the data being out-of-date or contextually inappropriate. Includes <italic>Outdated Temporal Data</italic> and <italic>Distribution Shift</italic>.</p>
</list-item>
</list>
<p>While this categorization is useful for understanding the <italic>impact</italic> of poor data quality, a more practical approach is to categorize problems based on the <italic>methods required to detect them</italic>. This pragmatic view directly informs the implementation of a data quality assurance strategy, which we explore in the next section.</p>
</sec>
</sec>
<sec id="sec-7">
<label>3</label>
<title>Methods to Detect Data Quality Problems</title>
<p>Detecting the problems outlined in Section 2 requires a diverse toolkit of methods, ranging from simple, deterministic rules to complex statistical models. Below, we catalogue these methods and discuss some aspects of their application.</p>
<table-wrap id="table-1">
<label>Table 1:</label>
<caption>
<p>Mapping Detection Methods to Data Quality Problems</p>
</caption>
<table>
<thead>
<tr><th>
<p>Method</p>
</th><th>
<p>Applicable Data Quality Problems Found</p>
</th></tr>
</thead>
<tbody>
<tr><td>
<p><bold>Database Constraints</bold> (Not Null, Unique, Primary Key, Foreign Key)</p>
</td><td>
<p>Missing Data, Duplicates, Dangling Data, Schema Violations</p>
</td></tr>
<tr><td>
<p><bold>User-Specified Integrity Constraints &amp; Triggers</bold></p>
</td><td>
<p>Inconsistency, Wrong Data, Wrong Categorical Data, Circularity</p>
</td></tr>
<tr><td>
<p><bold>Direct Checks</bold> (for Null, Empty Strings, Dummy Values)</p>
</td><td>
<p>Missing Data, Semi-empty Tuple</p>
</td></tr>
<tr><td>
<p><bold>Quantitative &amp; Statistical Metrics</bold></p>
</td><td>
<p>Missing Data (e.g., completion rate), Distribution Shift</p>
</td></tr>
<tr><td>
<p><bold>Comparison &amp; Similarity</bold> (Direct, Distance, String Metrics)</p>
</td><td>
<p>Duplicates, Inconsistency, Misspellings, Non-standardized Data</p>
</td></tr>
<tr><td>
<p><bold>Sorted Neighbourhood Method</bold></p>
</td><td>
<p>Duplicates (approximate)</p>
</td></tr>
<tr><td>
<p><bold>Attribute Cardinality Checks</bold></p>
</td><td>
<p>Duplicates (where cardinality should equal row count)</p>
</td></tr>
<tr><td>
<p><bold>Redundancy Analysis</bold></p>
</td><td>
<p>Redundancy (correlated features)</p>
</td></tr>
<tr><td>
<p><bold>Semantic &amp; Rule-Based Testing</bold> (incl. Regex, Set Validation)</p>
</td><td>
<p>Inconsistency, Wrong Data, Misfielded Values, Schema Violations, Non-standardized Data</p>
</td></tr>
<tr><td>
<p><bold>Probability-based Metrics &amp; Statistical Tests</bold></p>
</td><td>
<p>Inconsistency (Semantic), Plausibility</p>
</td></tr>
<tr><td>
<p><bold>Association Rule Mining</bold></p>
</td><td>
<p>Inconsistency, Wrong Data</p>
</td></tr>
<tr><td>
<p><bold>Comparison to Reference Data</bold> (Real World, Legal Values)</p>
</td><td>
<p>Wrong / Incorrect Data, Outdated Temporal Data</p>
</td></tr>
<tr><td>
<p><bold>Explicit Type Checking &amp; Domain Format Checks</bold></p>
</td><td>
<p>Schema Violations, Non-standardized Data</p>
</td></tr>
<tr><td>
<p><bold>Spell Checker</bold></p>
</td><td>
<p>Misspellings</p>
</td></tr>
<tr><td>
<p><bold>Temporal Constraint Checks</bold></p>
</td><td>
<p>Outdated Temporal Data</p>
</td></tr>
<tr><td>
<p><bold>Distribution Analysis</bold> (L-infinity, Jensen-Shannon, etc.)</p>
</td><td>
<p>Distribution Shift, Outliers</p>
</td></tr>
<tr><td>
<p><bold>Outlier Detection Algorithms</bold> (<abbrev alt="machine learning">ML</abbrev>, Statistical, Distance-based)</p>
</td><td>
<p>Outliers, Noise</p>
</td></tr>
<tr><td>
<p><bold>Clustering Algorithms</bold></p>
</td><td>
<p>Outliers, Duplicates (by grouping similar records)</p>
</td></tr>
<tr><td>
<p><bold>Lookup Tables &amp; Dictionaries</bold> (Thesaurus, Name/Address Dirs)</p>
</td><td>
<p>Non-standardized Data, Ambiguous Data, Misspellings</p>
</td></tr>
<tr><td>
<p><bold>Metadata &amp; Schema Evaluation</bold> (Metamodels, DQRs)</p>
</td><td>
<p>Insufficient / Imprecise Metadata, Schema Violations, Name Conflicts</p>
</td></tr>
<tr><td>
<p><bold>Cycle Detection Algorithms</bold></p>
</td><td>
<p>Circularity Among Tuples</p>
</td></tr>
<tr><td>
<p><bold>Data Profiling &amp; Human Review</bold></p>
</td><td>
<p>All (serves as a general-purpose discovery and verification method)</p>
</td></tr>
</tbody>
</table>
</table-wrap>
<sec id="sec-8">
<label>3.1</label>
<title>Automation and Maintenance:</title>
<p>The methods above vary significantly in their potential for automation. Database constraints are fully automated, while methods like statistical analysis and rule-based testing can be incorporated into automated data pipelines. Others, such as resolving ambiguous data using a thesaurus or verifying incorrect data against the real world, fundamentally require human-in-the-loop intervention.</p>
<p>Just as software testing is an integral part of CI/CD pipelines, data quality tests should be an integral part of data pipelines. Whenever data is updated, ingested, or transformed, a corresponding suite of data tests should be executed. Single-datapoint checks can be run efficiently on new or changed data. However, for multi-datapoint checks, an incremental update may not be sufficient; a full-dataset re-evaluation is often necessary to ensure issues like new duplicates or shifts in the overall distribution are caught.</p>
</sec>
<sec id="sec-9">
<label>3.2</label>
<title>Categories of Detection Methods</title>
<p>To provide a clear, actionable framework, we first present a table mapping individual detection methods to the data quality problems they are primarily used to find. A more strategic approach is to group these methods into broader categories.
We propose four categories of data quality detection methods, which group the 22 techniques into strategic approaches:</p>
<sec id="sec-10">
<label>3.2.1</label>
<title>Rule-Based &amp; Constraint Enforcement</title>
<p>This category involves defining explicit, deterministic rules that data must adhere to, often enforced directly at the database level through mechanisms like schema constraints. These methods are highly automatable and effective for catching violations of known business logic, structural integrity, and formatting requirements, such as ensuring a field is never null, conforms to a specific data type, or follows a predefined pattern.</p>
</sec>
<sec id="sec-11">
<label>3.2.2</label>
<title>Statistical &amp; Machine Learning Analysis</title>
<p>This approach leverages mathematical and algorithmic techniques to identify data quality issues by analyzing the aggregate properties and distributions within a dataset. By establishing statistical norms, these methods can automatically flag outliers and uncover improbable or inconsistent data patterns that would not violate simple, hard-coded rules.</p>
</sec>
<sec id="sec-12">
<label>3.2.3</label>
<title>Data Comparison &amp; Standards</title>
<p>This category focuses on validating data by comparing it against a trusted source of truth or by identifying inconsistencies through intra-dataset comparisons. It includes techniques like matching records against external reference data (e.g., a list of valid postal codes), using string similarity metrics to find fuzzy duplicates, and employing lookup tables or dictionaries to standardize terminology.</p>
</sec>
<sec id="sec-13">
<label>3.2.4</label>
<title>Human &amp; Manual Review</title>
<p>This category encompasses all methods that rely on human intelligence, domain expertise, and contextual understanding to identify and verify data quality problems. It serves as the final line of defense for detecting complex, subtle, or novel issues that automated systems miss, such as evaluating the sufficiency of metadata, verifying the real-world accuracy of a questionable value, or interpreting ambiguous data through expert judgment.</p>
<table-wrap id="table-2">
<label>Table 2:</label>
<caption>
<p>Categories of Data Quality Detection Methods</p>
</caption>
<table>
<thead>
<tr><th>
<p>Category</p>
</th><th>
<p>Methods Included</p>
</th></tr>
</thead>
<tbody>
<tr><td>
<p><bold>Rule-Based &amp; Constraint Enforcement</bold></p>
</td><td>
<p>Not Null Constraints, Unique/Primary Key Constraints, General DB Integrity Constraints, Triggers, Rule-based Testing, Regex Pattern Verification, Set Validation, Type Checking/Constraints, Temporal Constraints, Domain Format Checks, Cycle Detection Algorithms, Formal Specifications (DQRs, DPRs).</p>
</td></tr>
<tr><td>
<p><bold>Statistical &amp; Machine Learning Analysis</bold></p>
</td><td>
<p>Quantitative Metrics, Statistical Criterion/Sampling, Redundancy Analysis, Probability-based Metrics, Association Rule Mining, Distribution Analysis (L-infinity, Jensen-Shannon, etc.), All Outlier Detection Methods (<abbrev alt="machine learning">ML</abbrev>, Statistical, Distance-based), Clustering, Trimmed Means.</p>
</td></tr>
<tr><td>
<p><bold>Data Comparison &amp; Standards</bold></p>
</td><td>
<p>Direct Comparison, Distance Metrics, String Similarity Metrics, Sorted Neighbourhood, Comparison to Reference Data, Standardization/Normalization, Lookup Tables/Dictionaries, Thesaurus, Name/Address Directories.</p>
</td></tr>
<tr><td>
<p><bold>Human &amp; Manual Review</bold></p>
</td><td>
<p>Identifying Dummy Values, Data Profiling, Metadata Evaluation, Human Verification/Manual Inspection, Domain Expert Intervention.</p>
</td></tr>
</tbody>
</table>
</table-wrap>
<p>This categorization allows for a structured approach to building a data quality firewall. A team can start with the most automatable category, “Rule-Based &amp; Constraint Enforcement,” and progressively add more sophisticated “Statistical &amp; <abbrev alt="machine learning">ML</abbrev> Analysis” and “Data Comparison” methods, while reserving “Human &amp; Manual Review” for exceptions and complex cases.</p>
<p>Also we present the <xref ref-type="table" rid="table-3">Table 3</xref> which provides a high-level map for practitioners, showing which categories of methods are effective at identifying specific data quality problems.</p>
<table-wrap id="table-3">
<label>Table 3:</label>
<caption>
<p>Linking Data Problems to Detection Method Categories</p>
</caption>
<table>
<thead>
<tr><th>
<p>Data Quality Problem</p>
</th><th>
<p>Rule-Based &amp; Constraint</p>
</th><th>
<p>Statistical &amp; <abbrev alt="machine learning">ML</abbrev></p>
</th><th>
<p>Data Comparison &amp; Standards</p>
</th><th>
<p>Human &amp; Manual</p>
</th></tr>
</thead>
<tbody>
<tr><td>
<p>Missing Data / Incompleteness</p>
</td><td>
<p>✔</p>
</td><td>
<p>✔</p>
</td><td/><td>
<p>✔</p>
</td></tr>
<tr><td>
<p>Duplicates / Redundancy</p>
</td><td>
<p>✔</p>
</td><td>
<p>✔</p>
</td><td>
<p>✔</p>
</td><td>
<p>✔</p>
</td></tr>
<tr><td>
<p>Inconsistency / Contradictions</p>
</td><td>
<p>✔</p>
</td><td>
<p>✔</p>
</td><td/><td>
<p>✔</p>
</td></tr>
<tr><td>
<p>Wrong / Incorrect Data</p>
</td><td>
<p>✔</p>
</td><td>
<p>✔</p>
</td><td>
<p>✔</p>
</td><td>
<p>✔</p>
</td></tr>
<tr><td>
<p>Misspellings</p>
</td><td/><td/><td>
<p>✔</p>
</td><td>
<p>✔</p>
</td></tr>
<tr><td>
<p>Outdated Temporal Data</p>
</td><td>
<p>✔</p>
</td><td/><td>
<p>✔</p>
</td><td>
<p>✔</p>
</td></tr>
<tr><td>
<p>Non-standardized Data</p>
</td><td>
<p>✔</p>
</td><td/><td>
<p>✔</p>
</td><td>
<p>✔</p>
</td></tr>
<tr><td>
<p>Ambiguous Data</p>
</td><td/><td/><td>
<p>✔</p>
</td><td>
<p>✔</p>
</td></tr>
<tr><td>
<p>Embedded / Extraneous Data</p>
</td><td>
<p>✔</p>
</td><td/><td/><td>
<p>✔</p>
</td></tr>
<tr><td>
<p>Misfielded Values</p>
</td><td>
<p>✔</p>
</td><td/><td/><td>
<p>✔</p>
</td></tr>
<tr><td>
<p>Outliers / Noise</p>
</td><td/><td>
<p>✔</p>
</td><td/><td>
<p>✔</p>
</td></tr>
<tr><td>
<p>Insufficient / Imprecise Metadata</p>
</td><td/><td/><td/><td>
<p>✔</p>
</td></tr>
<tr><td>
<p>Schema Violations</p>
</td><td>
<p>✔</p>
</td><td/><td/><td>
<p>✔</p>
</td></tr>
<tr><td>
<p>Dangling Data / Referential Integrity</p>
</td><td>
<p>✔</p>
</td><td/><td/><td/></tr>
<tr><td>
<p>Concurrency / Transaction Issues</p>
</td><td>
<p>✔</p>
</td><td/><td/><td/></tr>
<tr><td>
<p>Wrong Categorical Data</p>
</td><td>
<p>✔</p>
</td><td>
<p>✔</p>
</td><td/><td>
<p>✔</p>
</td></tr>
<tr><td>
<p>Name Conflicts</p>
</td><td/><td/><td/><td>
<p>✔</p>
</td></tr>
<tr><td>
<p>Different Aggregation Levels</p>
</td><td/><td/><td>
<p>✔</p>
</td><td>
<p>✔</p>
</td></tr>
<tr><td>
<p>Circularity Among Tuples</p>
</td><td>
<p>✔</p>
</td><td/><td/><td/></tr>
<tr><td>
<p>Semi-empty Tuple</p>
</td><td>
<p>✔</p>
</td><td/><td/><td>
<p>✔</p>
</td></tr>
<tr><td>
<p>Data Miscoding</p>
</td><td>
<p>✔</p>
</td><td/><td/><td>
<p>✔</p>
</td></tr>
<tr><td>
<p>Distribution Shift / Data Drift</p>
</td><td/><td>
<p>✔</p>
</td><td/><td>
<p>✔</p>
</td></tr>
<tr><td>
<p>Plausibility</p>
</td><td/><td>
<p>✔</p>
</td><td/><td>
<p>✔</p>
</td></tr>
</tbody>
</table>
</table-wrap>
</sec>
</sec>
</sec>
<sec id="sec-14">
<label>4</label>
<title>Case Study: A Practical Analysis of a Public Health Dataset</title>
<p>To bridge the gap between the theoretical taxonomy of problems and the catalogue of detection methods, this section presents a practical analysis of a real-world dataset: Brazil’s Mortality Information System (<abbrev alt="Mortality Information System">SIM</abbrev> - Sistema de Informação sobre Mortalidade) (<xref ref-type="bibr" rid="ref-27">Brasil, Ministério da Saúde, 2024</xref>). As a large, publicly available dataset aggregated from numerous sources across the country, it serves as an excellent example of the types of data quality challenges practitioners face. We will examine data from 2024 to illustrate how specific problems can be identified using the methods discussed. This dataset is publicly available from Brazil’s Open Data SUS portal.</p>
<p>Below is a sample from the <abbrev alt="Mortality Information System">SIM</abbrev> dataset, showing a selection of key fields.</p>
<table-wrap id="table-4">
<label>Table 4:</label>
<caption>
<p>Sample Data from the Brazilian Mortality Information System (<abbrev alt="Mortality Information System">SIM</abbrev>) 2024</p>
</caption>
<table>
<thead>
<tr><th>
<p>DTOBITO (Date of Death)</p>
</th><th>
<p>HORAOBITO (Time of Death)</p>
</th><th>
<p>DTNASC (Date of Birth)</p>
</th><th>
<p>IDADE (Age)</p>
</th><th>
<p>SEXO (Sex)</p>
</th><th>
<p>RACACOR (Race/Color)</p>
</th><th>
<p>ESTCIV (Marital Status)</p>
</th><th>
<p>SERIESCFAL (Last Grade)</p>
</th><th>
<p>CAUSABAS (Basic Cause)</p>
</th><th>
<p>ATESTADO (Death Cert. Causes)</p>
</th></tr>
</thead>
<tbody>
<tr><td>
<p>19042024</p>
</td><td>
<p>2301</p>
</td><td>
<p>24121964</p>
</td><td>
<p>459</p>
</td><td>
<p>1</p>
</td><td>
<p>1</p>
</td><td>
<p>1</p>
</td><td/><td>
<p>I279</p>
</td><td>
<p>J81/I500/I279/I10</p>
</td></tr>
<tr><td>
<p>18012024</p>
</td><td>
<p>1030</p>
</td><td>
<p>29041958</p>
</td><td>
<p>465</p>
</td><td>
<p>2</p>
</td><td>
<p>1</p>
</td><td>
<p>2</p>
</td><td/><td>
<p>A09</p>
</td><td>
<p>I219/A09</p>
</td></tr>
<tr><td>
<p>22012024</p>
</td><td>
<p>0700</p>
</td><td>
<p>23031939</p>
</td><td>
<p>484</p>
</td><td>
<p>2</p>
</td><td>
<p>4</p>
</td><td>
<p>2</p>
</td><td/><td>
<p>E112</p>
</td><td>
<p>I219/I10/E112</p>
</td></tr>
<tr><td>
<p>12012024</p>
</td><td>
<p>0800</p>
</td><td>
<p>08031950</p>
</td><td>
<p>473</p>
</td><td>
<p>2</p>
</td><td>
<p>2</p>
</td><td>
<p>5</p>
</td><td/><td>
<p>I219</p>
</td><td>
<p>I219/I509/I10</p>
</td></tr>
<tr><td>
<p>01032024</p>
</td><td>
<p>1030</p>
</td><td>
<p>12051938</p>
</td><td>
<p>485</p>
</td><td>
<p>2</p>
</td><td>
<p>1</p>
</td><td>
<p>9</p>
</td><td/><td>
<p>N19</p>
</td><td>
<p>J969/I469/D649/N19*I509</p>
</td></tr>
</tbody>
</table>
</table-wrap>
<sec id="sec-15">
<label>4.1</label>
<title>Example 1: Detecting Data Miscoding with Human &amp; Manual Review</title>
<p>Problem: A preliminary inspection of the IDADE (Age) field reveals values such as 459 and 484. Without domain context, these appear to be erroneous. A simple cross-validation by subtracting DTNASC from DTOBITO for the first record reveals an age of 59 years, suggesting the value 459 is not a raw integer but an encoded value.</p>
<p>Detection: This is a classic case where Human &amp; Manual Review, informed by domain knowledge, is the primary detection method. The initial observation of impossible age values prompts a deeper investigation. Consulting the official data dictionary confirms that the IDADE field uses a special encoding where the leading digit signifies the time unit (e.g., ‘4’ for years) and the subsequent digits represent the quantity. Failure to identify this results in Data Miscoding, a severe process-induced error. Once detected, the remediation is a straightforward Rule-Based transformation.</p>
</sec>
<sec id="sec-16">
<label>4.2</label>
<title>Example 2: Quantifying Missing Data with Rule-Based Enforcement</title>
<p>Problem: The SERIESCFAL (Last Grade) column is blank in every record of the sample, representing a clear case of Missing Data. The impact of this problem depends entirely on the intended use case.</p>
<p>Detection: A simple Rule-Based check can identify null or empty values on a per-record basis. However, the true utility comes from applying this rule across the entire dataset to establish a data quality metric. For an analysis where education level is a critical feature, a team might define an acceptance criterion, such as requiring at least 50% of records to be non-null. The following programmatic check implements this quality gate:</p>
<code language="python"># Assumes 'df' is a pandas DataFrame of the full 2024 dataset
acceptance_threshold = 0.5
completeness_ratio = df.SERIESCFAL.notnull().sum() / len(df)
assert completeness_ratio &gt;= acceptance_threshold</code>
<p>Executing this check against the full dataset would return False, indicating that the data fails this specific quality test and is not fit for this particular use.</p>
</sec>
<sec id="sec-17">
<label>4.3</label>
<title>Example 3: Identifying Inconsistency with Rule-Based Validation</title>
<p>Problem: A dataset can contain values that are individually valid but logically impossible in combination. According to the <abbrev alt="Mortality Information System">SIM</abbrev> documentation, SEXO=1 indicates a person born male, while GRAVIDEZ=1 signifies the person has been pregnant.</p>
<p>Detection: This Inconsistency can be detected using Rule-Based &amp; Constraint Enforcement that evaluates a multi-field invariant. The following test efficiently isolates all records that violate this semantic rule:</p>
<code language="python"># Filters for records where a person born male is recorded as having been pregnant
inconsistent_records = df[(df.GRAVIDEZ == 1) &amp; (df.SEXO == 1)]</code>
<p>This test effectively detects that an error exists in the record but cannot determine which of the two fields is incorrect. The remediation strategy—whether to nullify the fields or discard the record—depends on further analysis or predefined business rules.</p>
</sec>
<sec id="sec-18">
<label>4.4</label>
<title>Example 4: Assessing Plausibility using Statistical Analysis</title>
<p>Problem: Certain data points, while not strictly impossible, may be so statistically improbable that they warrant scrutiny. The IDADEMAE (Mother’s Age) field provides a clear example.
Detection: By employing Statistical Analysis, we can profile the distribution of IDADEMAE to identify anomalous values. The table below shows the age distribution in bins for all non-null entries in the 2024 dataset.</p>
<table-wrap id="table-5">
<label>Table 5:</label>
<caption>
<p>Distribution of Mother’s Age (IDADEMAE) in <abbrev alt="Mortality Information System">SIM</abbrev> 2024</p>
</caption>
<table>
<thead>
<tr><th>
<p>Age Bin</p>
</th><th>
<p>Count</p>
</th></tr>
</thead>
<tbody>
<tr><td>
<p>(0, 10]</p>
</td><td>
<p>4</p>
</td></tr>
<tr><td>
<p>(10, 20]</p>
</td><td>
<p>4867</p>
</td></tr>
<tr><td>
<p>(20, 30]</p>
</td><td>
<p>11800</p>
</td></tr>
<tr><td>
<p>(30, 40]</p>
</td><td>
<p>7705</p>
</td></tr>
<tr><td>
<p>(40, 50]</p>
</td><td>
<p>1240</p>
</td></tr>
<tr><td>
<p>(50, 60]</p>
</td><td>
<p>10</p>
</td></tr>
<tr><td>
<p>(60, 70]</p>
</td><td>
<p>0</p>
</td></tr>
<tr><td>
<p>(70, 80]</p>
</td><td>
<p>0</p>
</td></tr>
<tr><td>
<p>(80, 90]</p>
</td><td>
<p>0</p>
</td></tr>
<tr><td>
<p>(90, 100]</p>
</td><td>
<p>26</p>
</td></tr>
</tbody>
</table>
</table-wrap>
<p>This distribution immediately highlights potential Plausibility issues at the tails. While pregnancies in the 10-20 age group are common, the 4 instances below age 10 are highly suspect.</p>
<p>Even more striking are the 26 recorded pregnancies for mothers aged over 90. While not theoretically impossible with modern medicine, these are statistically extreme outliers and highly likely to be data entry errors. Such records should be flagged as low-quality and considered for exclusion from sensitive analyses.</p>
</sec>
<sec id="sec-19">
<label>4.5</label>
<title>The Role of Data Quality Frameworks</title>
<p>Except for the Human &amp; Manual check above, all others programmatic checks can be systemized using dedicated data quality frameworks. Great Expectations (<xref ref-type="bibr" rid="ref-28">Gong <italic>et al.</italic>, n.d.</xref>) is a open-source tool that institutionalizes “data testing” by allowing teams to declare assertions about their data in a readable, JSON-based format called “Expectations.” This approach formalizes the data quality rules, making them version-controllable, shareable, and executable within automated pipelines, directly addressing the need for systematic data testing discussed in this paper.</p>
<p>The library provides a rich, built-in vocabulary of Expectations that directly map to the detection methods and problems we have catalogued. For instance, <monospace>expect_column_values_to_not_be_null</monospace> addresses Missing Data, <monospace>expect_column_values_to_be_in_set</monospace> handles Wrong Categorical Data, and <monospace>expect_column_mean_to_be_between</monospace> can detect Distribution Shift. More complex, multi-field invariants, such as the SEXO/GRAVIDEZ inconsistency, can be implemented using custom Expectations.</p>
<p>A key advantage of Great Expectations is its ability to automatically generate “Data Docs” human-readable documentation that presents the results of data validation runs. This feature transforms abstract quality metrics into tangible reports, fostering trust and communication between data producers and consumers. By integrating such a framework, the analysts can operationalize the principles outlined here, moving from ad-hoc data cleaning to a proactive, scalable, and automated data quality assurance strategy.</p>
</sec>
</sec>
<sec id="sec-20">
<label>5</label>
<title>Conclusions</title>
<p>This paper has provided a comprehensive, practical-focused framework for understanding, identifying, and addressing data quality problems. By cataloguing 23 distinct types of “dirty data” and 22 corresponding detection methods, we have created a guide that can the turned into actionable strategies.</p>
<p>The key takeaway is the need to treat data quality assurance as a first-class citizen in the development of data systems. Understanding the fundamentals—the specific ways data can be dirty and the array of tools available to detect it—allows a team to optimize its validation strategy. Instead of applying a generic, one-size-fits-all approach, they can select the most efficient methods for their specific risks, whether that is enforcing a strict schema with <bold>Rule-Based</bold> methods, discovering novel anomalies with <bold>Statistical</bold> analysis, or standardizing inputs with <bold>Data Comparison</bold> techniques.</p>
<p>Integrating these methods into automated “data testing” suites within data pipelines is critical for long-term maintainability and trust. Just as unit tests verify code logic, data tests verify data integrity. This practice provides continuous feedback, catches regressions when data sources or processing logic change, and builds confidence in the final datasets used for researches, analytics, and machine learning.</p>
<p>Perhaps the most profound benefit of this approach lies in the design phase. The very process of defining data quality requirements and designing data tests forces a team to deeply consider potential failure modes. It requires them to ask critical questions: What are the invariants of our data? What are the semantic rules that must hold? What are the statistical norms? This process, much like writing the design of a prospective study or writing a formal specification for software, clarifies assumptions and exposes ambiguities <italic>before</italic> a single line of data processing code is written. The resulting data system is not only more robust but also better designed, because it is built on a foundation of clearly articulated expectations about the data it will handle.</p>
</sec>
</body>
<back>
<ref-list>
<ref id="ref-20">
<element-citation publication-type="journal">
<article-title>Anchoring data quality dimensions in ontological foundations</article-title>
<person-group person-group-type="author">
<name><surname>Wand</surname><given-names>Yair</given-names></name>
<name><surname>Wang</surname><given-names>Richard Y.</given-names></name>
</person-group><source>Commun. ACM</source><year iso-8601-date="1996">1996</year><pub-id pub-id-type="doi">10.1145/240455.240479</pub-id><volume>39</volume><issue>11</issue><fpage>86</fpage><lpage>95</lpage>
<issn>0001-0782</issn>
</element-citation>
</ref>
<ref id="ref-23">
<element-citation publication-type="paper-conference">
<article-title>The Data Linter: Lightweight Automated Sanity Checking for ML Data Sets</article-title>
<person-group person-group-type="author">
<name><surname>Hynes</surname><given-names>Nick</given-names></name>
<name><surname>Sculley</surname><given-names>D.</given-names></name>
<name><surname>Terry</surname><given-names>Michael</given-names></name>
</person-group><year iso-8601-date="2017">2017</year></element-citation>
</ref>
<ref id="ref-22">
<element-citation publication-type="paper-conference">
<article-title>Data quality: The other face of Big Data</article-title>
<person-group person-group-type="author">
<name><surname>Saha</surname><given-names>Barna</given-names></name>
<name><surname>Srivastava</surname><given-names>Divesh</given-names></name>
</person-group><source>2014 IEEE 30th International Conference on Data Engineering</source><year iso-8601-date="2014">2014</year><pub-id pub-id-type="doi">10.1109/ICDE.2014.6816764</pub-id><fpage>1294</fpage><lpage>1297</lpage></element-citation>
</ref>
<ref id="ref-24">
<element-citation publication-type="journal">
<article-title>Data quality information and decision making: A healthcare case study</article-title>
<person-group person-group-type="author">
<name><surname>Kerr</surname><given-names>Karolyn</given-names></name>
<name><surname>Norris</surname><given-names>Tony</given-names></name>
<name><surname>Stockdale</surname><given-names>Rosemary</given-names></name>
</person-group><source>ACIS 2007 Proceedings - 18th Australasian Conference on Information Systems</source><year iso-8601-date="2007">2007</year></element-citation>
</ref>
<ref id="ref-8">
<element-citation publication-type="journal">
<article-title>A Taxonomy of Dirty Data</article-title>
<person-group person-group-type="author">
<name><surname>Kim</surname><given-names>Won</given-names></name>
<name><surname>Choi</surname><given-names>Byoung-Ju</given-names></name>
<name><surname>Hong</surname><given-names>Eui</given-names></name>
<name><surname>Kim</surname><given-names>Soo-Kyung</given-names></name>
<name><surname>Lee</surname><given-names>Doheon</given-names></name>
</person-group><source>Data Min. Knowl. Discov.</source><year iso-8601-date="2003">2003</year><pub-id pub-id-type="doi">10.1023/A:1021564703268</pub-id><volume>7</volume><fpage>81</fpage><lpage>99</lpage></element-citation>
</ref>
<ref id="ref-5">
<element-citation publication-type="journal">
<article-title>Problems, methods, and challenges in comprehensive data cleansing</article-title>
<person-group person-group-type="author">
<name><surname>Müller</surname><given-names>Heiko</given-names></name>
<name><surname>Freytag</surname><given-names>Johann-Christoph</given-names></name>
</person-group><year iso-8601-date="2003">2003</year></element-citation>
</ref>
<ref id="ref-10">
<element-citation publication-type="journal">
<article-title>A Survey of Data Quality Tools.</article-title>
<person-group person-group-type="author">
<name><surname>Barateiro</surname><given-names>José</given-names></name>
<name><surname>Galhardas</surname><given-names>Helena</given-names></name>
</person-group><source>Datenbank-Spektrum</source><year iso-8601-date="2005">2005</year><volume>14</volume><fpage>15</fpage><lpage>21</lpage></element-citation>
</ref>
<ref id="ref-9">
<element-citation publication-type="paper-conference">
<article-title>A Taxonomy of Data Quality Challenges in Empirical Software Engineering</article-title>
<person-group person-group-type="author">
<name><surname>Bosu</surname><given-names>Michael</given-names></name>
<name><surname>MacDonell</surname><given-names>Stephen</given-names></name>
</person-group><source>Proceedings of the Australian Software Engineering Conference, ASWEC</source><year iso-8601-date="2013">2013</year><pub-id pub-id-type="doi">10.1109/ASWEC.2013.21</pub-id><fpage>97</fpage><lpage>106</lpage></element-citation>
</ref>
<ref id="ref-19">
<element-citation publication-type="journal">
<article-title>Data Quality: Some Comments on the NASA Software Defect Datasets</article-title>
<person-group person-group-type="author">
<name><surname>Shepperd</surname><given-names>Martin</given-names></name>
<name><surname>Song</surname><given-names>Qinbao</given-names></name>
<name><surname>Sun</surname><given-names>Zhongbin</given-names></name>
<name><surname>Mair</surname><given-names>Carolyn</given-names></name>
</person-group><source>IEEE Transactions on Software Engineering</source><year iso-8601-date="2013">2013</year><pub-id pub-id-type="doi">10.1109/TSE.2013.11</pub-id><volume>39</volume><issue>9</issue><fpage>1208</fpage><lpage>1215</lpage></element-citation>
</ref>
<ref id="ref-17">
<element-citation publication-type="paper-conference">
<article-title>AJAX: an extensible data cleaning tool</article-title>
<person-group person-group-type="author">
<name><surname>Galhardas</surname><given-names>Helena</given-names></name>
<name><surname>Florescu</surname><given-names>Daniela</given-names></name>
<name><surname>Shasha</surname><given-names>Dennis</given-names></name>
<name><surname>Simon</surname><given-names>Eric</given-names></name>
</person-group><source>Proceedings of the 2000 ACM SIGMOD International Conference on Management of Data</source><year iso-8601-date="2000">2000</year><pub-id pub-id-type="doi">10.1145/342009.336568</pub-id><fpage>590</fpage></element-citation>
</ref>
<ref id="ref-18">
<element-citation publication-type="paper-conference">
<article-title>The field matching problem: Algorithms and applications</article-title>
<person-group person-group-type="author">
<name><surname>Monge</surname><given-names>Alvaro E.</given-names></name>
<name><surname>Elkan</surname><given-names>Charles P.</given-names></name>
</person-group><source>Proceedings of the Second International Conference on Knowledge Discovery and Data Mining</source><year iso-8601-date="1996">1996</year><fpage>267</fpage><lpage>270</lpage></element-citation>
</ref>
<ref id="ref-2">
<element-citation publication-type="journal">
<article-title>Assessing data quality – A probability-based metric for semantic consistency</article-title>
<person-group person-group-type="author">
<name><surname>Heinrich</surname><given-names>Bernd</given-names></name>
<name><surname>Klier</surname><given-names>Mathias</given-names></name>
<name><surname>Schiller</surname><given-names>Alexander</given-names></name>
<name><surname>Wagner</surname><given-names>Gerit</given-names></name>
</person-group><source>Decision Support Systems</source><year iso-8601-date="2018">2018</year><pub-id pub-id-type="doi">https://doi.org/10.1016/j.dss.2018.03.011</pub-id><volume>110</volume><fpage>95</fpage><lpage>106</lpage>
<issn>0167-9236</issn>
</element-citation>
</ref>
<ref id="ref-14">
<element-citation publication-type="journal">
<article-title>A Review on Data Quality Dimensions for Big Data</article-title>
<person-group person-group-type="author">
<name><surname>Ridzuan</surname><given-names>Fakhitah</given-names></name>
<name><surname>Zainon</surname><given-names>Wan Mohd Nazmee Wan</given-names></name>
</person-group><source>Procedia Computer Science</source><year iso-8601-date="2024">2024</year><pub-id pub-id-type="doi">https://doi.org/10.1016/j.procs.2024.03.008</pub-id><volume>234</volume><fpage>341</fpage><lpage>348</lpage>
<issn>1877-0509</issn>
</element-citation>
</ref>
<ref id="ref-29">
<element-citation publication-type="journal">
<article-title>The impact of concept drift and data leakage on log level prediction models</article-title>
<person-group person-group-type="author">
<name><surname>Ouatiti</surname><given-names>Youssef Esseddiq</given-names></name>
<name><surname>Sayagh</surname><given-names>Mohammed</given-names></name>
<name><surname>Kerzazi</surname><given-names>Noureddine</given-names></name>
<name><surname>Adams</surname><given-names>Bram</given-names></name>
<name><surname>Hassan</surname><given-names>Ahmed E.</given-names></name>
</person-group><source>Empirical Software Engineering</source><year iso-8601-date="2024">2024</year><pub-id pub-id-type="doi">10.1007/s10664-024-10518-9</pub-id><volume>29</volume><issue>5</issue>
<issn>1573-7616</issn>
</element-citation>
</ref>
<ref id="ref-25">
<element-citation publication-type="paper-conference">
<article-title>A Formal Definition of Data Quality Problems.</article-title>
<person-group person-group-type="author">
<name><surname>Oliveira</surname><given-names>Paulo</given-names></name>
<name><surname>Rodrigues</surname><given-names>Fátima</given-names></name>
<name><surname>Rangel Henriques</surname><given-names>Pedro</given-names></name>
</person-group><source>Proceedings of the 2005 International Conference on Information Quality, ICIQ 2005</source><year iso-8601-date="2005">2005</year></element-citation>
</ref>
<ref id="ref-13">
<element-citation publication-type="document">
<article-title>Data Quality Antipatterns for Software Analytics</article-title>
<person-group person-group-type="author">
<name><surname>Bhatia</surname><given-names>Aaditya</given-names></name>
<name><surname>Lin</surname><given-names>Dayi</given-names></name>
<name><surname>Rajbahadur</surname><given-names>Gopi Krishnan</given-names></name>
<name><surname>Adams</surname><given-names>Bram</given-names></name>
<name><surname>Hassan</surname><given-names>Ahmed E.</given-names></name>
</person-group><year iso-8601-date="2024">2024</year><pub-id pub-id-type="doi">10.48550/arXiv.2408.12560</pub-id></element-citation>
</ref>
<ref id="ref-26">
<element-citation publication-type="paper-conference">
<article-title>A comparison of string distance metrics for name-matching tasks</article-title>
<person-group person-group-type="author">
<name><surname>Cohen</surname><given-names>William W.</given-names></name>
<name><surname>Ravikumar</surname><given-names>Pradeep</given-names></name>
<name><surname>Fienberg</surname><given-names>Stephen E.</given-names></name>
</person-group><source>Proceedings of the 2003 International Conference on Information Integration on the Web</source><year iso-8601-date="2003">2003</year><fpage>73</fpage><lpage>78</lpage></element-citation>
</ref>
<ref id="ref-27">
<element-citation publication-type="document">
<article-title>Banco de dados do Sistema Único de Saúde-DATASUS</article-title>
<person-group person-group-type="author">
<name><surname>Brasil, Ministério da Saúde</surname></name>
</person-group><year iso-8601-date="2024">2024</year></element-citation>
</ref>
<ref id="ref-28">
<element-citation publication-type="software">
<article-title>Great Expectations</article-title>
<person-group person-group-type="author">
<name><surname>Gong</surname><given-names>Abe</given-names></name>
<name><surname>Campbell</surname><given-names>James</given-names></name>
<name><surname>Great Expectations</surname></name>
</person-group></element-citation>
</ref>
</ref-list>
</back>
</article>
