<?xml version="1.0" encoding="UTF-8"?>
<!DOCTYPE manifest PUBLIC "-//MECA//DTD Manifest v1.0//en" "https://meca.zip/manifest-1.0.dtd">
<manifest manifest-version="1" xmlns="https://manuscriptexchange.org/schema/manifest" xmlns:xlink="http://www.w3.org/1999/xlink">
  <item item-type="article-metadata">
    <instance media-type="application/xml" xlink:href="jats.xml"/>
  </item>
  <item item-type="article-supporting-file">
    <instance media-type="image/svg+xml" xlink:href="files/Image_groups_mgr-62faff04b8472a724b77acdb9735c741.svg"/>
  </item>
  <item item-type="article-supporting-file">
    <instance media-type="image/svg+xml" xlink:href="files/Model_inheritance-2190a93930d0f466fe4550ee055f95f7.svg"/>
  </item>
  <item item-type="article-supporting-file">
    <instance media-type="image/svg+xml" xlink:href="files/acquisition_fun_mgr-a4461af269a4db1dd737f3d625d79c50.svg"/>
  </item>
  <item item-type="article-supporting-file">
    <instance media-type="image/png" xlink:href="files/finetuning_parameter-08b65d3f53481400a1bb938cf587c661.png"/>
  </item>
  <item item-type="article-supporting-file">
    <instance media-type="image/svg+xml" xlink:href="files/flowchart-308192dc926d9344906239a5a80725b6.svg"/>
  </item>
  <item item-type="article-supporting-file">
    <instance media-type="image/svg+xml" xlink:href="files/labels_groups_mgr-55f08ba7632ff9ad45b55a96ad084c87.svg"/>
  </item>
  <item item-type="manuscript">
    <instance media-type="application/pdf" xlink:href="full_text.pdf"/>
  </item>
  <item item-type="article-source">
    <instance media-type="text/yaml" xlink:href="bundle/myst.yml"/>
  </item>
  <item item-type="article-source">
    <instance media-type="text/markdown" xlink:href="bundle/main.md"/>
  </item>
  <item item-type="article-source">
    <instance media-type="image/svg+xml" xlink:href="bundle/flowchart.svg"/>
  </item>
  <item item-type="article-source">
    <instance media-type="image/svg+xml" xlink:href="bundle/Image_groups_mgr.svg"/>
  </item>
  <item item-type="article-source">
    <instance media-type="image/svg+xml" xlink:href="bundle/acquisition_fun_mgr.svg"/>
  </item>
  <item item-type="article-source">
    <instance media-type="image/svg+xml" xlink:href="bundle/Model_inheritance.svg"/>
  </item>
  <item item-type="article-source">
    <instance media-type="image/svg+xml" xlink:href="bundle/labels_groups_mgr.svg"/>
  </item>
  <item item-type="article-source">
    <instance media-type="application/x-ipynb+json" xlink:href="bundle/cellpose_finetuning_tutorial.ipynb"/>
  </item>
  <item item-type="article-source">
    <instance media-type="application/x-bibtex" xlink:href="bundle/mybib.bib"/>
  </item>
  <item item-type="article-source">
    <instance media-type="image/png" xlink:href="bundle/finetuning_parameter_values.png"/>
  </item>
  <item item-type="article-source-directory">
    <instance media-type="application/x-directory" xlink:href="bundle/"/>
  </item>
</manifest>