<?xml version="1.0" encoding="UTF-8"?>
<!DOCTYPE article PUBLIC "-//NLM//DTD JATS (Z39.96) Journal Archiving and Interchange DTD with MathML3 v1.3 20210610//EN" "http://jats.nlm.nih.gov/publishing/1.3/JATS-archivearticle1-3-mathml3.dtd">
<article xmlns:mml="http://www.w3.org/1998/Math/MathML" xmlns:xlink="http://www.w3.org/1999/xlink" xmlns:xsi="http://www.w3.org/2001/XMLSchema-instance" xmlns:ali="http://www.niso.org/schemas/ali/1.0/" dtd-version="1.3" xml:lang="en" id="main">
<front>
<article-meta>
<article-id pub-id-type="doi">10.25080/uhje9464</article-id>
<title-group>
<article-title>Performing Object Detection on Drone Orthomosaics with Meta's Segment Anything Model (SAM)</article-title>
<alt-title alt-title-type="running-head">Performing Object Detection on Drone Orthomosaics</alt-title>
</title-group>
<contrib-group>
<contrib contrib-type="author" corresp="yes">
<contrib-id contrib-id-type="orcid">https://orcid.org/0009-0001-3727-9178</contrib-id>
<name name-style="western"><surname>McCarty</surname><given-names>Nicholas</given-names></name>
<role vocab="credit" vocab-identifier="https://credit.niso.org/" vocab-term="Conceptualization" vocab-term-identifier="https://credit.niso.org/contributor-roles/conceptualization/">Conceptualization</role>
<role vocab="credit" vocab-identifier="https://credit.niso.org/" vocab-term="Methodology" vocab-term-identifier="https://credit.niso.org/contributor-roles/methodology/">Methodology</role>
<role vocab="credit" vocab-identifier="https://credit.niso.org/" vocab-term="Investigation" vocab-term-identifier="https://credit.niso.org/contributor-roles/investigation/">Investigation</role>
<xref ref-type="aff" rid="aff-1"/>
<email>nick@upskilled.consulting</email>
</contrib>
</contrib-group>
<aff id="aff-1">
<institution-wrap>
<institution>Upskilled Consulting</institution>
</institution-wrap>
</aff>
<fpage>259</fpage><lpage>268</lpage>
<permissions>
<ali:free_to_read/>
<license xlink:href="https://creativecommons.org/licenses/by/4.0/">
<ali:license_ref>https://creativecommons.org/licenses/by/4.0/</ali:license_ref>
<license-p>This is an open access article distributed under the terms of the <ext-link ext-link-type="uri" xlink:href="http://creativecommons.org/licenses/by/4.0/">Creative Commons Attribution License</ext-link>, which permits unrestricted use, distribution, and reproduction in any medium, provided the original author and source are credited.</license-p>
</license>
</permissions>
<abstract>
<p>Accurate and efficient object detection and spatial localization in remote sensing imagery is a persistent challenge. In the context of precision agriculture, the extensive data annotation required by conventional deep learning models poses additional challenges. This paper presents a fully open source workflow leveraging Meta AI’s Segment Anything Model (<abbrev alt="Segment Anything Model">SAM</abbrev>) for zero-shot segmentation, enabling scalable object detection and spatial localization in high-resolution drone orthomosaics without the need for annotated image datasets. Model training and/or fine-tuning is rendered unnecessary in our precision agriculture-focused use case. The presented end-to-end workflow takes high-resolution images and quality control (<abbrev alt="quality control">QC</abbrev>) check points as inputs, automatically generates masks corresponding to the objects of interest (empty plant pots, in our given context), and outputs their spatial locations in real-world coordinates. Detection accuracy (required in the given context to be within 3 cm) is then quantitatively evaluated using the ground truth <abbrev alt="quality control">QC</abbrev> check points and benchmarked against object detection output generated using commercially available software. Results demonstrate that the open source workflow achieves superior spatial accuracy — producing output <monospace>20% more spatially accurate</monospace>, with <monospace>400% greater IoU</monospace> — while providing a scalable way to perform spatial localization on high-resolution aerial imagery (with ground sampling distance, or <abbrev alt="ground sampling distance">GSD</abbrev>, &amp;lt; 30 cm).</p>
</abstract>
<kwd-group>
<kwd>object detection</kwd>
<kwd>spatial localization</kwd>
<kwd>drone orthomosaic</kwd>
</kwd-group>
</article-meta>
</front>
<body>
<sec id="sec-1">
<label>1</label>
<title>Acknowledgments</title>
<p>We gratefully acknowledge the contributions of the open source community — thank you to the giants on whose shoulders we stand.</p>
<p>This work was funded by FiOR Innovations and Woodburn Nursery &amp; Azaleas. We deeply appreciate their support and partnership.</p>
<p>A special thanks to Paniz Herrera, MBA, MSIST, Ryan Marinelli, PhD Fellow at the University of Oslo, and Danny Clifford for their help proofreading.</p>
</sec>
<sec id="sec-2">
<label>2</label>
<title>Introduction</title>
<p>Image segmentation is a critical task in geospatial analysis, enabling the identification and extraction of relevant features from high resolution remote sensing imagery (<xref ref-type="bibr" rid="ref-17">Wu &amp; Osco, 2023</xref>). However, extracting actionable information (i.e., object detection and spatial localization) can be constrained by the need for large, labeled datasets to train deep learning models in order to then perform inference and (hopefully) produce the desired output. This bottleneck is particularly acute in agricultural domains, where variability in conditions and object types complicates manual annotation (<xref ref-type="bibr" rid="ref-9">Osco <italic>et al.</italic>, 2023</xref>).</p>
<p>Recent advances in foundation models, such as Meta AI’s Segment Anything Model (<abbrev alt="Segment Anything Model">SAM</abbrev>), offer a promising path forward. <abbrev alt="Segment Anything Model">SAM</abbrev> is designed for promptable “zero-shot” segmentation. “Prompt engineering”, in this context, involves using points and bounding boxes to focus the model’s efforts on more efficiently generating masks corresponding to objects of interest (<xref ref-type="bibr" rid="ref-5">Mayladan <italic>et al.</italic>, 2024</xref>). Providing these prompts allows accurate masks to be generated for novel objects (ones not included in <abbrev alt="Segment Anything Model">SAM</abbrev>’s training corpus), without domain-specific training. Masks can also be generated automatically with no such prompting. <abbrev alt="Segment Anything Model">SAM</abbrev>’s automatic mask generator will effectively “detect” everything using open source model checkpoints and generate masks for each object in a provided image (<xref ref-type="bibr" rid="ref-3">Kirillov <italic>et al.</italic>, 2023</xref>).</p>
<p>While <abbrev alt="Segment Anything Model">SAM</abbrev>’s ability to generalize is impressive (<xref ref-type="bibr" rid="ref-3">Kirillov <italic>et al.</italic>, 2023</xref>; <xref ref-type="bibr" rid="ref-9">Osco <italic>et al.</italic>, 2023</xref>), its performance on remote sensing imagery and fine-grained features requires careful workflow integration and evaluation (<xref ref-type="bibr" rid="ref-17">Wu &amp; Osco, 2023</xref>). This paper describes a comprehensive, open source workflow for object detection and spatial localization in high-resolution remote sensing imagery, built around <abbrev alt="Segment Anything Model">SAM</abbrev> and widely used geospatial Python libraries (<xref ref-type="bibr" rid="ref-1">GDAL/OGR contributors, 2025</xref>; <xref ref-type="bibr" rid="ref-16">Gillies <italic>et al.</italic>, 2025</xref>; <xref ref-type="bibr" rid="ref-2">Jordahl <italic>et al.</italic>, 2020</xref>; <xref ref-type="bibr" rid="ref-15">Gillies &amp; others, 2013</xref>). The complete process is delineated, from data loading and preprocessing to mask generation, post-processing, and quantitative accuracy assessment, culminating in a rigorous comparison against the results produced using the proprietary software (see <xref ref-type="sec" rid="sec-25">code</xref>). Precision, accuracy, F1 score, mean deviation (in cm), and Intersection-over-Union (<abbrev alt="Intersection-over-Union">IoU</abbrev>) are calculated in order to quantify the relative quality of the output produced using each workflow<xref ref-type="fn" rid="fn-1">1</xref>.</p>
</sec>
<sec id="sec-3">
<label>3</label>
<title>Motivation</title>
<p>Precision agriculture relies on accurate object detection for tasks such as plant counting, health monitoring, and the automated control of heavy equipment. Traditional deep learning approaches can become hindered by the cost and effort of generating carefully annotated data, limiting scalability and accessibility. Proprietary solutions, while effective, can be expensive and opaque, impeding reproducibility and customization.</p>
<fig id="figure-1">
<label>Figure 1:</label>
<caption>
<p>The derived centroids of the objects detected in drone orthomosaics are used to automate this nursery trimmer.</p>
</caption>
<graphic mimetype="image" mime-subtype="jpg" xlink:href="files/trimmer-31b9612831c0a8acb5e64ab67526e0bf.jpg"/>
</fig>
<p><abbrev alt="Segment Anything Model">SAM</abbrev>’s zero-shot segmentation capability directly addresses the data annotation bottleneck, enabling rapid deployment in novel contexts. By developing an open source workflow around <abbrev alt="Segment Anything Model">SAM</abbrev>, an end-to-end pipeline is created which allows for the quantitative evaluation of spatial accuracy with respect to objects detected in high-resolution aerial imagery. This modular workflow can also be repurposed as an automated data annotation pipeline for downstream model training/fine-tuning, if required<xref ref-type="fn" rid="fn-2">2</xref>.</p>
</sec>
<sec id="sec-4">
<label>4</label>
<title>Approach</title>
<p>Our approach integrates <abbrev alt="Segment Anything Model">SAM</abbrev>’s segmentation strengths with traditional geospatial data processing techniques, which lends itself to our precision agriculture use case. The workflow, like any other, can be thought of as a sequence of steps (visualized above and described below), each with their own sets of substeps:</p>
<list list-type="bullet">
<list-item>
<p><bold>Data Ingestion</bold>: Loading GeoTIFF orthomosaics and <abbrev alt="quality control">QC</abbrev> point CSVs, extracting spatial bounds and coordinate reference systems (<abbrev alt="coordinate reference system">CRS</abbrev>) using Rasterio or GDAL.</p>
</list-item><list-item>
<p><bold>Preprocessing</bold>: Filtering <abbrev alt="quality control">QC</abbrev> points to those within image bounds, standardizing coordinate columns, and saving filtered data for downstream analysis.</p>
</list-item><list-item>
<p><bold>Mask Generation</bold>: Tiling large images for efficient processing, running <abbrev alt="Segment Anything Model">SAM</abbrev>’s automatic mask generator (<bold><italic>ViT-H</italic></bold> variant) on each tile, and filtering masks by confidence.</p>
</list-item><list-item>
<p><bold>Post-Processing</bold>: Converting masks to polygons, filtering by area and compactness, merging overlapping geometry, and extracting centroids.</p>
</list-item><list-item>
<p><bold>Accuracy Evaluation</bold>: Calculating point-to-centroid deviations (in centimeters) between detected objects and <abbrev alt="quality control">QC</abbrev> points, compiling results, and generating visual and tabular reports.</p>
</list-item><list-item>
<p><bold>Benchmarking</bold>: Quantitatively comparing <abbrev alt="Segment Anything Model">SAM</abbrev>-based results against the evaluated output using identical evaluation metrics (precision, recall, <abbrev alt="Intersection-over-Union">IoU</abbrev>, etc.; see <xref ref-type="sec" rid="sec-27">Appendix</xref> for details).</p>
</list-item>
</list>
<p>It should be noted that there are no model training or fine-tuning steps included in our workflow, as we are using a foundation model to generate masks. This is analogous to using ChatGPT to generate text, which does not require users to train or fine-tune the underlying foundation model in order to do so.</p>
<p>This approach is carried out entirely using open source Python libraries, ensuring transparency and extensibility.</p>
</sec>
<sec id="sec-5">
<label>5</label>
<title>Methodology</title>
<sec id="sec-6">
<label>5.1</label>
<title>Data and Environment</title>
<list list-type="bullet">
<list-item>
<p><bold>Imagery</bold>: High-resolution GeoTIFF orthomosaic.</p>
<list list-type="bullet">
<list-item>
<p><bold>Image size</bold>: 18,200 x 55,708; 1,013,885,600 pixels</p>
</list-item><list-item>
<p><bold>Total area</bold>: 545,243 sq ft; 12.5 acres</p>
</list-item><list-item>
<p><bold><abbrev alt="ground sampling distance">GSD</abbrev></bold>: 0.71 cm</p>
</list-item>
</list>
</list-item><list-item>
<p><bold>Ground Truth</bold>: <abbrev alt="quality control">QC</abbrev> points in CSV format, containing spatial coordinates and unique identifiers.</p>
</list-item><list-item>
<p><bold>Coordinate Reference System (<abbrev alt="coordinate reference system">CRS</abbrev>) Transformations</bold>: All spatial operations are performed using the NAD83 <abbrev alt="coordinate reference system">CRS</abbrev> (EPSG:6859), with reprojection to the WGS84 <abbrev alt="coordinate reference system">CRS</abbrev> (EPSG:4326) for downstream reporting and nursery trimmer automation.</p>
</list-item><list-item>
<p><bold>Dependencies</bold><xref ref-type="fn" rid="fn-3">3</xref>:</p>
<list list-type="bullet">
<list-item>
<p>GDAL (<xref ref-type="bibr" rid="ref-1">GDAL/OGR contributors, 2025</xref>)</p>
</list-item><list-item>
<p>GeoPandas (<xref ref-type="bibr" rid="ref-2">Jordahl <italic>et al.</italic>, 2020</xref>)</p>
</list-item><list-item>
<p>Matplotlib (<xref ref-type="bibr" rid="ref-4">Hunter, 2007</xref>)</p>
</list-item><list-item>
<p>NumPy (<xref ref-type="bibr" rid="ref-6">Harris <italic>et al.</italic>, 2020</xref>)</p>
</list-item><list-item>
<p>OpenCV (<xref ref-type="bibr" rid="ref-7">Bradski, 2000</xref>)</p>
</list-item><list-item>
<p>OpenPyXL (<xref ref-type="bibr" rid="ref-8">Gazoni &amp; Clark, 2024</xref>)</p>
</list-item><list-item>
<p>Pandas (<xref ref-type="bibr" rid="ref-11">The Pandas Development Team, 2020</xref>; <xref ref-type="bibr" rid="ref-10">McKinney, 2010</xref>)</p>
</list-item><list-item>
<p>Pillow (<xref ref-type="bibr" rid="ref-12">Clark, 2015</xref>)</p>
</list-item><list-item>
<p>Rasterio (<xref ref-type="bibr" rid="ref-15">Gillies &amp; others, 2013</xref>)</p>
</list-item><list-item>
<p>Segment Anything<xref ref-type="fn" rid="fn-4">4</xref> (<xref ref-type="bibr" rid="ref-3">Kirillov <italic>et al.</italic>, 2023</xref>)</p>
</list-item><list-item>
<p>Shapely (<xref ref-type="bibr" rid="ref-16">Gillies <italic>et al.</italic>, 2025</xref>)</p>
</list-item><list-item>
<p>Torch (<xref ref-type="bibr" rid="ref-13">Paszke <italic>et al.</italic>, 2019</xref>)</p>
</list-item>
</list>
</list-item>
</list>
</sec>
<sec id="sec-7">
<label>5.2</label>
<title>Workflow</title>
<list list-type="order">
<list-item>
<p><xref ref-type="sec" rid="sec-8">Data Ingestion</xref></p>
</list-item><list-item>
<p><xref ref-type="sec" rid="sec-9">Mask Generation</xref></p>
</list-item><list-item>
<p><xref ref-type="sec" rid="sec-10">Post Processing</xref></p>
</list-item><list-item>
<p><xref ref-type="sec" rid="sec-11">Accuracy Evaluation</xref></p>
</list-item><list-item>
<p><xref ref-type="sec" rid="sec-12">Benchmarking</xref></p>
</list-item>
</list>
<sec id="sec-8">
<label>5.2.1</label>
<title>Data Ingestion and Preprocessing</title>
<disp-formula id="eq-1">
<alternatives><mml:math display="block"><mml:mtable rowspacing="0.16em" columnalign="left left" columnspacing="1em"><mml:mtr><mml:mtd><mml:mstyle scriptlevel="0" displaystyle="false"><mml:mrow><mml:mi mathvariant="bold">a</mml:mi><mml:mi mathvariant="bold">.</mml:mi></mml:mrow></mml:mstyle></mml:mtd><mml:mtd><mml:mstyle scriptlevel="0" displaystyle="false"><mml:mtext>Load GeoTIFF file(s)</mml:mtext></mml:mstyle></mml:mtd></mml:mtr><mml:mtr><mml:mtd><mml:mstyle scriptlevel="0" displaystyle="false"><mml:mspace width="1em"/></mml:mstyle></mml:mtd><mml:mtd><mml:mstyle scriptlevel="0" displaystyle="false"><mml:mrow><mml:mtext>Extract image bounds: </mml:mtext><mml:mo stretchy="false">(</mml:mo><mml:msub><mml:mtext>min</mml:mtext><mml:mi>x</mml:mi></mml:msub><mml:mo separator="true">,</mml:mo><mml:msub><mml:mtext>min</mml:mtext><mml:mi>y</mml:mi></mml:msub><mml:mo separator="true">,</mml:mo><mml:msub><mml:mtext>max</mml:mtext><mml:mi>x</mml:mi></mml:msub><mml:mo separator="true">,</mml:mo><mml:msub><mml:mtext>max</mml:mtext><mml:mi>y</mml:mi></mml:msub><mml:mo stretchy="false">)</mml:mo></mml:mrow></mml:mstyle></mml:mtd></mml:mtr><mml:mtr><mml:mtd><mml:mstyle scriptlevel="0" displaystyle="false"><mml:mspace width="1em"/></mml:mstyle></mml:mtd><mml:mtd><mml:mstyle scriptlevel="0" displaystyle="false"><mml:mtext>Extract coordinate reference system (CRS)</mml:mtext></mml:mstyle></mml:mtd></mml:mtr><mml:mtr><mml:mtd><mml:mstyle scriptlevel="0" displaystyle="false"><mml:mrow/></mml:mstyle></mml:mtd></mml:mtr><mml:mtr><mml:mtd><mml:mstyle scriptlevel="0" displaystyle="false"><mml:mrow><mml:mi mathvariant="bold">b</mml:mi><mml:mi mathvariant="bold">.</mml:mi></mml:mrow></mml:mstyle></mml:mtd><mml:mtd><mml:mstyle scriptlevel="0" displaystyle="false"><mml:mtext>Load QC point CSV</mml:mtext></mml:mstyle></mml:mtd></mml:mtr><mml:mtr><mml:mtd><mml:mstyle scriptlevel="0" displaystyle="false"><mml:mspace width="1em"/></mml:mstyle></mml:mtd><mml:mtd><mml:mstyle scriptlevel="0" displaystyle="false"><mml:mtext>Clean and standardize column names</mml:mtext></mml:mstyle></mml:mtd></mml:mtr><mml:mtr><mml:mtd><mml:mstyle scriptlevel="0" displaystyle="false"><mml:mspace width="1em"/></mml:mstyle></mml:mtd><mml:mtd><mml:mstyle scriptlevel="0" displaystyle="false"><mml:mtext>Assign unique IDs to each QC point</mml:mtext></mml:mstyle></mml:mtd></mml:mtr><mml:mtr><mml:mtd><mml:mstyle scriptlevel="0" displaystyle="false"><mml:mspace width="1em"/></mml:mstyle></mml:mtd><mml:mtd><mml:mstyle scriptlevel="0" displaystyle="false"><mml:mtext>Reproject QC points to match image CRS (if needed)</mml:mtext></mml:mstyle></mml:mtd></mml:mtr><mml:mtr><mml:mtd><mml:mstyle scriptlevel="0" displaystyle="false"><mml:mrow/></mml:mstyle></mml:mtd></mml:mtr><mml:mtr><mml:mtd><mml:mstyle scriptlevel="0" displaystyle="false"><mml:mrow><mml:mi mathvariant="bold">c</mml:mi><mml:mi mathvariant="bold">.</mml:mi></mml:mrow></mml:mstyle></mml:mtd><mml:mtd><mml:mstyle scriptlevel="0" displaystyle="false"><mml:mtext>For each QC point:</mml:mtext></mml:mstyle></mml:mtd></mml:mtr><mml:mtr><mml:mtd><mml:mstyle scriptlevel="0" displaystyle="false"><mml:mspace width="1em"/></mml:mstyle></mml:mtd><mml:mtd><mml:mstyle scriptlevel="0" displaystyle="false"><mml:mrow><mml:mrow><mml:mi mathvariant="bold">i</mml:mi><mml:mi mathvariant="bold">f</mml:mi></mml:mrow><mml:mtext>point within image bounds </mml:mtext><mml:mrow><mml:mi mathvariant="bold">t</mml:mi><mml:mi mathvariant="bold">h</mml:mi><mml:mi mathvariant="bold">e</mml:mi><mml:mi mathvariant="bold">n</mml:mi></mml:mrow></mml:mrow></mml:mstyle></mml:mtd></mml:mtr><mml:mtr><mml:mtd><mml:mstyle scriptlevel="0" displaystyle="false"><mml:mrow><mml:mspace width="1em"/><mml:mspace width="1em"/></mml:mrow></mml:mstyle></mml:mtd><mml:mtd><mml:mstyle scriptlevel="0" displaystyle="false"><mml:mtext>Keep point</mml:mtext></mml:mstyle></mml:mtd></mml:mtr><mml:mtr><mml:mtd><mml:mstyle scriptlevel="0" displaystyle="false"><mml:mspace width="1em"/></mml:mstyle></mml:mtd><mml:mtd><mml:mstyle scriptlevel="0" displaystyle="false"><mml:mrow><mml:mi mathvariant="bold">e</mml:mi><mml:mi mathvariant="bold">l</mml:mi><mml:mi mathvariant="bold">s</mml:mi><mml:mi mathvariant="bold">e</mml:mi></mml:mrow></mml:mstyle></mml:mtd></mml:mtr><mml:mtr><mml:mtd><mml:mstyle scriptlevel="0" displaystyle="false"><mml:mrow><mml:mspace width="1em"/><mml:mspace width="1em"/></mml:mrow></mml:mstyle></mml:mtd><mml:mtd><mml:mstyle scriptlevel="0" displaystyle="false"><mml:mtext>Discard point</mml:mtext></mml:mstyle></mml:mtd></mml:mtr><mml:mtr><mml:mtd><mml:mstyle scriptlevel="0" displaystyle="false"><mml:mrow/></mml:mstyle></mml:mtd></mml:mtr><mml:mtr><mml:mtd><mml:mstyle scriptlevel="0" displaystyle="false"><mml:mrow><mml:mi mathvariant="bold">d</mml:mi><mml:mi mathvariant="bold">.</mml:mi></mml:mrow></mml:mstyle></mml:mtd><mml:mtd><mml:mstyle scriptlevel="0" displaystyle="false"><mml:mtext>Save filtered QC points to output CSV</mml:mtext></mml:mstyle></mml:mtd></mml:mtr></mml:mtable></mml:math><tex-math><![CDATA[\begin{array}{ll} \bf{a.} & \text{Load GeoTIFF file(s)} \\ \quad & \text{Extract image bounds: } (\text{min}_x, \text{min}_y, \text{max}_x, \text{max}_y) \\ \quad & \text{Extract coordinate reference system (CRS)} \\ \\ \bf{b.} & \text{Load QC point CSV} \\ \quad & \text{Clean and standardize column names} \\ \quad & \text{Assign unique IDs to each QC point} \\ \quad & \text{Reproject QC points to match image CRS (if needed)} \\ \\ \bf{c.} & \text{For each QC point:} \\ \quad & \bf{if} \text{point within image bounds } \bf{ then} \\ \quad\quad & \text{Keep point} \\ \quad & \bf{else} \\ \quad\quad & \text{Discard point} \\ \\ \bf{d.} & \text{Save filtered QC points to output CSV} \end{array}]]></tex-math></alternatives>
<label>(1)</label>
</disp-formula>
</sec>
<sec id="sec-9">
<label>5.2.2</label>
<title>Mask Generation</title>
<disp-formula id="eq-2">
<alternatives><mml:math display="block"><mml:mtable rowspacing="0.16em" columnalign="left left" columnspacing="1em"><mml:mtr><mml:mtd><mml:mstyle scriptlevel="0" displaystyle="false"><mml:mrow><mml:mi mathvariant="bold">a</mml:mi><mml:mi mathvariant="bold">.</mml:mi></mml:mrow></mml:mstyle></mml:mtd><mml:mtd><mml:mstyle scriptlevel="0" displaystyle="false"><mml:mtext>Initialize SAM (ViT-H checkpoint)</mml:mtext></mml:mstyle></mml:mtd></mml:mtr><mml:mtr><mml:mtd><mml:mstyle scriptlevel="0" displaystyle="false"><mml:mspace width="1em"/></mml:mstyle></mml:mtd><mml:mtd><mml:mstyle scriptlevel="0" displaystyle="false"><mml:mtext>Use GPU if available</mml:mtext></mml:mstyle></mml:mtd></mml:mtr><mml:mtr><mml:mtd><mml:mstyle scriptlevel="0" displaystyle="false"><mml:mrow/></mml:mstyle></mml:mtd></mml:mtr><mml:mtr><mml:mtd><mml:mstyle scriptlevel="0" displaystyle="false"><mml:mrow><mml:mi mathvariant="bold">b</mml:mi><mml:mi mathvariant="bold">.</mml:mi></mml:mrow></mml:mstyle></mml:mtd><mml:mtd><mml:mstyle scriptlevel="0" displaystyle="false"><mml:mtext>Tile ("chip") input images</mml:mtext></mml:mstyle></mml:mtd></mml:mtr><mml:mtr><mml:mtd><mml:mstyle scriptlevel="0" displaystyle="false"><mml:mspace width="1em"/></mml:mstyle></mml:mtd><mml:mtd><mml:mstyle scriptlevel="0" displaystyle="false"><mml:mtext>Iteratively generate masks using SAM</mml:mtext></mml:mstyle></mml:mtd></mml:mtr><mml:mtr><mml:mtd><mml:mstyle scriptlevel="0" displaystyle="false"><mml:mrow/></mml:mstyle></mml:mtd></mml:mtr><mml:mtr><mml:mtd><mml:mstyle scriptlevel="0" displaystyle="false"><mml:mrow><mml:mi mathvariant="bold">c</mml:mi><mml:mi mathvariant="bold">.</mml:mi></mml:mrow></mml:mstyle></mml:mtd><mml:mtd><mml:mstyle scriptlevel="0" displaystyle="false"><mml:mrow><mml:mtext>Filter masks with confidence </mml:mtext><mml:mo>≥</mml:mo><mml:mn>80</mml:mn><mml:mi mathvariant="normal">%</mml:mi></mml:mrow></mml:mstyle></mml:mtd></mml:mtr><mml:mtr><mml:mtd><mml:mstyle scriptlevel="0" displaystyle="false"><mml:mrow/></mml:mstyle></mml:mtd></mml:mtr><mml:mtr><mml:mtd><mml:mstyle scriptlevel="0" displaystyle="false"><mml:mrow><mml:mi mathvariant="bold">d</mml:mi><mml:mi mathvariant="bold">.</mml:mi></mml:mrow></mml:mstyle></mml:mtd><mml:mtd><mml:mstyle scriptlevel="0" displaystyle="false"><mml:mtext>Convert masks to polygons</mml:mtext></mml:mstyle></mml:mtd></mml:mtr><mml:mtr><mml:mtd><mml:mstyle scriptlevel="0" displaystyle="false"><mml:mspace width="1em"/></mml:mstyle></mml:mtd><mml:mtd><mml:mstyle scriptlevel="0" displaystyle="false"><mml:mtext>Aggregate results and export as GeoJSON</mml:mtext></mml:mstyle></mml:mtd></mml:mtr></mml:mtable></mml:math><tex-math><![CDATA[\begin{array}{ll} \bf{a.} & \text{Initialize SAM (ViT-H checkpoint)} \\ \quad & \text{Use GPU if available} \\ \\ \bf{b.} & \text{Tile ("chip") input images} \\ \quad & \text{Iteratively generate masks using SAM} \\ \\ \bf{c.} & \text{Filter masks with confidence } \geq 80\ \\ \bf{d.} & \text{Convert masks to polygons} \\ \quad & \text{Aggregate results and export as GeoJSON} \end{array}]]></tex-math></alternatives>
<label>(2)</label>
</disp-formula>
</sec>
<sec id="sec-10">
<label>5.2.3</label>
<title>Post-Processing</title>
<disp-formula id="eq-3">
<alternatives><mml:math display="block"><mml:mtable rowspacing="0.16em" columnalign="left left" columnspacing="1em"><mml:mtr><mml:mtd><mml:mstyle scriptlevel="0" displaystyle="false"><mml:mrow><mml:mi mathvariant="bold">a</mml:mi><mml:mi mathvariant="bold">.</mml:mi></mml:mrow></mml:mstyle></mml:mtd><mml:mtd><mml:mstyle scriptlevel="0" displaystyle="false"><mml:mtext>Filter polygons (e.g., based on area threshold)</mml:mtext></mml:mstyle></mml:mtd></mml:mtr><mml:mtr><mml:mtd><mml:mstyle scriptlevel="0" displaystyle="false"><mml:mrow/></mml:mstyle></mml:mtd></mml:mtr><mml:mtr><mml:mtd><mml:mstyle scriptlevel="0" displaystyle="false"><mml:mrow><mml:mi mathvariant="bold">b</mml:mi><mml:mi mathvariant="bold">.</mml:mi></mml:mrow></mml:mstyle></mml:mtd><mml:mtd><mml:mstyle scriptlevel="0" displaystyle="false"><mml:mtext>Merge overlapping polygons</mml:mtext></mml:mstyle></mml:mtd></mml:mtr><mml:mtr><mml:mtd><mml:mstyle scriptlevel="0" displaystyle="false"><mml:mspace width="1em"/></mml:mstyle></mml:mtd><mml:mtd><mml:mstyle scriptlevel="0" displaystyle="false"><mml:mtext>Extract individual (non-overlapping) polygons</mml:mtext></mml:mstyle></mml:mtd></mml:mtr><mml:mtr><mml:mtd><mml:mstyle scriptlevel="0" displaystyle="false"><mml:mrow/></mml:mstyle></mml:mtd></mml:mtr><mml:mtr><mml:mtd><mml:mstyle scriptlevel="0" displaystyle="false"><mml:mrow><mml:mi mathvariant="bold">c</mml:mi><mml:mi mathvariant="bold">.</mml:mi></mml:mrow></mml:mstyle></mml:mtd><mml:mtd><mml:mstyle scriptlevel="0" displaystyle="false"><mml:mtext>Extract centroids from polygons</mml:mtext></mml:mstyle></mml:mtd></mml:mtr></mml:mtable></mml:math><tex-math><![CDATA[\begin{array}{ll} \bf{a.} & \text{Filter polygons (e.g., based on area threshold)} \\ \\ \bf{b.} & \text{Merge overlapping polygons} \\ \quad & \text{Extract individual (non-overlapping) polygons} \\ \\ \bf{c.} & \text{Extract centroids from polygons} \\ \end{array}]]></tex-math></alternatives>
<label>(3)</label>
</disp-formula>
</sec>
<sec id="sec-11">
<label>5.2.4</label>
<title>Accuracy Evaluation</title>
<disp-formula id="eq-4">
<alternatives><mml:math display="block"><mml:mtable rowspacing="0.16em" columnalign="left left" columnspacing="1em"><mml:mtr><mml:mtd><mml:mstyle scriptlevel="0" displaystyle="false"><mml:mrow><mml:mi mathvariant="bold">a</mml:mi><mml:mi mathvariant="bold">.</mml:mi></mml:mrow></mml:mstyle></mml:mtd><mml:mtd><mml:mstyle scriptlevel="0" displaystyle="false"><mml:mtext>Load merged geometry and filtered QC points</mml:mtext></mml:mstyle></mml:mtd></mml:mtr><mml:mtr><mml:mtd><mml:mstyle scriptlevel="0" displaystyle="false"><mml:mrow/></mml:mstyle></mml:mtd></mml:mtr><mml:mtr><mml:mtd><mml:mstyle scriptlevel="0" displaystyle="false"><mml:mrow><mml:mi mathvariant="bold">b</mml:mi><mml:mi mathvariant="bold">.</mml:mi></mml:mrow></mml:mstyle></mml:mtd><mml:mtd><mml:mstyle scriptlevel="0" displaystyle="false"><mml:mtext>Iteratively compute geometric deviation from QC points</mml:mtext></mml:mstyle></mml:mtd></mml:mtr><mml:mtr><mml:mtd><mml:mstyle scriptlevel="0" displaystyle="false"><mml:mspace width="1em"/></mml:mstyle></mml:mtd><mml:mtd><mml:mstyle scriptlevel="0" displaystyle="false"><mml:mtext>Output deviations in centimeters</mml:mtext></mml:mstyle></mml:mtd></mml:mtr></mml:mtable></mml:math><tex-math><![CDATA[\begin{array}{ll} \bf{a.} & \text{Load merged geometry and filtered QC points} \\ \\ \bf{b.} & \text{Iteratively compute geometric deviation from QC points} \\ \quad & \text{Output deviations in centimeters} \end{array}]]></tex-math></alternatives>
<label>(4)</label>
</disp-formula>
<p>See <xref ref-type="sec" rid="sec-27">Appendix</xref> for accuracy evaluation methodology details.</p>
</sec>
<sec id="sec-12">
<label>5.2.5</label>
<title>Benchmarking</title>
<disp-formula id="eq-5">
<alternatives><mml:math display="block"><mml:mtable rowspacing="0.16em" columnalign="left left" columnspacing="1em"><mml:mtr><mml:mtd><mml:mstyle scriptlevel="0" displaystyle="false"><mml:mrow><mml:mi mathvariant="bold">a</mml:mi><mml:mi mathvariant="bold">.</mml:mi></mml:mrow></mml:mstyle></mml:mtd><mml:mtd><mml:mstyle scriptlevel="0" displaystyle="false"><mml:mtext>Apply accuracy evaluation steps to proprietary software output</mml:mtext></mml:mstyle></mml:mtd></mml:mtr><mml:mtr><mml:mtd><mml:mstyle scriptlevel="0" displaystyle="false"><mml:mrow/></mml:mstyle></mml:mtd></mml:mtr><mml:mtr><mml:mtd><mml:mstyle scriptlevel="0" displaystyle="false"><mml:mrow><mml:mi mathvariant="bold">b</mml:mi><mml:mi mathvariant="bold">.</mml:mi></mml:mrow></mml:mstyle></mml:mtd><mml:mtd><mml:mstyle scriptlevel="0" displaystyle="false"><mml:mtext>Compare workflows using IoU, precision, recall, and F1 scores</mml:mtext></mml:mstyle></mml:mtd></mml:mtr></mml:mtable></mml:math><tex-math><![CDATA[\begin{array}{ll} \bf{a.} & \text{Apply accuracy evaluation steps to proprietary software output} \\ \\ \bf{b.} & \text{Compare workflows using IoU, precision, recall, and F1 scores} \end{array}]]></tex-math></alternatives>
<label>(5)</label>
</disp-formula>
<p>See <xref ref-type="sec" rid="sec-25">code</xref> for benchmarking methodology details.</p>
</sec>
</sec>
</sec>
<sec id="sec-13">
<label>6</label>
<title>Results</title>
<sec id="sec-14">
<label>6.1</label>
<title>Proprietary Workflow</title>
<fig id="figure-2">
<label>Figure 2:</label>
<caption>
<p>19 false positives (<abbrev alt="false positives">FP</abbrev>) and hundreds of sliver polygons were observed in the output produced using the proprietary software.</p>
</caption>
<graphic mimetype="image" mime-subtype="png" xlink:href="files/proprietary-workflow-6e63c84c49aee81af17d4592ec553dcb.png"/>
</fig>
<p>The bounding boxes that were output using this workflow (against which we are benchmarking ours) can be viewed as a layer overlain onto the GeoTIFF orthomosaic using GIS software<xref ref-type="fn" rid="fn-5">5</xref>. What was of particular use to us is the fact that zero false negatives (<abbrev alt="false negatives">FN</abbrev>) were observed in the output, though 19 false positives (<abbrev alt="false positives">FP</abbrev>) were. This empirical knowledge equips us with something not usually possessed in use cases such as this: the number of true positives (<abbrev alt="true positives">TP</abbrev>), which allows us to leverage such metrics as precision, recall, and the harmonic mean of the two, F1 score, to perform a rigorous comparison against our open source workflow (see <ext-link ext-link-type="uri" xlink:href="https://colab.research.google.com/drive/1pwnb14s2i7n_VAlfwhBqzDQ0cOb9oGs-?usp=sharing#sandboxMode=true&amp;scrollTo=VNWvzNKU-ePt">code</ext-link>).</p>
</sec>
<sec id="sec-15">
<label>6.2</label>
<title>Open Source Workflow</title>
<fig id="figure-3">
<label>Figure 3:</label>
<caption>
<p>18 <abbrev alt="false positives">FP</abbrev> were observed in the output produced using the open source workflow.</p>
</caption>
<graphic mimetype="image" mime-subtype="png" xlink:href="files/open-source-false-po-a99c091478b6e8274caa91f06ae2c42b.png"/>
</fig>
<p>Merging the overlapping geometry and filtering out the empirically observed <abbrev alt="false positives">FP</abbrev> allowed for us to ascertain exactly how many <abbrev alt="true positives">TP</abbrev> (18,736) there are in the benchmark output and derive how many <abbrev alt="false positives">FP</abbrev> (18) and <abbrev alt="false negatives">FN</abbrev> (65) there are in our workflow output, which enabled us to conduct our performance comparison.</p>
<table-wrap id="table-1">
<label>Table 1:</label>
<caption>
<p>Performance Comparison</p>
</caption>
<table>
<thead>
<tr><th align="center" rowspan="2">Workflow</th><th align="center" colspan="3">Detection Quality Metrics</th><th align="center" colspan="2">Localization Accuracy Metrics</th></tr>
<tr><th align="center">Precision</th><th align="center">Recall</th><th align="center">F1 Score</th><th align="center">Mean Deviation (cm)</th><th align="center"><abbrev alt="Intersection-over-Union">IoU</abbrev></th></tr>
</thead>
<tbody>
<tr><td align="center"><bold><italic>Proprietary</italic></bold></td><td align="center">0.9990</td><td align="center">1.0000</td><td align="center">0.9995</td><td align="center">1.39</td><td align="center">0.18</td></tr>
<tr><td align="center"><bold><italic>Open Source</italic></bold></td><td align="center">0.9990</td><td align="center">0.9956</td><td align="center">0.9973</td><td align="center">1.20</td><td align="center">0.74</td></tr>
</tbody>
</table>
</table-wrap>
<p>It can be observed that empty plant pots tend to be ~64 pixels (px) wide and tall; with <abbrev alt="quality control">QC</abbrev> points corresponding to actual pot centroids, we were able to create 64-by-64px boxes to facilitate our <abbrev alt="Intersection-over-Union">IoU</abbrev> calculations (see <ext-link ext-link-type="uri" xlink:href="https://colab.research.google.com/drive/1NqDTYw0V9yRnZtoT6Pc7ZJ3ATe7CTue8?usp=sharing#sandboxMode=true">code</ext-link>). These calculations further allow us to assess the relative alignment between the detection output geometry and our “ground truth” geometry.</p>
<p>This work makes it easy to identify down to the individual <abbrev alt="quality control">QC</abbrev> point ID level which detection centroids deviate from said point by more than 3 cm, which is the tolerance specified by our client. In aggregate, we were able to gain a quantified sense of the mean deviation (in cm) of the output produced by each workflow. However, visual inspection revealed that some detection geometry was flagged as having out-of-tolerance centroids when the <abbrev alt="quality control">QC</abbrev> points were themselves off-center. This is to say that some detections from both workflows were flagged as being out-of-tolerance when they observably were not.</p>
<fig id="figure-4">
<label>Figure 4:</label>
<caption>
<p>Visual inspection of the detected centroids relative to <abbrev alt="quality control">QC</abbrev> point 91 reveal that the <abbrev alt="quality control">QC</abbrev> point is off-center.</p>
</caption>
<graphic mimetype="image" mime-subtype="png" xlink:href="files/qc-point-91-collage-2398e74133fd1284fea9a53c3e494782.png"/>
</fig>
<p>Visual inspection also reveals that our detections (the pink circle) and those produced using the commercial software (the beige square) have greater overall coverage with respect to the <abbrev alt="quality control">QC</abbrev> geometry (the grey square). This provides intuition as to why the <abbrev alt="Intersection-over-Union">IoU</abbrev> calculations revealed a 400% increase in coverage with respect to the geometry produced using <abbrev alt="Segment Anything Model">SAM</abbrev>’s automatic mask generator, zero-shot.</p>
</sec>
</sec>
<sec id="sec-16">
<label>7</label>
<title>Discussion</title>
<sec id="sec-17">
<label>7.1</label>
<title>Key Findings</title>
<p>The open-source workflow powered by Meta AI’s Segment Anything Model (<abbrev alt="Segment Anything Model">SAM</abbrev>) outperformed a commercial alternative in object detection and spatial localization on high-resolution drone imagery. It achieved <monospace>20% higher spatial accuracy</monospace> (1.20 cm vs. 1.39 cm deviation) and a <monospace>400% higher Intersection-over-Union (IoU)</monospace> (0.74 vs. 0.18), indicating stronger alignment between the detections and the actual object boundaries. Both methods had near-perfect precision, but the open-source approach showed slightly lower recall due to 65 false negatives. It should be noted, however, that these <abbrev alt="false negatives">FN</abbrev> were a direct result of the filtering substep in our workflow, which excludes detections outside of the provided geometry area and compactness thresholds; see <ext-link ext-link-type="uri" xlink:href="https://colab.research.google.com/drive/1pwnb14s2i7n_VAlfwhBqzDQ0cOb9oGs-?usp=sharing#sandboxMode=true&amp;scrollTo=240nXaT5-EqM">code</ext-link>.</p>
<p>Nevertheless, its overall performance supports its suitability for precision agriculture and downstream automation.</p>
</sec>
<sec id="sec-18">
<label>7.2</label>
<title>Precision Agriculture Challenges</title>
<p>Our work began with an eye toward tackling a major challenge in agricultural remote sensing: the need for extensive manual annotation. <abbrev alt="Segment Anything Model">SAM</abbrev>’s zero-shot segmentation enables accurate object detection without domain-specific training, making it scalable and adaptable for new use cases with minimal setup.</p>
</sec>
<sec id="sec-19">
<label>7.3</label>
<title>Benefits of Open Source</title>
<p>Built entirely on open source geospatial tools, our open source workflow offers transparency, reproducibility, and flexibility. It can be tailored to suit various tasks, even automating annotation for model training, thereby supporting broader adoption with respect to high-resolution remote sensing imagery, in general.</p>
</sec>
<sec id="sec-20">
<label>7.4</label>
<title>Practical Impact</title>
<p>Meeting professional-grade tolerance requirements (e.g., &amp;lt; 3 cm) enables real-world applications, such as automating heavy equipment, based on precise object localization. This demonstrates how automated workflows can reduce manual labor and support more efficient agricultural practices.</p>
</sec>
<sec id="sec-21">
<label>7.5</label>
<title>Limitations and Future Work</title>
<p>Our approach to tiling (“chipping”) high-resolution orthomosaics, processing 588 individual 1280-by-1280px tiles at an average pace of 11 seconds per tile, required a total processing time of ~110 minutes running on a Colab single <monospace>T4</monospace> GPU instance. It is important to note that an overlap of 25% (320px) between tiles during processing was required to ensure that geometry was not produced containing “holes” or malformations; merging overlapping polygons after filtering (based on area and compactness calculations, in this case) helped us ensure the overall quality of the geometric output.</p>
<p>Future work will be centered on building an open source CLI and Python package<xref ref-type="fn" rid="fn-6">6</xref>, which will allow users to pass orthomosaics as inputs and get geometry meeting desired spatial charactersitics as an output.</p>
</sec>
</sec>
<sec id="sec-22">
<label>8</label>
<title>Conclusion</title>
<p>We present a robust, open source workflow for object detection and spatial localization in high-resolution drone orthomosaics, leveraging <abbrev alt="Segment Anything Model">SAM</abbrev>’s zero-shot segmentation capabilities. Our quantitative evaluation demonstrates improved accuracy over a commercially available software solution, underscoring the potential of foundation models and open source tools to advance scalable, cost-effective feature extraction. This work provides a template for further research and deployment in diverse contexts.</p>
<p>To our knowledge, this is the first comparative evaluation of an open source segmentation model against commercial software in a context requiring high (&amp;lt; 3 cm) spatial accuracy. Our results demonstrate that the workflow not only matches but in some cases exceeds performance metrics with respect to the evaluated output.</p>
</sec>
<sec id="sec-23">
<label>9</label>
<title>Conflicts of Interest</title>
<p>The author declares no conflicts of interest.</p>
</sec>
<sec id="sec-24">
<label>10</label>
<title>AI Usage Disclosure</title>
<p>AI tools (ChatGPT, Perplexity, and NotebookLM) were used:</p>
<list list-type="bullet">
<list-item>
<p>in writing portions of the workflow integration code,</p>
</list-item><list-item>
<p>to generate Matplotlib subplots, process flow diagrams, pseudocode, L A T E X, etc.</p>
</list-item><list-item>
<p>for proofreading and light revision to reduce potential publication errors.</p>
</list-item>
</list>
</sec>
<sec id="sec-25">
<label>11</label>
<title>Code</title>
<p>Data and code required to replicate our approach can be found using the links below:</p>
<p><ext-link ext-link-type="uri" xlink:href="https://github.com/nickmccarty/scipy-2025">
<graphic mimetype="image" mime-subtype="svg" xlink:href="files/ec1d732ee9507693b3cf59f83e0e3fe8.svg"/></ext-link>
<ext-link ext-link-type="uri" xlink:href="https://colab.research.google.com/drive/1pwnb14s2i7n_VAlfwhBqzDQ0cOb9oGs-?usp=sharing#sandboxMode=true">
<graphic mimetype="image" mime-subtype="svg" xlink:href="files/7e2db436150c38a00650f96925aa5581.svg"/></ext-link></p>
</sec>
<sec id="sec-26">
<label>12</label>
<title>Appendix</title>
<sec id="sec-27">
<label>12.1</label>
<title>Accuracy Evaluation Methodology</title>
<p>The evaluation focuses on two primary categories of metrics: <italic><bold>localization accuracy</bold></italic> and <italic><bold>detection quality</bold></italic>; the employed methodology relies on the following data:</p>
<list list-type="bullet">
<list-item>
<p><bold>Ground Truth Quality Control (<abbrev alt="quality control">QC</abbrev>) Points</bold> (<inline-formula><alternatives><mml:math display="inline"><mml:msub><mml:mi>P</mml:mi><mml:mrow><mml:mi>Q</mml:mi><mml:mi>C</mml:mi></mml:mrow></mml:msub></mml:math><tex-math><![CDATA[P_{QC}]]></tex-math></alternatives></inline-formula>), defined as a set of <inline-formula><alternatives><mml:math display="inline"><mml:msub><mml:mi>N</mml:mi><mml:mrow><mml:mi>Q</mml:mi><mml:mi>C</mml:mi></mml:mrow></mml:msub></mml:math><tex-math><![CDATA[N_{QC}]]></tex-math></alternatives></inline-formula> known spatial coordinates, <inline-formula><alternatives><mml:math display="inline"><mml:msub><mml:mi>P</mml:mi><mml:mrow><mml:mi>Q</mml:mi><mml:mi>C</mml:mi></mml:mrow></mml:msub><mml:mo>=</mml:mo><mml:mo stretchy="false">{</mml:mo><mml:msub><mml:mi>p</mml:mi><mml:mi>j</mml:mi></mml:msub><mml:msubsup><mml:mo stretchy="false">}</mml:mo><mml:mrow><mml:mi>j</mml:mi><mml:mo>=</mml:mo><mml:mn>1</mml:mn></mml:mrow><mml:msub><mml:mi>N</mml:mi><mml:mrow><mml:mi>Q</mml:mi><mml:mi>C</mml:mi></mml:mrow></mml:msub></mml:msubsup></mml:math><tex-math><![CDATA[P_{QC} = \{p_j\}_{j=1}^{N_{QC}}]]></tex-math></alternatives></inline-formula>, where each <inline-formula><alternatives><mml:math display="inline"><mml:msub><mml:mi>p</mml:mi><mml:mi>j</mml:mi></mml:msub><mml:mo>=</mml:mo><mml:mo stretchy="false">(</mml:mo><mml:msub><mml:mi>x</mml:mi><mml:mi>j</mml:mi></mml:msub><mml:mo separator="true">,</mml:mo><mml:msub><mml:mi>y</mml:mi><mml:mi>j</mml:mi></mml:msub><mml:mo stretchy="false">)</mml:mo></mml:math><tex-math><![CDATA[p_j = (x_j, y_j)]]></tex-math></alternatives></inline-formula> represents the centroid (in real-world coordinates) of our object of interest (empty plant pots), serving as the ground truth for spatial localization.</p>
</list-item><list-item>
<p><bold>Detected Object Centroids</bold> (<inline-formula><alternatives><mml:math display="inline"><mml:msub><mml:mi>C</mml:mi><mml:mrow><mml:mi>D</mml:mi><mml:mi>e</mml:mi><mml:mi>t</mml:mi></mml:mrow></mml:msub></mml:math><tex-math><![CDATA[C_{Det}]]></tex-math></alternatives></inline-formula>) are used, which are a set of <inline-formula><alternatives><mml:math display="inline"><mml:msub><mml:mi>N</mml:mi><mml:mrow><mml:mi>D</mml:mi><mml:mi>e</mml:mi><mml:mi>t</mml:mi></mml:mrow></mml:msub></mml:math><tex-math><![CDATA[N_{Det}]]></tex-math></alternatives></inline-formula> centroids, <inline-formula><alternatives><mml:math display="inline"><mml:msub><mml:mi>C</mml:mi><mml:mrow><mml:mi>D</mml:mi><mml:mi>e</mml:mi><mml:mi>t</mml:mi></mml:mrow></mml:msub><mml:mo>=</mml:mo><mml:mo stretchy="false">{</mml:mo><mml:msub><mml:mi>c</mml:mi><mml:mi>k</mml:mi></mml:msub><mml:msubsup><mml:mo stretchy="false">}</mml:mo><mml:mrow><mml:mi>k</mml:mi><mml:mo>=</mml:mo><mml:mn>1</mml:mn></mml:mrow><mml:msub><mml:mi>N</mml:mi><mml:mrow><mml:mi>D</mml:mi><mml:mi>e</mml:mi><mml:mi>t</mml:mi></mml:mrow></mml:msub></mml:msubsup></mml:math><tex-math><![CDATA[C_{Det} = \{c_k\}_{k=1}^{N_{Det}}]]></tex-math></alternatives></inline-formula>, where each <inline-formula><alternatives><mml:math display="inline"><mml:msub><mml:mi>c</mml:mi><mml:mi>k</mml:mi></mml:msub><mml:mo>=</mml:mo><mml:mo stretchy="false">(</mml:mo><mml:msubsup><mml:mi>x</mml:mi><mml:mi>k</mml:mi><mml:mo mathvariant="normal" lspace="0em" rspace="0em">′</mml:mo></mml:msubsup><mml:mo separator="true">,</mml:mo><mml:msubsup><mml:mi>y</mml:mi><mml:mi>k</mml:mi><mml:mo mathvariant="normal" lspace="0em" rspace="0em">′</mml:mo></mml:msubsup><mml:mo stretchy="false">)</mml:mo></mml:math><tex-math><![CDATA[c_k = (x'_k, y'_k)]]></tex-math></alternatives></inline-formula> is the centroid extracted from a polygon representing an object detected by the workflow.</p>
</list-item><list-item>
<p><bold>Detected Object Polygons</bold> (<inline-formula><alternatives><mml:math display="inline"><mml:msub><mml:mi>G</mml:mi><mml:mrow><mml:mi>D</mml:mi><mml:mi>e</mml:mi><mml:mi>t</mml:mi></mml:mrow></mml:msub></mml:math><tex-math><![CDATA[G_{Det}]]></tex-math></alternatives></inline-formula>) are included, representing a set of <inline-formula><alternatives><mml:math display="inline"><mml:msub><mml:mi>N</mml:mi><mml:mrow><mml:mi>D</mml:mi><mml:mi>e</mml:mi><mml:mi>t</mml:mi></mml:mrow></mml:msub></mml:math><tex-math><![CDATA[N_{Det}]]></tex-math></alternatives></inline-formula> polygons, <inline-formula><alternatives><mml:math display="inline"><mml:msub><mml:mi>G</mml:mi><mml:mrow><mml:mi>D</mml:mi><mml:mi>e</mml:mi><mml:mi>t</mml:mi></mml:mrow></mml:msub><mml:mo>=</mml:mo><mml:mo stretchy="false">{</mml:mo><mml:msub><mml:mi>g</mml:mi><mml:mi>k</mml:mi></mml:msub><mml:msubsup><mml:mo stretchy="false">}</mml:mo><mml:mrow><mml:mi>k</mml:mi><mml:mo>=</mml:mo><mml:mn>1</mml:mn></mml:mrow><mml:msub><mml:mi>N</mml:mi><mml:mrow><mml:mi>D</mml:mi><mml:mi>e</mml:mi><mml:mi>t</mml:mi></mml:mrow></mml:msub></mml:msubsup><mml:mo separator="true">,</mml:mo></mml:math><tex-math><![CDATA[G_{Det} = \{g_k\}_{k=1}^{N_{Det}},]]></tex-math></alternatives></inline-formula> where each <inline-formula><alternatives><mml:math display="inline"><mml:msub><mml:mi>g</mml:mi><mml:mi>k</mml:mi></mml:msub></mml:math><tex-math><![CDATA[g_k]]></tex-math></alternatives></inline-formula> is a polygon generated from a <abbrev alt="Segment Anything Model">SAM</abbrev>-produced mask after post-processing.</p>
</list-item><list-item>
<p><bold>Ground Truth Polygons</bold> (<inline-formula><alternatives><mml:math display="inline"><mml:msub><mml:mi>G</mml:mi><mml:mrow><mml:mi>G</mml:mi><mml:mi>T</mml:mi></mml:mrow></mml:msub></mml:math><tex-math><![CDATA[G_{GT}]]></tex-math></alternatives></inline-formula>) the calculation of Intersection over Union (<abbrev alt="Intersection-over-Union">IoU</abbrev>) implies the existence of a corresponding set of <inline-formula><alternatives><mml:math display="inline"><mml:msub><mml:mi>N</mml:mi><mml:mrow><mml:mi>Q</mml:mi><mml:mi>C</mml:mi></mml:mrow></mml:msub></mml:math><tex-math><![CDATA[N_{QC}]]></tex-math></alternatives></inline-formula> ground truth polygons, <inline-formula><alternatives><mml:math display="inline"><mml:msub><mml:mi>G</mml:mi><mml:mrow><mml:mi>G</mml:mi><mml:mi>T</mml:mi></mml:mrow></mml:msub><mml:mo>=</mml:mo><mml:mo stretchy="false">{</mml:mo><mml:msubsup><mml:mi>g</mml:mi><mml:mi>j</mml:mi><mml:mo mathvariant="normal" lspace="0em" rspace="0em">′</mml:mo></mml:msubsup><mml:msubsup><mml:mo stretchy="false">}</mml:mo><mml:mrow><mml:mi>j</mml:mi><mml:mo>=</mml:mo><mml:mn>1</mml:mn></mml:mrow><mml:msub><mml:mi>N</mml:mi><mml:mrow><mml:mi>Q</mml:mi><mml:mi>C</mml:mi></mml:mrow></mml:msub></mml:msubsup></mml:math><tex-math><![CDATA[G_{GT} = \{g'_j\}_{j=1}^{N_{QC}}]]></tex-math></alternatives></inline-formula>, where each <inline-formula><alternatives><mml:math display="inline"><mml:msubsup><mml:mi>g</mml:mi><mml:mi>j</mml:mi><mml:mo mathvariant="normal" lspace="0em" rspace="0em">′</mml:mo></mml:msubsup></mml:math><tex-math><![CDATA[g'_j]]></tex-math></alternatives></inline-formula> delineates the extent of the object associated with ground truth point <inline-formula><alternatives><mml:math display="inline"><mml:msub><mml:mi>p</mml:mi><mml:mi>j</mml:mi></mml:msub></mml:math><tex-math><![CDATA[p_j]]></tex-math></alternatives></inline-formula>. This allows for the quantification of the spatial alignment between the detection bounding boxes and those associated with the <abbrev alt="quality control">QC</abbrev> points, in aggregate. The provided <xref ref-type="sec" rid="sec-25">code</xref> details how we created this geometry and performed the calculations.</p>
</list-item>
</list>
</sec>
</sec>
</body>
<back>
<ref-list>
<ref id="ref-17">
<element-citation publication-type="journal">
<article-title>samgeo: A Python package for segmenting geospatial data with the Segment Anything Model (SAM)</article-title>
<person-group person-group-type="author">
<name><surname>Wu</surname><given-names>Qiusheng</given-names></name>
<name><surname>Osco</surname><given-names>Lucas P.</given-names></name>
</person-group><source>Journal of Open Source Software</source><year iso-8601-date="2023">2023</year><pub-id pub-id-type="doi">https://doi.org/10.21105/joss.05663</pub-id><volume>8</volume><issue>89</issue><fpage>5663</fpage></element-citation>
</ref>
<ref id="ref-9">
<element-citation publication-type="document">
<article-title>The Segment Anything Model (SAM) for Remote Sensing Applications: From Zero to One Shot</article-title>
<person-group person-group-type="author">
<name><surname>Osco</surname><given-names>Lucas Prado</given-names></name>
<name><surname>Wu</surname><given-names>Qiusheng</given-names></name>
<name><surname>Lemos</surname><given-names>Eduardo Lopes</given-names></name>
<name><surname>Gonçalves</surname><given-names>Wesley Nunes</given-names></name>
<name><surname>Ramos</surname><given-names>Ana Paula Marques</given-names></name>
<name><surname>Li</surname><given-names>Jonathan</given-names></name>
<name><surname>Junior</surname><given-names>José Marcato</given-names></name>
</person-group><year iso-8601-date="2023">2023</year><pub-id pub-id-type="doi">https://doi.org/10.48550/arXiv.2306.16623</pub-id></element-citation>
</ref>
<ref id="ref-5">
<element-citation publication-type="document">
<article-title>Zero-Shot Refinement of Buildings' Segmentation Models using SAM</article-title>
<person-group person-group-type="author">
<name><surname>Mayladan</surname><given-names>Ali</given-names></name>
<name><surname>Nasrallah</surname><given-names>Hasan</given-names></name>
<name><surname>Moughnieh</surname><given-names>Hasan</given-names></name>
<name><surname>Shukor</surname><given-names>Mustafa</given-names></name>
<name><surname>Ghandour</surname><given-names>Ali J.</given-names></name>
</person-group><year iso-8601-date="2024">2024</year><pub-id pub-id-type="doi">https://doi.org/10.48550/arXiv.2310.01845</pub-id></element-citation>
</ref>
<ref id="ref-3">
<element-citation publication-type="document">
<article-title>Segment Anything</article-title>
<person-group person-group-type="author">
<name><surname>Kirillov</surname><given-names>Alexander</given-names></name>
<name><surname>Mintun</surname><given-names>Eric</given-names></name>
<name><surname>Ravi</surname><given-names>Nikhila</given-names></name>
<name><surname>Mao</surname><given-names>Hanzi</given-names></name>
<name><surname>Rolland</surname><given-names>Chloe</given-names></name>
<name><surname>Gustafson</surname><given-names>Laura</given-names></name>
<name><surname>Xiao</surname><given-names>Tete</given-names></name>
<name><surname>Whitehead</surname><given-names>Spencer</given-names></name>
<name><surname>Berg</surname><given-names>Alexander C.</given-names></name>
<name><surname>Lo</surname><given-names>Wan-Yen</given-names></name>
<name><surname>Dollár</surname><given-names>Piotr</given-names></name>
<name><surname>Girshick</surname><given-names>Ross</given-names></name>
</person-group><year iso-8601-date="2023">2023</year><pub-id pub-id-type="doi">https://doi.org/10.48550/arXiv.2304.02643</pub-id></element-citation>
</ref>
<ref id="ref-1">
<element-citation publication-type="report">
<article-title>GDAL/OGR Geospatial Data Abstraction software Library</article-title>
<person-group person-group-type="author">
<name><surname>GDAL/OGR contributors</surname></name>
</person-group><year iso-8601-date="2025">2025</year><pub-id pub-id-type="doi">10.5281/zenodo.5884351</pub-id></element-citation>
</ref>
<ref id="ref-16">
<element-citation publication-type="software">
<article-title>Shapely (Version 2.1.1)</article-title>
<person-group person-group-type="author">
<name><surname>Gillies</surname><given-names>S.</given-names></name>
<name><surname>Wel</surname><given-names>C.</given-names></name>
<name><surname>Bossche</surname><given-names>J.</given-names></name>
<name><surname>Taves</surname><given-names>M. W.</given-names></name>
<name><surname>Arnott</surname><given-names>J.</given-names></name>
<name><surname>Ward</surname><given-names>B. C.</given-names></name>
<name><surname>others</surname></name>
</person-group><year iso-8601-date="2025">2025</year><pub-id pub-id-type="doi">10.5281/zenodo.5597138</pub-id></element-citation>
</ref>
<ref id="ref-2">
<element-citation publication-type="document">
<article-title>geopandas/geopandas: v0.8.1</article-title>
<person-group person-group-type="author">
<name><surname>Jordahl</surname><given-names>Kelsey</given-names></name>
<name><surname>Bossche</surname><given-names>Joris Van</given-names></name>
<name><surname>Fleischmann</surname><given-names>Martin</given-names></name>
<name><surname>Wasserman</surname><given-names>Jacob</given-names></name>
<name><surname>McBride</surname><given-names>James</given-names></name>
<name><surname>Gerard</surname><given-names>Jeffrey</given-names></name>
<name><surname>Tratner</surname><given-names>Jeff</given-names></name>
<name><surname>Perry</surname><given-names>Matthew</given-names></name>
<name><surname>Badaracco</surname><given-names>Adrian Garcia</given-names></name>
<name><surname>Farmer</surname><given-names>Carson</given-names></name>
<name><surname>Hjelle</surname><given-names>Geir Arne</given-names></name>
<name><surname>Snow</surname><given-names>Alan D.</given-names></name>
<name><surname>Cochran</surname><given-names>Micah</given-names></name>
<name><surname>Gillies</surname><given-names>Sean</given-names></name>
<name><surname>Culbertson</surname><given-names>Lucas</given-names></name>
<name><surname>Bartos</surname><given-names>Matt</given-names></name>
<name><surname>Eubank</surname><given-names>Nick</given-names></name>
<name><surname>maxalbert</surname></name>
<name><surname>Bilogur</surname><given-names>Aleksey</given-names></name>
<name><surname>Rey</surname><given-names>Sergio</given-names></name>
<name><surname>Ren</surname><given-names>Christopher</given-names></name>
<name><surname>Arribas-Bel</surname><given-names>Dani</given-names></name>
<name><surname>Wasser</surname><given-names>Leah</given-names></name>
<name><surname>Wolf</surname><given-names>Levi John</given-names></name>
<name><surname>Journois</surname><given-names>Martin</given-names></name>
<name><surname>Wilson</surname><given-names>Joshua</given-names></name>
<name><surname>Greenhall</surname><given-names>Adam</given-names></name>
<name><surname>Holdgraf</surname><given-names>Chris</given-names></name>
<name><surname>Filipe</surname></name>
<name><surname>Leblanc</surname><given-names>François</given-names></name>
</person-group><year iso-8601-date="2020">2020</year><pub-id pub-id-type="doi">10.5281/zenodo.3946761</pub-id></element-citation>
</ref>
<ref id="ref-15">
<element-citation publication-type="software">
<article-title>Rasterio: geospatial raster I/O for Python programmers</article-title>
<person-group person-group-type="author">
<name><surname>Gillies</surname><given-names>Sean</given-names></name>
<name><surname>others</surname></name>
</person-group></element-citation>
</ref>
<ref id="ref-4">
<element-citation publication-type="journal">
<article-title>Matplotlib: A 2D graphics environment</article-title>
<person-group person-group-type="author">
<name><surname>Hunter</surname><given-names>J. D.</given-names></name>
</person-group><source>Computing in Science &amp; Engineering</source><year iso-8601-date="2007">2007</year><pub-id pub-id-type="doi">https://doi.org/10.1109/MCSE.2007.55</pub-id><volume>9</volume><issue>3</issue><fpage>90</fpage><lpage>95</lpage></element-citation>
</ref>
<ref id="ref-6">
<element-citation publication-type="journal">
<article-title>Array programming with NumPy</article-title>
<person-group person-group-type="author">
<name><surname>Harris</surname><given-names>Charles R.</given-names></name>
<name><surname>Millman</surname><given-names>K. Jarrod</given-names></name>
<name><surname>Walt</surname><given-names>Stéfan J.</given-names></name>
<name><surname>Gommers</surname><given-names>Ralf</given-names></name>
<name><surname>Virtanen</surname><given-names>Pauli</given-names></name>
<name><surname>Cournapeau</surname><given-names>David</given-names></name>
<name><surname>Wieser</surname><given-names>Eric</given-names></name>
<name><surname>Taylor</surname><given-names>Julian</given-names></name>
<name><surname>Berg</surname><given-names>Sebastian</given-names></name>
<name><surname>Smith</surname><given-names>Nathaniel J.</given-names></name>
<name><surname>Kern</surname><given-names>Robert</given-names></name>
<name><surname>Picus</surname><given-names>Matti</given-names></name>
<name><surname>Hoyer</surname><given-names>Stephan</given-names></name>
<name><surname>Kerkwijk</surname><given-names>Marten H.</given-names></name>
<name><surname>Brett</surname><given-names>Matthew</given-names></name>
<name><surname>Haldane</surname><given-names>Allan</given-names></name>
<name><surname>Río</surname><given-names>Jaime Fernández</given-names></name>
<name><surname>Wiebe</surname><given-names>Mark</given-names></name>
<name><surname>Peterson</surname><given-names>Pearu</given-names></name>
<name><surname>Gérard-Marchant</surname><given-names>Pierre</given-names></name>
<name><surname>Sheppard</surname><given-names>Kevin</given-names></name>
<name><surname>Reddy</surname><given-names>Tyler</given-names></name>
<name><surname>Weckesser</surname><given-names>Warren</given-names></name>
<name><surname>Abbasi</surname><given-names>Hameer</given-names></name>
<name><surname>Gohlke</surname><given-names>Christoph</given-names></name>
<name><surname>Oliphant</surname><given-names>Travis E.</given-names></name>
</person-group><source>Nature</source><year iso-8601-date="2020">2020</year><pub-id pub-id-type="doi">https://doi.org/10.1038/s41586-020-2649-2</pub-id><volume>585</volume><issue>7825</issue><fpage>357</fpage><lpage>362</lpage></element-citation>
</ref>
<ref id="ref-7">
<element-citation publication-type="journal">
<article-title>The OpenCV Library</article-title>
<person-group person-group-type="author">
<name><surname>Bradski</surname><given-names>G.</given-names></name>
</person-group><source>Dr. Dobb's Journal of Software Tools</source><year iso-8601-date="2000">2000</year></element-citation>
</ref>
<ref id="ref-8">
<element-citation publication-type="document">
<article-title>OpenPyXL: A Python library to read/write Excel 2010 xlsx/xlsm/xltx/xltm files</article-title>
<person-group person-group-type="author">
<name><surname>Gazoni</surname><given-names>Eric</given-names></name>
<name><surname>Clark</surname><given-names>Charlie</given-names></name>
</person-group><year iso-8601-date="2024">2024</year></element-citation>
</ref>
<ref id="ref-11">
<element-citation publication-type="document">
<article-title>pandas-dev/pandas: Pandas</article-title>
<person-group person-group-type="author">
<name><surname>The Pandas Development Team</surname></name>
</person-group><year iso-8601-date="2020">2020</year><pub-id pub-id-type="doi">10.5281/zenodo.3509134</pub-id></element-citation>
</ref>
<ref id="ref-10">
<element-citation publication-type="paper-conference">
<article-title>Data Structures for Statistical Computing in Python</article-title>
<person-group person-group-type="author">
<name><surname>McKinney</surname><given-names>Wes</given-names></name>
</person-group><source>Proceedings of the 9th Python in Science Conference</source><year iso-8601-date="2010">2010</year><pub-id pub-id-type="doi">https://doi.org/10.25080/Majora-92bf1922-00a</pub-id><fpage>56 </fpage><lpage> 61</lpage></element-citation>
</ref>
<ref id="ref-12">
<element-citation publication-type="document">
<article-title>Pillow (PIL Fork) Documentation</article-title>
<person-group person-group-type="author">
<name><surname>Clark</surname><given-names>Alex</given-names></name>
</person-group><year iso-8601-date="2015">2015</year></element-citation>
</ref>
<ref id="ref-13">
<element-citation publication-type="journal">
<article-title>PyTorch: An Imperative Style, High‑Performance Deep Learning Library</article-title>
<person-group person-group-type="author">
<name><surname>Paszke</surname><given-names>Adam</given-names></name>
<name><surname>Gross</surname><given-names>Sam</given-names></name>
<name><surname>Massa</surname><given-names>Francisco</given-names></name>
<name><surname>Lerer</surname><given-names>Adam</given-names></name>
<name><surname>Bradbury</surname><given-names>James</given-names></name>
<name><surname>Chanan</surname><given-names>Gregory</given-names></name>
<name><surname>Killeen</surname><given-names>Trevor</given-names></name>
<name><surname>Lin</surname><given-names>Zeming</given-names></name>
<name><surname>Gimelshein</surname><given-names>Natalia</given-names></name>
<name><surname>Antiga</surname><given-names>Luca</given-names></name>
<name><surname>Desmaison</surname><given-names>Alban</given-names></name>
<name><surname>Köpf</surname><given-names>Andreas</given-names></name>
<name><surname>Yang</surname><given-names>Edward</given-names></name>
<name><surname>DeVito</surname><given-names>Zachary</given-names></name>
<name><surname>Raison</surname><given-names>Martin</given-names></name>
<name><surname>Tejani</surname><given-names>Alykhan</given-names></name>
<name><surname>Chilamkurthy</surname><given-names>Sasank</given-names></name>
<name><surname>Steiner</surname><given-names>Benoit</given-names></name>
<name><surname>Fang</surname><given-names>Lu</given-names></name>
<name><surname>Bai</surname><given-names>Junjie</given-names></name>
<name><surname>Chintala</surname><given-names>Soumith</given-names></name>
</person-group><source>CoRR</source><year iso-8601-date="2019">2019</year><volume>abs/1912.01703</volume></element-citation>
</ref>
<ref id="ref-14">
<element-citation publication-type="report">
<article-title>QGIS Geographic Information System</article-title>
<person-group person-group-type="author">
<name><surname>QGIS Development Team</surname></name>
</person-group><year iso-8601-date="2021">2021</year></element-citation>
</ref>
</ref-list>
<fn-group><fn id="fn-1">
<label>1</label>
<p>Output evaluation details are discussed in the <xref ref-type="sec" rid="sec-27">Appendix</xref>.</p>
</fn><fn id="fn-2">
<label>2</label>
<p>See <ext-link ext-link-type="uri" xlink:href="https://colab.research.google.com/drive/1WNZFDr8bMMi51fOo5vv-TrVSBGW56yvA?usp=sharing#sandboxMode=true">this Colab notebook</ext-link> for details.</p>
</fn><fn id="fn-3">
<label>3</label>
<p>See <ext-link ext-link-type="uri" xlink:href="https://raw.githubusercontent.com/nickmccarty/scipy-2025/refs/heads/main/requirements.txt">requirements.txt</ext-link> for version details.</p>
</fn><fn id="fn-4">
<label>4</label>
<p>Inference was accelerated using <monospace>CUDA 12</monospace> (<monospace>cuDF 25.2.1</monospace>) on a <monospace>T4</monospace> GPU within our Colab notebook environment.</p>
</fn><fn id="fn-5">
<label>5</label>
<p>We used open source QGIS (<xref ref-type="bibr" rid="ref-14">QGIS Development Team, 2021</xref>) as our selected data viewer.</p>
</fn><fn id="fn-6">
<label>6</label>
<p>We have since open-sourced the <ext-link ext-link-type="uri" xlink:href="https://pypi.org/project/orthomasker"><monospace>orthomasker</monospace></ext-link> Python package and CLI; work on a GUI is currently underway.</p>
</fn></fn-group>
</back>
</article>
