<?xml version="1.0" encoding="UTF-8"?>
<!DOCTYPE manifest PUBLIC "-//MECA//DTD Manifest v1.0//en" "https://meca.zip/manifest-1.0.dtd">
<manifest manifest-version="1" xmlns="https://manuscriptexchange.org/schema/manifest" xmlns:xlink="http://www.w3.org/1999/xlink">
  <item item-type="article-metadata">
    <instance media-type="application/xml" xlink:href="jats.xml"/>
  </item>
  <item item-type="article-supporting-file">
    <instance media-type="text/plain" xlink:href="files/0371a7d433449614fe831834bfef5c5d.txt"/>
  </item>
  <item item-type="article-supporting-file">
    <instance media-type="text/html" xlink:href="files/0583cdaef7d864b9ad87f8ee19662d78.html"/>
  </item>
  <item item-type="article-supporting-file">
    <instance media-type="text/plain" xlink:href="files/07998a96677d1e0008b204ec1a90a934.txt"/>
  </item>
  <item item-type="article-supporting-file">
    <instance media-type="text/plain" xlink:href="files/09209c80209d2aef218cb5e18eb92006.txt"/>
  </item>
  <item item-type="article-supporting-file">
    <instance media-type="text/plain" xlink:href="files/09979701d27ffb6343860357922bb5f8.txt"/>
  </item>
  <item item-type="article-supporting-file">
    <instance media-type="text/plain" xlink:href="files/0e438902db11d07673d7075a16a790d5.txt"/>
  </item>
  <item item-type="article-supporting-file">
    <instance media-type="text/plain" xlink:href="files/167dcd4e0cec901ca0ad1b02a13fc956.txt"/>
  </item>
  <item item-type="article-supporting-file">
    <instance media-type="image/png" xlink:href="files/17d8797cda96cbad2e01f3e40245bb84.png"/>
  </item>
  <item item-type="article-supporting-file">
    <instance media-type="text/plain" xlink:href="files/1d5db66429ef8733e27ce6aed736e4fe.txt"/>
  </item>
  <item item-type="article-supporting-file">
    <instance media-type="image/png" xlink:href="files/1d93e86a6a3aadafe185ad64a7916a85.png"/>
  </item>
  <item item-type="article-supporting-file">
    <instance media-type="image/png" xlink:href="files/20e1bd0c9367c860b532b85d5ecde1a5.png"/>
  </item>
  <item item-type="article-supporting-file">
    <instance media-type="text/plain" xlink:href="files/2758d922fbc373bcca4db1f04b8d1ba6.txt"/>
  </item>
  <item item-type="article-supporting-file">
    <instance media-type="image/png" xlink:href="files/32de7a94297f9cc28b786604193b6334.png"/>
  </item>
  <item item-type="article-supporting-file">
    <instance media-type="text/plain" xlink:href="files/38d289d5e16587889a6aa881e9c6b785.txt"/>
  </item>
  <item item-type="article-supporting-file">
    <instance media-type="image/png" xlink:href="files/3f102eba0821dc8074af5ab77cb1cd65.png"/>
  </item>
  <item item-type="article-supporting-file">
    <instance media-type="text/plain" xlink:href="files/420f0d740849839b8381717519ee29ab.txt"/>
  </item>
  <item item-type="article-supporting-file">
    <instance media-type="text/html" xlink:href="files/43824815196462f0136929112d94e3a2.html"/>
  </item>
  <item item-type="article-supporting-file">
    <instance media-type="image/png" xlink:href="files/4846cd8dd6912feb1033c4c522a61a3f.png"/>
  </item>
  <item item-type="article-supporting-file">
    <instance media-type="image/png" xlink:href="files/4e754c4fa734910f09ef98160de9c184.png"/>
  </item>
  <item item-type="article-supporting-file">
    <instance media-type="text/plain" xlink:href="files/513912c3ad9a120a0553936fbd151af2.txt"/>
  </item>
  <item item-type="article-supporting-file">
    <instance media-type="image/png" xlink:href="files/537a60c3c3f4b207309063c726756a54.png"/>
  </item>
  <item item-type="article-supporting-file">
    <instance media-type="image/png" xlink:href="files/5498bb0d07bfa0d4ed0820b853bab33a.png"/>
  </item>
  <item item-type="article-supporting-file">
    <instance media-type="text/plain" xlink:href="files/56ed8234921c423d9d7a28f5cc91ff90.txt"/>
  </item>
  <item item-type="article-supporting-file">
    <instance media-type="text/plain" xlink:href="files/597ef3e385a33a980b2a50cac5559b9e.txt"/>
  </item>
  <item item-type="article-supporting-file">
    <instance media-type="text/html" xlink:href="files/5f7aba4184206cde0559c65f9ae09c31.html"/>
  </item>
  <item item-type="article-supporting-file">
    <instance media-type="text/html" xlink:href="files/63bc9ef0f11b7b7e98727f8af8260376.html"/>
  </item>
  <item item-type="article-supporting-file">
    <instance media-type="text/plain" xlink:href="files/652f4c0943b968907cb23e3bf0b208c6.txt"/>
  </item>
  <item item-type="article-supporting-file">
    <instance media-type="image/png" xlink:href="files/6778c3d06896287a6c9694a9d57045c9.png"/>
  </item>
  <item item-type="article-supporting-file">
    <instance media-type="image/png" xlink:href="files/698a090804f88e317e02fa164c472f51.png"/>
  </item>
  <item item-type="article-supporting-file">
    <instance media-type="text/plain" xlink:href="files/6de0c54dda7887da8c7443050cabeb7c.txt"/>
  </item>
  <item item-type="article-supporting-file">
    <instance media-type="image/png" xlink:href="files/6ea7415df66522cf1f1b071cbf44b1bd.png"/>
  </item>
  <item item-type="article-supporting-file">
    <instance media-type="image/png" xlink:href="files/76e2140c23cd97f8aa65bddf65bb8202.png"/>
  </item>
  <item item-type="article-supporting-file">
    <instance media-type="image/png" xlink:href="files/78caaf7cb8e71f7c88bea384ea144a1b.png"/>
  </item>
  <item item-type="article-supporting-file">
    <instance media-type="text/plain" xlink:href="files/7faabe01588ea71ad447f7c21987a54a.txt"/>
  </item>
  <item item-type="article-supporting-file">
    <instance media-type="image/png" xlink:href="files/831142f2ddc21bd9bfaaf5e07beb1dff.png"/>
  </item>
  <item item-type="article-supporting-file">
    <instance media-type="image/png" xlink:href="files/875fa8e25f5e8290b3012f8c1545e22c.png"/>
  </item>
  <item item-type="article-supporting-file">
    <instance media-type="image/png" xlink:href="files/88a1b315ed41905ffa1f551cdda16bc3.png"/>
  </item>
  <item item-type="article-supporting-file">
    <instance media-type="image/png" xlink:href="files/942c55b9da302d64abe22ac7be403901.png"/>
  </item>
  <item item-type="article-supporting-file">
    <instance media-type="image/png" xlink:href="files/9531cf6b67c8b8e814dc1f67e3af352e.png"/>
  </item>
  <item item-type="article-supporting-file">
    <instance media-type="image/png" xlink:href="files/97b191d9942bc1760d5155ebe900dbbb.png"/>
  </item>
  <item item-type="article-supporting-file">
    <instance media-type="text/plain" xlink:href="files/9a2706674ccc4c6c3bff1200effd20bf.txt"/>
  </item>
  <item item-type="article-supporting-file">
    <instance media-type="text/plain" xlink:href="files/9c6a89e13c990de8a9b6aaeb987b96af.txt"/>
  </item>
  <item item-type="article-supporting-file">
    <instance media-type="text/plain" xlink:href="files/9cd5732a8cf8620423b468eb36e2ebaa.txt"/>
  </item>
  <item item-type="article-supporting-file">
    <instance media-type="text/plain" xlink:href="files/9e7e52c457da11ef4f2e850b2d1528fc.txt"/>
  </item>
  <item item-type="article-supporting-file">
    <instance media-type="text/plain" xlink:href="files/9e96af7fc42bd7243842a6efcfcbd593.txt"/>
  </item>
  <item item-type="article-supporting-file">
    <instance media-type="image/png" xlink:href="files/a4c18cd5e6fed2313f17a4537c3be69d.png"/>
  </item>
  <item item-type="article-supporting-file">
    <instance media-type="text/plain" xlink:href="files/a6255a8d7ac11cabe5829e143599f112.txt"/>
  </item>
  <item item-type="article-supporting-file">
    <instance media-type="text/plain" xlink:href="files/ac6235f4b7e4ebd9651910f36de1c853.txt"/>
  </item>
  <item item-type="article-supporting-file">
    <instance media-type="image/png" xlink:href="files/b4686423ffc750f9421e829bc5d2566b.png"/>
  </item>
  <item item-type="article-supporting-file">
    <instance media-type="text/plain" xlink:href="files/b79f134554c5e57c9cf6b944fb783803.txt"/>
  </item>
  <item item-type="article-supporting-file">
    <instance media-type="image/png" xlink:href="files/b8a6ff87bdbd95b1c533afbf7509c70e.png"/>
  </item>
  <item item-type="article-supporting-file">
    <instance media-type="image/png" xlink:href="files/ba8a3d6a989081ff19604b4f3bdaf497.png"/>
  </item>
  <item item-type="article-supporting-file">
    <instance media-type="image/png" xlink:href="files/beeswarm_Laying_cnn-6e1f8b8608a79de5a4f9c66cb5218b16.png"/>
  </item>
  <item item-type="article-supporting-file">
    <instance media-type="image/png" xlink:href="files/beeswarm_Sitting_cnn-db533b931d5972a2869efede90cd3c00.png"/>
  </item>
  <item item-type="article-supporting-file">
    <instance media-type="image/png" xlink:href="files/beeswarm_Standing_cn-3dca06b02f071e91b965cbcdb2e5a931.png"/>
  </item>
  <item item-type="article-supporting-file">
    <instance media-type="image/png" xlink:href="files/beeswarm_Walking_Dow-a2c2f656d783ecd00988b59773aa9e00.png"/>
  </item>
  <item item-type="article-supporting-file">
    <instance media-type="image/png" xlink:href="files/beeswarm_Walking_Ups-437fbf209d779e8ab7d6cd6c3ae988d1.png"/>
  </item>
  <item item-type="article-supporting-file">
    <instance media-type="image/png" xlink:href="files/beeswarm_Walking_cnn-7be4deffe9f2415db4273b209af66823.png"/>
  </item>
  <item item-type="article-supporting-file">
    <instance media-type="image/png" xlink:href="files/beeswarm_xgb-26d69fc357a0cb89b5382309cd82acd8.png"/>
  </item>
  <item item-type="article-supporting-file">
    <instance media-type="text/plain" xlink:href="files/c0aa230aa9fe677b2ff195aec92673a6.txt"/>
  </item>
  <item item-type="article-supporting-file">
    <instance media-type="text/plain" xlink:href="files/cde2159936b7121466757ab6e2a63378.txt"/>
  </item>
  <item item-type="article-supporting-file">
    <instance media-type="image/png" xlink:href="files/d16f4cd940512a3a7598dccb2a9f90c7.png"/>
  </item>
  <item item-type="article-supporting-file">
    <instance media-type="text/plain" xlink:href="files/d4add107e636ae5c875e380ab9f212e2.txt"/>
  </item>
  <item item-type="article-supporting-file">
    <instance media-type="text/plain" xlink:href="files/d769f468ce892e206491d44ed31521e8.txt"/>
  </item>
  <item item-type="article-supporting-file">
    <instance media-type="image/png" xlink:href="files/debcf6d070c9f30bf0e7f17962dbdd01.png"/>
  </item>
  <item item-type="article-supporting-file">
    <instance media-type="image/png" xlink:href="files/dep_Laying_cnn-ce900d9528de330e5f3857fdfa142103.png"/>
  </item>
  <item item-type="article-supporting-file">
    <instance media-type="image/png" xlink:href="files/dep_Sitting_cnn-4eb6d5bf71ee3b0589bff617ebb980f2.png"/>
  </item>
  <item item-type="article-supporting-file">
    <instance media-type="image/png" xlink:href="files/dep_Walking_cnn-4366f325b1dcf120855f3acc0ef7fc41.png"/>
  </item>
  <item item-type="article-supporting-file">
    <instance media-type="image/png" xlink:href="files/dep_categorical_xgb-3cdc9e955fe6d67576b6ed59c11bd5ec.png"/>
  </item>
  <item item-type="article-supporting-file">
    <instance media-type="image/png" xlink:href="files/dep_contact_xgb-b93bacd086f760091534dee63a651908.png"/>
  </item>
  <item item-type="article-supporting-file">
    <instance media-type="text/plain" xlink:href="files/eccec4208949fc6da5eb1ee6a9fa4748.txt"/>
  </item>
  <item item-type="article-supporting-file">
    <instance media-type="image/png" xlink:href="files/f0e63256590ca07f01dcd384ce99433b.png"/>
  </item>
  <item item-type="article-supporting-file">
    <instance media-type="text/plain" xlink:href="files/f18249023cce87d6d97e1ea12c044ed3.txt"/>
  </item>
  <item item-type="article-supporting-file">
    <instance media-type="image/png" xlink:href="files/f418182e8057f26b78c5584d9c8f735c.png"/>
  </item>
  <item item-type="article-supporting-file">
    <instance media-type="text/plain" xlink:href="files/ff1ba1166896f5ebc9b57bea9c7d67d7.txt"/>
  </item>
  <item item-type="article-supporting-file">
    <instance media-type="image/png" xlink:href="files/local_Laying_cnn-098f1bdfbdaf6a632a4c8bb1a111eadd.png"/>
  </item>
  <item item-type="article-supporting-file">
    <instance media-type="image/png" xlink:href="files/local_Sitting_cnn-421af27f99d63f34ea6655e60c933603.png"/>
  </item>
  <item item-type="article-supporting-file">
    <instance media-type="image/png" xlink:href="files/local_Standing_cnn-7fefeb8876493c194fec5a9277b0db28.png"/>
  </item>
  <item item-type="article-supporting-file">
    <instance media-type="image/png" xlink:href="files/local_Walking_Downst-e48fa75e888ed8c6fdf8e980b451d5f0.png"/>
  </item>
  <item item-type="article-supporting-file">
    <instance media-type="image/png" xlink:href="files/local_Walking_Upstai-a8393f8941b0ba82a1a6eb4c566c10b4.png"/>
  </item>
  <item item-type="article-supporting-file">
    <instance media-type="image/png" xlink:href="files/local_Walking_cnn-53548156935901967fd9a86ace669b63.png"/>
  </item>
  <item item-type="article-supporting-file">
    <instance media-type="image/png" xlink:href="files/roc_xgb-f94ccfa17767613a61c5c062e2f0842f.png"/>
  </item>
  <item item-type="manuscript">
    <instance media-type="application/pdf" xlink:href="full_text.pdf"/>
  </item>
  <item item-type="article-source">
    <instance media-type="text/yaml" xlink:href="bundle/myst.yml"/>
  </item>
  <item item-type="article-source">
    <instance media-type="text/markdown" xlink:href="bundle/main.md"/>
  </item>
  <item item-type="article-source">
    <instance media-type="image/png" xlink:href="bundle/roc_xgb.png"/>
  </item>
  <item item-type="article-source">
    <instance media-type="image/png" xlink:href="bundle/beeswarm_xgb.png"/>
  </item>
  <item item-type="article-source">
    <instance media-type="image/png" xlink:href="bundle/dep_contact_xgb.png"/>
  </item>
  <item item-type="article-source">
    <instance media-type="image/png" xlink:href="bundle/dep_categorical_xgb.png"/>
  </item>
  <item item-type="article-source">
    <instance media-type="image/png" xlink:href="bundle/beeswarm_Walking_cnn.png"/>
  </item>
  <item item-type="article-source">
    <instance media-type="image/png" xlink:href="bundle/beeswarm_Walking_Upstairs_cnn.png"/>
  </item>
  <item item-type="article-source">
    <instance media-type="image/png" xlink:href="bundle/beeswarm_Walking_Downstairs_cnn.png"/>
  </item>
  <item item-type="article-source">
    <instance media-type="image/png" xlink:href="bundle/beeswarm_Sitting_cnn.png"/>
  </item>
  <item item-type="article-source">
    <instance media-type="image/png" xlink:href="bundle/beeswarm_Standing_cnn.png"/>
  </item>
  <item item-type="article-source">
    <instance media-type="image/png" xlink:href="bundle/beeswarm_Laying_cnn.png"/>
  </item>
  <item item-type="article-source">
    <instance media-type="image/png" xlink:href="bundle/dep_Walking_cnn.png"/>
  </item>
  <item item-type="article-source">
    <instance media-type="image/png" xlink:href="bundle/dep_Sitting_cnn.png"/>
  </item>
  <item item-type="article-source">
    <instance media-type="image/png" xlink:href="bundle/dep_Laying_cnn.png"/>
  </item>
  <item item-type="article-source">
    <instance media-type="image/png" xlink:href="bundle/local_Walking_cnn.png"/>
  </item>
  <item item-type="article-source">
    <instance media-type="image/png" xlink:href="bundle/local_Walking_Upstairs_cnn.png"/>
  </item>
  <item item-type="article-source">
    <instance media-type="image/png" xlink:href="bundle/local_Walking_Downstairs_cnn.png"/>
  </item>
  <item item-type="article-source">
    <instance media-type="image/png" xlink:href="bundle/local_Sitting_cnn.png"/>
  </item>
  <item item-type="article-source">
    <instance media-type="image/png" xlink:href="bundle/local_Standing_cnn.png"/>
  </item>
  <item item-type="article-source">
    <instance media-type="image/png" xlink:href="bundle/local_Laying_cnn.png"/>
  </item>
  <item item-type="article-source">
    <instance media-type="application/x-ipynb+json" xlink:href="bundle/nbs/cnn_model.ipynb"/>
  </item>
  <item item-type="article-source">
    <instance media-type="application/x-ipynb+json" xlink:href="bundle/nbs/gbdt_model.ipynb"/>
  </item>
  <item item-type="article-source">
    <instance media-type="application/x-bibtex" xlink:href="bundle/mybib.bib"/>
  </item>
  <item item-type="article-source-directory">
    <instance media-type="application/x-directory" xlink:href="bundle/"/>
  </item>
</manifest>