<?xml version="1.0" encoding="UTF-8"?>
<!DOCTYPE article PUBLIC "-//NLM//DTD JATS (Z39.96) Journal Archiving and Interchange DTD with MathML3 v1.3 20210610//EN" "http://jats.nlm.nih.gov/publishing/1.3/JATS-archivearticle1-3-mathml3.dtd">
<article xmlns:mml="http://www.w3.org/1998/Math/MathML" xmlns:xlink="http://www.w3.org/1999/xlink" xmlns:xsi="http://www.w3.org/2001/XMLSchema-instance" xmlns:ali="http://www.niso.org/schemas/ali/1.0/" dtd-version="1.3" xml:lang="en" id="main">
<front>
<article-meta>
<article-id pub-id-type="doi">10.25080/jcuj3732</article-id>
<title-group>
<article-title>Eyes in the Sky: Estimating Inland Water Quality Using Landsat Data</article-title>
</title-group>
<contrib-group>
<contrib contrib-type="author" corresp="yes">
<contrib-id contrib-id-type="orcid">https://orcid.org/0000-0002-9283-4103</contrib-id>
<name name-style="western"><surname>Dabhadkar</surname><given-names>Kedar</given-names></name>
<xref ref-type="aff" rid="aff-1"/>
<email>kdabhadk@gmail.com</email>
</contrib>
</contrib-group>
<aff id="aff-1">
<institution-wrap>
<institution>Independent Researcher</institution>
</institution-wrap>
</aff>
<fpage>194</fpage><lpage>201</lpage>
<permissions>
<ali:free_to_read/>
<license xlink:href="https://creativecommons.org/licenses/by/4.0/">
<ali:license_ref>https://creativecommons.org/licenses/by/4.0/</ali:license_ref>
<license-p>This is an open access article distributed under the terms of the <ext-link ext-link-type="uri" xlink:href="http://creativecommons.org/licenses/by/4.0/">Creative Commons Attribution License</ext-link>, which permits unrestricted use, distribution, and reproduction in any medium, provided the original author and source are credited.</license-p>
</license>
</permissions>
<abstract>
<p>Algal blooms threaten human health and aquatic ecosystems, making monitoring essential. While Chlorophyll-A (<abbrev alt="Chlorophyll-a">Chl-a</abbrev>) effectively indicates algal presence, laboratory analysis is complex. This study utilizes satellite imagery as an alternative, addressing previous research limitations caused by scarce lab data. Moreover, it also demonstrates how openly available <abbrev alt="Chlorophyll-a">Chl-a</abbrev> measurements obtained from the Water Quality Portal (<abbrev alt="Water Quality Portal">WQP</abbrev>) can enable communities and organizations of all sizes to measure <abbrev alt="Chlorophyll-a">Chl-a</abbrev> in their waters without access to specialized in-situ water sampling skills or laboratory analysis equipment.</p>
<p>By combining the extensive <abbrev alt="Water Quality Portal">WQP</abbrev> dataset with Landsat satellite imagery, these models estimate <abbrev alt="Chlorophyll-a">Chl-a</abbrev> levels in New York’s inland waters. Training with eight years of data demonstrated a strong correlation between satellite-derived and actual measurements (<abbrev alt="Mean Absolute Percentage Error">MAPE</abbrev>: 0.96%; <abbrev alt="Root Mean Square Error">RMSE</abbrev>: 3.2 μg/L), enabling improved spatial and temporal monitoring capabilities.</p>
</abstract>
<kwd-group>
<kwd>water quality</kwd>
<kwd>landsat</kwd>
<kwd>remote sensing</kwd>
<kwd>earth observation</kwd>
</kwd-group>
</article-meta>
</front>
<body>
<sec id="sec-1">
<label>1</label>
<title>Introduction</title>
<p>Harmful algal blooms (<abbrev alt="Harmful Algal Bloom">HAB</abbrev>s) can severely impact both the environment and human health. Environmentally, <abbrev alt="Harmful Algal Bloom">HAB</abbrev>s deplete oxygen in water bodies, leading to fish kills and loss of aquatic biodiversity. They can block sunlight, disrupting aquatic plant growth and altering food webs. Many <abbrev alt="Harmful Algal Bloom">HAB</abbrev>s produce toxins that accumulate in the ecosystem, affecting wildlife and domestic animals. For humans, exposure to these toxins—through drinking water, recreation, or consumption of contaminated fish and shellfish—can cause a range of health issues, including skin irritation, respiratory problems, gastrointestinal illness, and, in severe cases, liver or neurological damage. <abbrev alt="Harmful Algal Bloom">HAB</abbrev>s also threaten water supplies and recreational activities, resulting in economic losses for affected communities. Therefore, detecting and mitigating <abbrev alt="Harmful Algal Bloom">HAB</abbrev>s is an area of continued attention.</p>
<p>A key indicator of <abbrev alt="Harmful Algal Bloom">HAB</abbrev>s is the concentration of Chlorophyll a (<abbrev alt="Chlorophyll-a">Chl-a</abbrev>) in water (<xref ref-type="bibr" rid="ref-3">Karmakar <italic>et al.</italic> (2024)</xref>, <xref ref-type="bibr" rid="ref-4">Pahlevan <italic>et al.</italic> (2020)</xref>, <xref ref-type="bibr" rid="ref-5">Sahwell <italic>et al.</italic> (2024)</xref>). <abbrev alt="Chlorophyll-a">Chl-a</abbrev> is a pigment found in all photosynthetic algae, and its presence is directly correlated with the abundance of algal biomass. Elevated <abbrev alt="Chlorophyll-a">Chl-a</abbrev> levels typically signal increased algal growth, which can indicate the onset or presence of a bloom. Therefore, monitoring <abbrev alt="Chlorophyll-a">Chl-a</abbrev> concentrations provides a reliable proxy for detecting and quantifying <abbrev alt="Harmful Algal Bloom">HAB</abbrev>s in aquatic environments.</p>
<p>Traditionally, <abbrev alt="Chlorophyll-a">Chl-a</abbrev> is detected by in-situ water samples from sources of drinking water. In-situ sampling must be done by experts trained in methods of sample collection and analyzed by professional chemists in the lab with specialized equipment. This makes the process costly and time-consuming. Satellite remotely sensed multispectral or hyperspectral imagery can be used to build statistical models that can predict the amount of <abbrev alt="Chlorophyll-a">Chl-a</abbrev> in sources of drinking water. This reduces the reliance on in-situ sampling and synthesis, but some sample collection and analysis are still required to train these models. Individuals and organizations like smaller communities without access to specialized skills and equipment cannot easily access water quality data.</p>
<p><xref ref-type="bibr" rid="ref-6">Ross <italic>et al.</italic> (2019)</xref> first proposed using the Water Quality Portal (<abbrev alt="Water Quality Portal">WQP</abbrev>) (<xref ref-type="bibr" rid="ref-7">Read <italic>et al.</italic> (2017)</xref>), where organizations can submit surveys of water quality results in the US, along with remotely sensed data, to build water quality measurement models. This study extends Aquasat’s approach by using a bigger timeline and focused geometry using the data from the inland waters of New York State. With more than 10,000 inland water bodies, of which nearly 8000 are lakes, ponds and reservoirs, New York is one of the richest states in terms of freshwater supply (<xref ref-type="fig" rid="figure-1">Figure 1</xref>). Moreover, restricting the geography to a single state allows us to build models that are more specific to the region and its water bodies since other studies have shown that water quality models are not easily transferable across geographies (<xref ref-type="bibr" rid="ref-4">Pahlevan <italic>et al.</italic> (2020)</xref>, <xref ref-type="bibr" rid="ref-8">Topp <italic>et al.</italic> (2021)</xref>).</p>
<fig id="figure-1">
<label>Figure 1:</label>
<caption>
<p>Map of New York State showing all inland water bodies. There are nearly 10,000 inland water bodies in the state of New York, including lakes, ponds, swamps, and reservoirs.</p>
</caption>
<graphic mimetype="image" mime-subtype="png" xlink:href="files/nywater-79beb36fe5f2f3dc090e4f237786dfac.png"/>
</fig>
</sec>
<sec id="sec-2">
<label>2</label>
<title>Data sources</title>
<sec id="sec-3">
<label>2.1</label>
<title>The Water Quality Portal</title>
<p>The Water Quality Portal (<abbrev alt="Water Quality Portal">WQP</abbrev>) <xref ref-type="bibr" rid="ref-7">Read <italic>et al.</italic> (2017)</xref> is a collaborative data service developed by the United States Geological Survey (<abbrev alt="United States Geological Survey">USGS</abbrev>), the Environmental Protection Agency (<abbrev alt="Environmental Protection Agency">EPA</abbrev>), and the National Water Quality Monitoring Council (<abbrev alt="National Water Quality Monitoring Council">NWQMC</abbrev>). Launched in 2012, the <abbrev alt="Water Quality Portal">WQP</abbrev> was created to provide a single access point for water quality data collected by federal, state, tribal, and local agencies, as well as non-governmental organizations across the United States. This data is collected using in-situ measurements with probes and lab analytical methods.</p>
<p>The portal aggregates millions of water quality records, including chemical, physical, and biological measurements from rivers, lakes, streams, and other water bodies. By standardizing and integrating data from multiple sources, the <abbrev alt="Water Quality Portal">WQP</abbrev> enables researchers, policymakers, and the public to easily search, download, and analyze water quality information. This centralized resource supports environmental monitoring, regulatory compliance, scientific research, and informed decision-making related to water resource management. Due to the complexity of data collection and manual steps involved in in-situ sample collection, this data is very infrequent and sometimes unreliable.</p>
<fig id="figure-2">
<label>Figure 2:</label>
<caption>
<p>Water Quality Portal. <ext-link ext-link-type="uri" xlink:href="https://www.waterqualitydata.us/">https://www.waterqualitydata.us/</ext-link></p>
</caption>
<graphic mimetype="image" mime-subtype="png" xlink:href="files/wqp-84e9c86e64e40953e7e0a92dbec873e8.png"/>
</fig>
</sec>
<sec id="sec-4">
<label>2.2</label>
<title>Landsat missions</title>
<p>The Landsat program is a series of Earth-observing satellite missions jointly managed by NASA and the US Geological Survey (<abbrev alt="United States Geological Survey">USGS</abbrev>). Since its inception in 1972, Landsat has provided the longest continuous space-based record of Earth’s land surfaces. The satellites capture multispectral images at regular intervals, enabling the monitoring of environmental changes, land use, agriculture, forestry, and water resources.</p>
<p>Each Landsat satellite is equipped with sensors that detect reflected and emitted energy from the Earth’s surface in visible, near-infrared, and shortwave infrared wavelengths. These data are invaluable for tracking changes in vegetation, surface water, urban development, and natural disasters. The Landsat archive is freely available, making it a critical resource for scientific research and environmental management worldwide. Landsat 7, 8, and 9 missions are Sun-synchronous, near-polar orbit
satellites that provide near-global coverage, with a swath-width of nearly 185 km and resolution of 15-100 m. Individually, they have a repeat cycle of 16 days, but when two of these are combined, we get a repeat cycle of 8 days. This allows us to evaluate water quality at any given place on Earth once every 8 days, subject to cloud cover. The revisit times at any given place on Earth are fairly constant.</p>
<p>For water quality studies, Landsat’s spatial and spectral resolution allows for the detection of features such as algal blooms, sediment plumes, and changes in water color, which can be correlated with parameters like <abbrev alt="Chlorophyll-a">Chl-a</abbrev> concentration.</p>
<fig id="figure-3">
<label>Figure 3:</label>
<caption>
<p>Landsat 9, operational since Sept. 2021, has OLI-2 (visible, <abbrev alt="Near Infrared">NIR</abbrev>, <abbrev alt="Short Wave Infrared">SWIR</abbrev>) and TIRS-2 (thermal) on board.
Source: <ext-link ext-link-type="uri" xlink:href="https://landsat.gsfc.nasa.gov/">https://landsat.gsfc.nasa.gov/</ext-link>.</p>
</caption>
<graphic mimetype="image" mime-subtype="png" xlink:href="files/landsat-fde27c528e581b04a3c3efd4eace3e34.png"/>
</fig>
</sec>
</sec>
<sec id="sec-5">
<label>3</label>
<title>Approach</title>
<sec id="sec-6">
<label>3.1</label>
<title>Data curation</title>
<p>This work follows a sequential process of data curation inspired by <xref ref-type="bibr" rid="ref-6">Ross <italic>et al.</italic> (2019)</xref>, with the key objective of matching coincident Landsat data with available <abbrev alt="Water Quality Portal">WQP</abbrev> measurements for <abbrev alt="Chlorophyll-a">Chl-a</abbrev> in the inland waters of New York State. The entire process is laid out in <xref ref-type="fig" rid="figure-4">Figure 4</xref>.</p>
<fig id="figure-4">
<label>Figure 4:</label>
<caption>
<p>A sequential data curation process involves querying data for <abbrev alt="Chlorophyll-a">Chl-a</abbrev> measurements from <abbrev alt="Water Quality Portal">WQP</abbrev> for New York State’s inland water bodies. This is followed by querying Google Earth Engine (<abbrev alt="Google Earth Engine">GEE</abbrev>) for corresponding Landsat measurements, filtering our potential sources of noise (cloud cover and pixels around major sources of roads), and matching this data to keep measurements that fall within the major water bodies.</p>
</caption>
<graphic mimetype="image" mime-subtype="png" xlink:href="files/workflow-0131a5424037580f854a217b2467deca.png"/>
</fig>
<p>Querying the <abbrev alt="Water Quality Portal">WQP</abbrev> for <abbrev alt="Chlorophyll-a">Chl-a</abbrev> measurements within the bounds of New York State between January 2015 and October 2023 yields a dataset of 68,075 measurements. <abbrev alt="Water Quality Portal">WQP</abbrev> is not consistent in its nomenclature and data quality checks, so it was essential to specify different ways of referring to <abbrev alt="Chlorophyll-a">Chl-a</abbrev>. Some of those ways are <italic>Chlorophyll</italic>, <italic>Chlorophyll A</italic>, <italic>Chlorophyll a</italic>, <italic>Chlorophyll a (probe relative fluorescence)</italic>, <italic>Chlorophyll a (probe)</italic>, <italic>Chlorophyll a - Periphyton (attached)</italic>, <italic>Chlorophyll a - Phytoplankton (suspended)</italic>, <italic>Chlorophyll a, corrected for pheophytin</italic>, and so on. HyRiver, a Python library published by <xref ref-type="bibr" rid="ref-9">Chegini <italic>et al.</italic> (2021)</xref>, was used to connect to the <abbrev alt="Water Quality Portal">WQP</abbrev> and export data.</p>
<p>To reduce the effect of repeated measurements from the same water body and around the same time, we deduplicate data by removing consecutive values with the same date and time if the relative standard deviation (<abbrev alt="relative standard deviation">RSD</abbrev>) of those values was less than 10. Passive remote sensing measurements like Landsat are not sensitive to measuring water quality beyond 100 meters depth. So, we removed all measurements that were reported to be measured beyond 100m in depth. After applying these filters and removing unclean values (where measurement values were not numerical), we are left with 13,717 measurements.</p>
<p>Each record in our <abbrev alt="Water Quality Portal">WQP</abbrev> dataset is indexed by a unique combination of location (latitude and longitude) and date. For each such unique combination, we query Landsat data to find coincident measurements. We begin by querying Landsat metadata, mainly the scene ID, for each row of our <abbrev alt="Chlorophyll-a">Chl-a</abbrev> <abbrev alt="Water Quality Portal">WQP</abbrev> dataset. We find all Landsat scenes which included the location of interest and that were imaged within ±1 day of the <abbrev alt="Water Quality Portal">WQP</abbrev> measurement date using publicly accessible <abbrev alt="United States Geological Survey">USGS</abbrev> APIs. If no coincident Landsat scenes existed, we discard the measurement. This condition further reduces the number of usable measurements to 8295.</p>
<p>Before querying the actual Landsat data, we further filter out the unnecessary parts from each of these Landsat scenes since we only care about the part that images the area of the water body where the <abbrev alt="Water Quality Portal">WQP</abbrev> measurement was recorded. We use Google Earth Engine (<xref ref-type="bibr" rid="ref-10">Gorelick <italic>et al.</italic> (2017)</xref>) to write a data query and pull Landsat imaged data into a tabular featurized form. To do that, we start by creating a 200-meter buffer around the point of interest (<abbrev alt="Water Quality Portal">WQP</abbrev> measurement location) and removing the region that falls outside this buffer. Next, we remove all bits classified as cloud, cloud shadow, or cirrus. We also remove all pixels within 30 meters of major national roads and rail routes (<ext-link ext-link-type="uri" xlink:href="https://www.census.gov/geographies/mapping-files/time-series/geo/tiger-line-file.html">TIGER Roads data</ext-link>). To ensure we do not inadvertently consider any land pixels in our data, we remove all pixels corresponding to geographies not marked as water with a confidence value of 80% or more in <xref ref-type="bibr" rid="ref-11">Pekel <italic>et al.</italic> (2016)</xref>. 4307 measurements remain after applying all these filters.</p>
<p>Finally, we do a spatial join with the <abbrev alt="United States Geological Survey">USGS</abbrev> <abbrev alt="National Hydrography Dataset">NHD</abbrev> dataset to keep measurements corresponding to lakes, ponds, and reservoirs in NY state with an area of more than 0.005 sq. km but less than 1000 sq. km. That leaves us with 428 readings. Each row in this tabular dataset indicates one reading at a unique location and day. The feature values are surface reflectance from different Landsat bandwidths—Blue, Green, Red, Nir, Swir1, and Swir2.</p>
</sec>
<sec id="sec-7">
<label>3.2</label>
<title>Statistical modeling</title>
<p>The cleaned dataset of 428 readings was used to train different statistical models with regression—random forest, gradient boosting, Lasso, AdaBoost, and XGBoost. The best model was chosen based on <abbrev alt="Mean Absolute Error">MAE</abbrev> and <abbrev alt="Root Mean Square Error">RMSE</abbrev> scores in a 10-fold cross-validation experiment. The statistical modeling workflow is shown in <xref ref-type="fig" rid="figure-5">Figure 5</xref>.</p>
<fig id="figure-5">
<label>Figure 5:</label>
<caption>
<p>Training and cross-validation experiment setup</p>
</caption>
<graphic mimetype="image" mime-subtype="png" xlink:href="files/ml-325a452b744844c117943b7097b786fa.png"/>
</fig>
</sec>
</sec>
<sec id="sec-8">
<label>4</label>
<title>Results</title>
<sec id="sec-9">
<label>4.1</label>
<title>Model selection</title>
<p>Based on 10-fold cross-validation results for each algorithm, we find the random forest model performed the best (<xref ref-type="table" rid="table-1">Table 1</xref>) with 500 decision tree estimators. Model algorithm and optimization setup available as part of the scikit-learn project (<xref ref-type="bibr" rid="ref-1">Pedregosa <italic>et al.</italic>, 2011</xref>) in Python was used for model training. We choose this model for further inferencing on other Landsat water body scenes with no matching <abbrev alt="Water Quality Portal">WQP</abbrev> measurements for <abbrev alt="Chlorophyll-a">Chl-a</abbrev>. <xref ref-type="fig" rid="figure-6">Figure 6</xref> shows a comparison of the values predicted by this model and the actual <abbrev alt="Chlorophyll-a">Chl-a</abbrev> measurements from <abbrev alt="Water Quality Portal">WQP</abbrev>.</p>
<table-wrap id="table-1">
<label>Table 1:</label>
<caption>
<p>Cross-validation results. The regression metrics shown below are for the best set of hyperparameters for the displayed algorithm.</p>
</caption>
<table>
<thead>
<tr><th>Algorithm</th><th><abbrev alt="Root Mean Square Error">RMSE</abbrev> (μg/L)</th><th><abbrev alt="Mean Absolute Error">MAE</abbrev> (μg/L)</th><th>R2 (adj.)</th><th><abbrev alt="Mean Absolute Percentage Error">MAPE</abbrev> (%)</th></tr>
</thead>
<tbody>
<tr><td><bold>Random forest</bold></td><td><bold>3.18</bold></td><td><bold>2.22</bold></td><td><bold>0.90</bold></td><td><bold>0.93</bold></td></tr>
<tr><td>Gradient boosting</td><td>8.46</td><td>6.46</td><td>0.29</td><td>2.86</td></tr>
<tr><td>Lasso</td><td>9.98</td><td>7.66</td><td>0.013</td><td>3.31</td></tr>
<tr><td>AdaBoost</td><td>8.28</td><td>6.51</td><td>0.329</td><td>3.072</td></tr>
<tr><td>XGBoost</td><td>3.990</td><td>2.819</td><td>0.842</td><td>1.173</td></tr>
</tbody>
</table>
</table-wrap>
<fig id="figure-6">
<label>Figure 6:</label>
<caption>
<p>Values of <abbrev alt="Chlorophyll-a">Chl-a</abbrev> predicted by the best performance model plotted against actual values.</p>
</caption>
<graphic mimetype="image" mime-subtype="png" xlink:href="files/predvsactual-a4626f5a1fad9ba17bfd351642234fcb.png"/>
</fig>
<p>By training models on in-situ <abbrev alt="Water Quality Portal">WQP</abbrev> data and applying them to Landsat satellite imagery, we can estimate Chlorophyll-a concentrations for over 30 times more locations and days than those directly measured in the <abbrev alt="Water Quality Portal">WQP</abbrev> dataset. This expanded coverage is shown in <xref ref-type="fig" rid="figure-7">Figure 7</xref>.</p>
<fig id="figure-7">
<label>Figure 7:</label>
<caption>
<p>Panel A shows the number of in-situ <abbrev alt="Chlorophyll-a">Chl-a</abbrev> measurements from the Water Quality Portal across New York’s 200 largest lakes between 2015 and 2023. Panel B demonstrates that using remote sensing, we can estimate <abbrev alt="Chlorophyll-a">Chl-a</abbrev> concentrations at over 30 times more locations and dates within the same lakes and time period. Each bubble represents the center of water body and the size of the bubble is proportional to the number of measurements.</p>
</caption>
<graphic mimetype="image" mime-subtype="png" xlink:href="files/nycomparison-838279c246c936569854075a09197426.png"/>
</fig>
</sec>
</sec>
<sec id="sec-10">
<label>5</label>
<title>Conclusion</title>
<p>This study demonstrates that combining Landsat satellite imagery with in-situ water quality measurements enables accurate estimation of <abbrev alt="Chlorophyll-a">Chl-a</abbrev> concentration in New York’s inland waters. The curated dataset and rigorous filtering process ensured high-quality training data, and the random forest regression model achieved strong predictive performance. These results highlight the potential of remote sensing and machine learning to supplement traditional water quality monitoring, offering improved spatial and temporal coverage. Future work could expand this approach to other regions and water quality indicators, further supporting environmental management and public health efforts.</p>
</sec>
</body>
<back>
<ref-list>
<ref id="ref-3">
<element-citation publication-type="journal">
<article-title>Analyzing spatio-temporal variability of aquatic productive components in Northern Bay of Bengal using advanced machine learning models</article-title>
<person-group person-group-type="author">
<name><surname>Karmakar</surname><given-names>Jay</given-names></name>
<name><surname>Mondal</surname><given-names>Ismail</given-names></name>
<name><surname>Hossain</surname><given-names>SK Ariful</given-names></name>
<name><surname>Jose</surname><given-names>Felix</given-names></name>
<name><surname>Pichuka</surname><given-names>Subbarao</given-names></name>
<name><surname>Ghosh</surname><given-names>Debaleena</given-names></name>
<name><surname>De</surname><given-names>Tarun Kumar</given-names></name>
<name><surname>Lu</surname><given-names>Quang-Oai</given-names></name>
<name><surname>Elkhrachy</surname><given-names>Ismail</given-names></name>
<name><surname>Nguyen</surname><given-names>Nguyet-Minh</given-names></name>
</person-group><source>Ocean &amp; Coastal Management</source><year iso-8601-date="2024">2024</year><pub-id pub-id-type="doi">10.1016/j.ocecoaman.2024.107074</pub-id><volume>251</volume><fpage>107074</fpage>
<issn>0964-5691</issn>
</element-citation>
</ref>
<ref id="ref-4">
<element-citation publication-type="journal">
<article-title>Seamless retrievals of chlorophyll-a from Sentinel-2 (MSI) and Sentinel-3 (OLCI) in inland and coastal waters: A machine-learning approach</article-title>
<person-group person-group-type="author">
<name><surname>Pahlevan</surname><given-names>Nima</given-names></name>
<name><surname>Smith</surname><given-names>Brandon</given-names></name>
<name><surname>Schalles</surname><given-names>John</given-names></name>
<name><surname>Binding</surname><given-names>Caren</given-names></name>
<name><surname>Cao</surname><given-names>Zhigang</given-names></name>
<name><surname>Ma</surname><given-names>Ronghua</given-names></name>
<name><surname>Alikas</surname><given-names>Krista</given-names></name>
<name><surname>Kangro</surname><given-names>Kersti</given-names></name>
<name><surname>Gurlin</surname><given-names>Daniela</given-names></name>
<name><surname>Hà</surname><given-names>Nguyễn</given-names></name>
<name><surname>Matsushita</surname><given-names>Bunkei</given-names></name>
<name><surname>Moses</surname><given-names>Wesley</given-names></name>
<name><surname>Greb</surname><given-names>Steven</given-names></name>
<name><surname>Lehmann</surname><given-names>Moritz K.</given-names></name>
<name><surname>Ondrusek</surname><given-names>Michael</given-names></name>
<name><surname>Oppelt</surname><given-names>Natascha</given-names></name>
<name><surname>Stumpf</surname><given-names>Richard</given-names></name>
</person-group><source>Remote Sensing of Environment</source><year iso-8601-date="2020">2020</year><pub-id pub-id-type="doi">10.1016/j.rse.2019.111604</pub-id><volume>240</volume><fpage>111604</fpage>
<issn>0034-4257</issn>
</element-citation>
</ref>
<ref id="ref-5">
<element-citation publication-type="journal">
<article-title>Non-traditional abiotic drivers explain variability of chlorophyll-a in a shallow estuarine embayment</article-title>
<person-group person-group-type="author">
<name><surname>Sahwell</surname><given-names>Peter J.</given-names></name>
<name><surname>Bejar</surname><given-names>Danielle</given-names></name>
<name><surname>Kim</surname><given-names>Dong Min</given-names></name>
<name><surname>Solo-Gabriele</surname><given-names>Helena M.</given-names></name>
</person-group><source>Science of The Total Environment</source><year iso-8601-date="2024">2024</year><pub-id pub-id-type="doi">10.1016/j.scitotenv.2024.170873</pub-id><volume>919</volume><fpage>170873</fpage>
<issn>0048-9697</issn>
</element-citation>
</ref>
<ref id="ref-6">
<element-citation publication-type="journal">
<article-title>AquaSat: A Data Set to Enable Remote Sensing of Water Quality for Inland Waters</article-title>
<person-group person-group-type="author">
<name><surname>Ross</surname><given-names>Matthew R. V.</given-names></name>
<name><surname>Topp</surname><given-names>Simon N.</given-names></name>
<name><surname>Appling</surname><given-names>Alison P.</given-names></name>
<name><surname>Yang</surname><given-names>Xiao</given-names></name>
<name><surname>Kuhn</surname><given-names>Catherine</given-names></name>
<name><surname>Butman</surname><given-names>David</given-names></name>
<name><surname>Simard</surname><given-names>Marc</given-names></name>
<name><surname>Pavelsky</surname><given-names>Tamlin M.</given-names></name>
</person-group><source>Water Resources Research</source><year iso-8601-date="2019">2019</year><pub-id pub-id-type="doi">10.1029/2019wr024883</pub-id><volume>55</volume><issue>11</issue><fpage>10012</fpage><lpage>10025</lpage>
<issn>1944-7973</issn>
</element-citation>
</ref>
<ref id="ref-7">
<element-citation publication-type="journal">
<article-title>Water quality data for national‐scale aquatic research: The Water Quality Portal</article-title>
<person-group person-group-type="author">
<name><surname>Read</surname><given-names>Emily K.</given-names></name>
<name><surname>Carr</surname><given-names>Lindsay</given-names></name>
<name><surname>De Cicco</surname><given-names>Laura</given-names></name>
<name><surname>Dugan</surname><given-names>Hilary A.</given-names></name>
<name><surname>Hanson</surname><given-names>Paul C.</given-names></name>
<name><surname>Hart</surname><given-names>Julia A.</given-names></name>
<name><surname>Kreft</surname><given-names>James</given-names></name>
<name><surname>Read</surname><given-names>Jordan S.</given-names></name>
<name><surname>Winslow</surname><given-names>Luke A.</given-names></name>
</person-group><source>Water Resources Research</source><year iso-8601-date="2017">2017</year><pub-id pub-id-type="doi">10.1002/2016wr019993</pub-id><volume>53</volume><issue>2</issue><fpage>1735</fpage><lpage>1745</lpage>
<issn>1944-7973</issn>
</element-citation>
</ref>
<ref id="ref-8">
<element-citation publication-type="journal">
<article-title>Multi-decadal improvement in US Lake water clarity</article-title>
<person-group person-group-type="author">
<name><surname>Topp</surname><given-names>Simon N</given-names></name>
<name><surname>Pavelsky</surname><given-names>Tamlin M</given-names></name>
<name><surname>Stanley</surname><given-names>Emily H</given-names></name>
<name><surname>Yang</surname><given-names>Xiao</given-names></name>
<name><surname>Griffin</surname><given-names>Claire G</given-names></name>
<name><surname>Ross</surname><given-names>Matthew R V</given-names></name>
</person-group><source>Environmental Research Letters</source><year iso-8601-date="2021">2021</year><pub-id pub-id-type="doi">10.1088/1748-9326/abf002</pub-id><volume>16</volume><issue>5</issue><fpage>055025</fpage>
<issn>1748-9326</issn>
</element-citation>
</ref>
<ref id="ref-9">
<element-citation publication-type="journal">
<article-title>HyRiver: Hydroclimate Data Retriever</article-title>
<person-group person-group-type="author">
<name><surname>Chegini</surname><given-names>Taher</given-names></name>
<name><surname>Li</surname><given-names>Hong-Yi</given-names></name>
<name><surname>Leung</surname><given-names>L.</given-names></name>
</person-group><source>Journal of Open Source Software</source><year iso-8601-date="2021">2021</year><pub-id pub-id-type="doi">10.21105/joss.03175</pub-id><volume>6</volume><issue>66</issue><fpage>3175</fpage>
<issn>2475-9066</issn>
</element-citation>
</ref>
<ref id="ref-10">
<element-citation publication-type="journal">
<article-title>Google Earth Engine: Planetary-scale geospatial analysis for everyone</article-title>
<person-group person-group-type="author">
<name><surname>Gorelick</surname><given-names>Noel</given-names></name>
<name><surname>Hancher</surname><given-names>Matt</given-names></name>
<name><surname>Dixon</surname><given-names>Mike</given-names></name>
<name><surname>Ilyushchenko</surname><given-names>Simon</given-names></name>
<name><surname>Thau</surname><given-names>David</given-names></name>
<name><surname>Moore</surname><given-names>Rebecca</given-names></name>
</person-group><source>Remote Sensing of Environment</source><year iso-8601-date="2017">2017</year><pub-id pub-id-type="doi">10.1016/j.rse.2017.06.031</pub-id><volume>202</volume><fpage>18</fpage><lpage>27</lpage>
<issn>0034-4257</issn>
</element-citation>
</ref>
<ref id="ref-11">
<element-citation publication-type="journal">
<article-title>High-resolution mapping of global surface water and its long-term changes</article-title>
<person-group person-group-type="author">
<name><surname>Pekel</surname><given-names>Jean-François</given-names></name>
<name><surname>Cottam</surname><given-names>Andrew</given-names></name>
<name><surname>Gorelick</surname><given-names>Noel</given-names></name>
<name><surname>Belward</surname><given-names>Alan S.</given-names></name>
</person-group><source>Nature</source><year iso-8601-date="2016">2016</year><pub-id pub-id-type="doi">10.1038/nature20584</pub-id><volume>540</volume><issue>7633</issue><fpage>418</fpage><lpage>422</lpage>
<issn>1476-4687</issn>
</element-citation>
</ref>
<ref id="ref-1">
<element-citation publication-type="journal">
<article-title>Scikit-learn: Machine Learning in Python</article-title>
<person-group person-group-type="author">
<name><surname>Pedregosa</surname><given-names>F.</given-names></name>
<name><surname>Varoquaux</surname><given-names>G.</given-names></name>
<name><surname>Gramfort</surname><given-names>A.</given-names></name>
<name><surname>Michel</surname><given-names>V.</given-names></name>
<name><surname>Thirion</surname><given-names>B.</given-names></name>
<name><surname>Grisel</surname><given-names>O.</given-names></name>
<name><surname>Blondel</surname><given-names>M.</given-names></name>
<name><surname>Prettenhofer</surname><given-names>P.</given-names></name>
<name><surname>Weiss</surname><given-names>R.</given-names></name>
<name><surname>Dubourg</surname><given-names>V.</given-names></name>
<name><surname>Vanderplas</surname><given-names>J.</given-names></name>
<name><surname>Passos</surname><given-names>A.</given-names></name>
<name><surname>Cournapeau</surname><given-names>D.</given-names></name>
<name><surname>Brucher</surname><given-names>M.</given-names></name>
<name><surname>Perrot</surname><given-names>M.</given-names></name>
<name><surname>Duchesnay</surname><given-names>E.</given-names></name>
</person-group><source>Journal of Machine Learning Research</source><year iso-8601-date="2011">2011</year><volume>12</volume><fpage>2825</fpage><lpage>2830</lpage></element-citation>
</ref>
</ref-list>
</back>
</article>
