<?xml version="1.0" encoding="UTF-8"?>
<!DOCTYPE manifest PUBLIC "-//MECA//DTD Manifest v1.0//en" "https://meca.zip/manifest-1.0.dtd">
<manifest manifest-version="1" xmlns="https://manuscriptexchange.org/schema/manifest" xmlns:xlink="http://www.w3.org/1999/xlink">
  <item item-type="article-metadata">
    <instance media-type="application/xml" xlink:href="jats.xml"/>
  </item>
  <item item-type="article-supporting-file">
    <instance media-type="text/plain" xlink:href="files/0611e53520266c2cad223e36a984c772.txt"/>
  </item>
  <item item-type="article-supporting-file">
    <instance media-type="text/plain" xlink:href="files/458c9d73726cde3910610423aa21ee0b.txt"/>
  </item>
  <item item-type="article-supporting-file">
    <instance media-type="text/plain" xlink:href="files/4defe079da6ad8b87125df901f41adbb.txt"/>
  </item>
  <item item-type="article-supporting-file">
    <instance media-type="image/png" xlink:href="files/53b6f3e16de41f928697b27278790fd0.png"/>
  </item>
  <item item-type="article-supporting-file">
    <instance media-type="image/png" xlink:href="files/549ea603aff39c70eba8149848db56de.png"/>
  </item>
  <item item-type="article-supporting-file">
    <instance media-type="image/png" xlink:href="files/55770c3d10da9f2dd1b131444147fde2.png"/>
  </item>
  <item item-type="article-supporting-file">
    <instance media-type="image/png" xlink:href="files/66badc34469c3cfd06798a2dde6f5c61.png"/>
  </item>
  <item item-type="article-supporting-file">
    <instance media-type="text/plain" xlink:href="files/9edad5371420902707bd5968ba9cf7ed.txt"/>
  </item>
  <item item-type="article-supporting-file">
    <instance media-type="text/plain" xlink:href="files/a6255a8d7ac11cabe5829e143599f112.txt"/>
  </item>
  <item item-type="article-supporting-file">
    <instance media-type="image/png" xlink:href="files/aggregation_3in_one-9f1db16c692c7a858b04885f79c5e6e4.png"/>
  </item>
  <item item-type="article-supporting-file">
    <instance media-type="text/plain" xlink:href="files/b064aaf6a3e252ae540f7282243e538a.txt"/>
  </item>
  <item item-type="article-supporting-file">
    <instance media-type="image/png" xlink:href="files/b1f0995e821c2445afb1f81539ddae67.png"/>
  </item>
  <item item-type="article-supporting-file">
    <instance media-type="text/plain" xlink:href="files/b3ae3ab80304496963a4e56d6f88bff3.txt"/>
  </item>
  <item item-type="article-supporting-file">
    <instance media-type="image/png" xlink:href="files/bivariate_pbox-539bbebd3908344dc68f15bb5df0c0a4.png"/>
  </item>
  <item item-type="article-supporting-file">
    <instance media-type="image/png" xlink:href="files/cost_objective-d85051070c72d8ebe4cc9a7dc2878fc9.png"/>
  </item>
  <item item-type="article-supporting-file">
    <instance media-type="image/png" xlink:href="files/d062bef83479b39bd88444e6d1b63811.png"/>
  </item>
  <item item-type="article-supporting-file">
    <instance media-type="image/png" xlink:href="files/d6a172d713fc949480cd823bb404731c.png"/>
  </item>
  <item item-type="article-supporting-file">
    <instance media-type="image/png" xlink:href="files/demon_pof_bounds-921e95525fb7fe47e5508d1169221782.png"/>
  </item>
  <item item-type="article-supporting-file">
    <instance media-type="image/png" xlink:href="files/f1b07b41099ce4189693db1d103a6457.png"/>
  </item>
  <item item-type="article-supporting-file">
    <instance media-type="image/png" xlink:href="files/f44ea495a6ff53f58243d1b55ba53b6c.png"/>
  </item>
  <item item-type="article-supporting-file">
    <instance media-type="image/png" xlink:href="files/flowchart-2149625c97daac8a54470668081f6f9a.png"/>
  </item>
  <item item-type="article-supporting-file">
    <instance media-type="image/png" xlink:href="files/free_pbox_constraint-ea1a4fb3c7745797b9b80aee7877a6c6.png"/>
  </item>
  <item item-type="article-supporting-file">
    <instance media-type="image/png" xlink:href="files/hedges-39d04ad4e8564acab37f93d7c911e597.png"/>
  </item>
  <item item-type="article-supporting-file">
    <instance media-type="image/png" xlink:href="files/imprecise_measuremen-b06c2bf87ecc1098cf186096cefcac9b.png"/>
  </item>
  <item item-type="article-supporting-file">
    <instance media-type="image/png" xlink:href="files/opt_example-de50268a64de5291845ea9b1693f7a88.png"/>
  </item>
  <item item-type="article-supporting-file">
    <instance media-type="image/png" xlink:href="files/pbox_arithmetic-e9cafc2f0a26450c8903ac4f05c7e24a.png"/>
  </item>
  <item item-type="article-supporting-file">
    <instance media-type="image/png" xlink:href="files/pbox_array-85bdc3edb3ebbbcc0e55cc7f5cf56cce.png"/>
  </item>
  <item item-type="article-supporting-file">
    <instance media-type="image/png" xlink:href="files/uc_diagram-6d55ec7f050bca3a6bc25a69ef6e5c7c.png"/>
  </item>
  <item item-type="manuscript">
    <instance media-type="application/pdf" xlink:href="full_text.pdf"/>
  </item>
  <item item-type="article-source">
    <instance media-type="text/yaml" xlink:href="bundle/myst.yml"/>
  </item>
  <item item-type="article-source">
    <instance media-type="text/markdown" xlink:href="bundle/main.md"/>
  </item>
  <item item-type="article-source">
    <instance media-type="image/png" xlink:href="bundle/uc_diagram.png"/>
  </item>
  <item item-type="article-source">
    <instance media-type="image/png" xlink:href="bundle/free_pbox_constraints_diagram.png"/>
  </item>
  <item item-type="article-source">
    <instance media-type="image/png" xlink:href="bundle/aggregation_3in_one.png"/>
  </item>
  <item item-type="article-source">
    <instance media-type="image/png" xlink:href="bundle/imprecise_measurements_combo.png"/>
  </item>
  <item item-type="article-source">
    <instance media-type="image/png" xlink:href="bundle/hedges.png"/>
  </item>
  <item item-type="article-source">
    <instance media-type="image/png" xlink:href="bundle/bivariate_pbox.png"/>
  </item>
  <item item-type="article-source">
    <instance media-type="image/png" xlink:href="bundle/pbox_arithmetic.png"/>
  </item>
  <item item-type="article-source">
    <instance media-type="image/png" xlink:href="bundle/flowchart.png"/>
  </item>
  <item item-type="article-source">
    <instance media-type="image/png" xlink:href="bundle/demon_pof_bounds.png"/>
  </item>
  <item item-type="article-source">
    <instance media-type="image/png" xlink:href="bundle/cost_objective.png"/>
  </item>
  <item item-type="article-source">
    <instance media-type="image/png" xlink:href="bundle/pbox_array.png"/>
  </item>
  <item item-type="article-source">
    <instance media-type="image/png" xlink:href="bundle/opt_example.png"/>
  </item>
  <item item-type="article-source">
    <instance media-type="application/x-ipynb+json" xlink:href="bundle/notebooks/tutorial: pyuncertainnumber_uncertainty_management.ipynb"/>
  </item>
  <item item-type="article-source">
    <instance media-type="application/x-bibtex" xlink:href="bundle/mybib.bib"/>
  </item>
  <item item-type="article-source-directory">
    <instance media-type="application/x-directory" xlink:href="bundle/"/>
  </item>
</manifest>