<?xml version="1.0" encoding="UTF-8"?>
<!DOCTYPE manifest PUBLIC "-//MECA//DTD Manifest v1.0//en" "https://meca.zip/manifest-1.0.dtd">
<manifest manifest-version="1" xmlns="https://manuscriptexchange.org/schema/manifest" xmlns:xlink="http://www.w3.org/1999/xlink">
  <item item-type="article-metadata">
    <instance media-type="application/xml" xlink:href="jats.xml"/>
  </item>
  <item item-type="article-supporting-file">
    <instance media-type="image/png" xlink:href="files/fig-depth-abs-error--4ed63ed11e797b0d060640409a5f49ba.png"/>
  </item>
  <item item-type="article-supporting-file">
    <instance media-type="image/png" xlink:href="files/fig-depth-pipeline-f-d8ba219922ecde2b2ce1d23c4e26136e.png"/>
  </item>
  <item item-type="article-supporting-file">
    <instance media-type="image/png" xlink:href="files/fig-depth-prediction-ad35899e655d1ba9139a3d355db140f7.png"/>
  </item>
  <item item-type="article-supporting-file">
    <instance media-type="image/jpeg" xlink:href="files/fig-depth-reference--f0a4e61da21dd812573007bdcfab6a1b.jpg"/>
  </item>
  <item item-type="article-supporting-file">
    <instance media-type="image/png" xlink:href="files/fig-depth-test-dista-34ee26c7a9feb7dd949710c522a307c8.png"/>
  </item>
  <item item-type="article-supporting-file">
    <instance media-type="image/png" xlink:href="files/fig-image-architectu-3d4ee3296f9066d6197a628b143627cd.png"/>
  </item>
  <item item-type="article-supporting-file">
    <instance media-type="image/png" xlink:href="files/fig-image-class-obs--814f98c81fbd1c1a8dbc628fc89243a7.png"/>
  </item>
  <item item-type="article-supporting-file">
    <instance media-type="image/png" xlink:href="files/fig-image-f1-ecdf-44a87a6d15ab57d67e6e434ecce8e8d9.png"/>
  </item>
  <item item-type="article-supporting-file">
    <instance media-type="image/png" xlink:href="files/fig-image-pipeline-f-e63267962d43671638565782af240f5c.png"/>
  </item>
  <item item-type="article-supporting-file">
    <instance media-type="image/png" xlink:href="files/fig-image-precision--b69d659f650129e18cc58a2eeae5a9ea.png"/>
  </item>
  <item item-type="article-supporting-file">
    <instance media-type="image/png" xlink:href="files/fig-video-animal-pre-1f25c1a5d8a47681953ce1aae62e714b.png"/>
  </item>
  <item item-type="article-supporting-file">
    <instance media-type="image/png" xlink:href="files/fig-video-animal-pre-a53de13a9a4f10197466a828a2b33031.png"/>
  </item>
  <item item-type="article-supporting-file">
    <instance media-type="image/png" xlink:href="files/fig-video-holdout-di-a87a54651d14e7663040f94fb42de05f.png"/>
  </item>
  <item item-type="article-supporting-file">
    <instance media-type="image/png" xlink:href="files/fig-video-holdout-pr-8c23379098d895c9b1553055baebdb6a.png"/>
  </item>
  <item item-type="article-supporting-file">
    <instance media-type="image/png" xlink:href="files/fig-video-pipeline-f-12f8c4ca985256dd3a03df16d0ba5118.png"/>
  </item>
  <item item-type="article-supporting-file">
    <instance media-type="image/png" xlink:href="files/fig-zamba-cloud-arch-f03368b5f5497df130eb74617457948c.png"/>
  </item>
  <item item-type="article-supporting-file">
    <instance media-type="image/png" xlink:href="files/fig-zambacloud-revie-6f2616a5458dcafa7f321c0719fb1203.png"/>
  </item>
  <item item-type="article-supporting-file">
    <instance media-type="image/png" xlink:href="files/fig-zambacloud-train-f6af3c8ad5bd396e3afbb51207c4e2eb.png"/>
  </item>
  <item item-type="manuscript">
    <instance media-type="application/pdf" xlink:href="full_text.pdf"/>
  </item>
  <item item-type="article-source">
    <instance media-type="text/yaml" xlink:href="bundle/myst.yml"/>
  </item>
  <item item-type="article-source">
    <instance media-type="text/markdown" xlink:href="bundle/main.md"/>
  </item>
  <item item-type="article-source">
    <instance media-type="image/png" xlink:href="bundle/fig-video-pipeline-flow.png"/>
  </item>
  <item item-type="article-source">
    <instance media-type="image/png" xlink:href="bundle/fig-video-holdout-distribution.png"/>
  </item>
  <item item-type="article-source">
    <instance media-type="image/png" xlink:href="bundle/fig-video-holdout-precision-recall.png"/>
  </item>
  <item item-type="article-source">
    <instance media-type="image/png" xlink:href="bundle/fig-image-pipeline-flow.png"/>
  </item>
  <item item-type="article-source">
    <instance media-type="image/png" xlink:href="bundle/fig-image-architecture-f1-curves.png"/>
  </item>
  <item item-type="article-source">
    <instance media-type="image/png" xlink:href="bundle/fig-image-class-obs-ecdf.png"/>
  </item>
  <item item-type="article-source">
    <instance media-type="image/png" xlink:href="bundle/fig-image-f1-ecdf.png"/>
  </item>
  <item item-type="article-source">
    <instance media-type="image/jpeg" xlink:href="bundle/fig-depth-reference-video.jpg"/>
  </item>
  <item item-type="article-source">
    <instance media-type="image/png" xlink:href="bundle/fig-depth-pipeline-flow.png"/>
  </item>
  <item item-type="article-source">
    <instance media-type="image/png" xlink:href="bundle/fig-depth-test-distance-distr.png"/>
  </item>
  <item item-type="article-source">
    <instance media-type="image/png" xlink:href="bundle/fig-depth-prediction-density.png"/>
  </item>
  <item item-type="article-source">
    <instance media-type="image/png" xlink:href="bundle/fig-depth-abs-error-by-species.png"/>
  </item>
  <item item-type="article-source">
    <instance media-type="image/png" xlink:href="bundle/fig-zambacloud-training-workflow.png"/>
  </item>
  <item item-type="article-source">
    <instance media-type="image/png" xlink:href="bundle/fig-zamba-cloud-architecture.png"/>
  </item>
  <item item-type="article-source">
    <instance media-type="application/x-bibtex" xlink:href="bundle/mybib.bib"/>
  </item>
  <item item-type="article-source-directory">
    <instance media-type="application/x-directory" xlink:href="bundle/"/>
  </item>
</manifest>