<?xml version="1.0" encoding="UTF-8"?>
<!DOCTYPE article PUBLIC "-//NLM//DTD JATS (Z39.96) Journal Archiving and Interchange DTD with MathML3 v1.3 20210610//EN" "http://jats.nlm.nih.gov/publishing/1.3/JATS-archivearticle1-3-mathml3.dtd">
<article xmlns:mml="http://www.w3.org/1998/Math/MathML" xmlns:xlink="http://www.w3.org/1999/xlink" xmlns:xsi="http://www.w3.org/2001/XMLSchema-instance" xmlns:ali="http://www.niso.org/schemas/ali/1.0/" dtd-version="1.3" xml:lang="en" id="main">
<front>
<article-meta>
<article-id pub-id-type="doi">10.25080/dvta2583</article-id>
<title-group>
<article-title>Quantum Chemistry Acceleration: Comparative Performance Analysis of Modern DFT Implementations</article-title>
<alt-title alt-title-type="running-head">Quantum Chemistry Acceleration: Comparative Performance Analysis</alt-title>
</title-group>
<contrib-group>
<contrib contrib-type="author" corresp="yes">
<contrib-id contrib-id-type="orcid">https://orcid.org/0009-0003-4407-3738</contrib-id>
<name name-style="western"><surname>Sahara</surname><given-names>Kyohei</given-names></name>
<xref ref-type="aff" rid="aff-1"/>
<email>schwalbe10@gmail.com</email>
</contrib>
</contrib-group>
<aff id="aff-1">
<institution-wrap>
<institution>Kyoto University</institution>
</institution-wrap>
</aff>
<fpage>202</fpage><lpage>206</lpage>
<permissions>
<ali:free_to_read/>
<license xlink:href="https://creativecommons.org/licenses/by/4.0/">
<ali:license_ref>https://creativecommons.org/licenses/by/4.0/</ali:license_ref>
<license-p>This is an open access article distributed under the terms of the <ext-link ext-link-type="uri" xlink:href="http://creativecommons.org/licenses/by/4.0/">Creative Commons Attribution License</ext-link>, which permits unrestricted use, distribution, and reproduction in any medium, provided the original author and source are credited.</license-p>
</license>
</permissions>
<abstract>
<p>This article examines the acceleration of quantum chemistry calculations through
modern implementations of Density Functional Theory (<abbrev alt="Density Functional Theory">DFT</abbrev>). We provide a
comparative performance analysis between traditional frameworks and advanced
implementations, demonstrating computational efficiency gains. Applications
in electrolyte membrane structure analysis illustrate the practical benefits of
these performance improvements. Our benchmarking results show how
transitioning from traditional implementations to optimized frameworks
enables more extensive quantum chemistry simulations within reduced
timeframes, with substantial speedups obtained through modern code
optimization techniques in Python-based quantum chemistry environments.</p>
</abstract>
<kwd-group>
<kwd>quantum chemistry</kwd>
<kwd>density functional theory</kwd>
<kwd>performance analysis</kwd>
<kwd>computational chemistry</kwd>
</kwd-group>
</article-meta>
</front>
<body>
<sec id="sec-1">
<label>1</label>
<title>Introduction</title>
<p>Quantum chemistry calculations have become indispensable tools for understanding
molecular properties, reaction mechanisms, and material behavior at the atomic
scale. Density Functional Theory (<abbrev alt="Density Functional Theory">DFT</abbrev>) has emerged as one of the most
widely used quantum mechanical methods due to its
balance between computational efficiency and chemical accuracy. However, as
research problems become increasingly complex and systems grow larger, the
computational demands of traditional <abbrev alt="Density Functional Theory">DFT</abbrev> implementations often become
prohibitive. Modern scientific computing has witnessed advances in optimization
techniques, parallel processing, and algorithmic improvements that directly
benefit quantum chemistry calculations. The Python ecosystem, in particular,
has seen growth in high-performance scientific libraries that enable
researchers to leverage these advances more effectively.</p>
<p>This article presents a performance analysis comparing traditional
quantum chemistry frameworks with modern optimized implementations. The development of environmentally-friendly materials for electrochemical applications is crucial for sustainable energy storage and electrolysis technologies. This study focuses on chlorinated analogues of phosphoric acid compounds (<inline-formula><alternatives><mml:math display="inline"><mml:mtext>C</mml:mtext><mml:msub><mml:mtext>Cl</mml:mtext><mml:mn>3</mml:mn></mml:msub><mml:mtext>C</mml:mtext><mml:msub><mml:mtext>Cl</mml:mtext><mml:mn>2</mml:mn></mml:msub><mml:msub><mml:mtext>PO</mml:mtext><mml:mn>3</mml:mn></mml:msub><mml:mtext>H</mml:mtext></mml:math><tex-math><![CDATA[\text{C}\text{Cl}_3\text{C}\text{Cl}_2\text{PO}_3\text{H}]]></tex-math></alternatives></inline-formula>) as alternatives to fluorinated materials for use in electrochemical systems, aiming to reduce environmental impact while maintaining proton conductivity properties for electrolysis processes. Each test system contains 38 atoms with varying water molecule distributions to simulate realistic chemical environments. Our
analysis demonstrates substantial computational speedups obtained through modern
code optimization strategies while maintaining chemical accuracy.</p>
</sec>
<sec id="sec-2">
<label>2</label>
<title>Methods</title>
<sec id="sec-3">
<label>2.1</label>
<title>Target System</title>
<p>Understanding proton exchange membrane structures represents a particularly challenging
application for quantum chemistry calculations. The structural analysis involves
complex multi-component systems including polymer chains, ionic species, and
interfacial interactions. Traditional <abbrev alt="Density Functional Theory">DFT</abbrev> implementations require substantial
computational resources to adequately characterize these structures.</p>
<p>For example, studying environmentally-friendly phosphoric acid structures based on chlorinated analogues of <inline-formula><alternatives><mml:math display="inline"><mml:mtext>C</mml:mtext><mml:msub><mml:mtext>F</mml:mtext><mml:mn>3</mml:mn></mml:msub><mml:mtext>C</mml:mtext><mml:msub><mml:mtext>F</mml:mtext><mml:mn>2</mml:mn></mml:msub><mml:msub><mml:mtext>PO</mml:mtext><mml:mn>3</mml:mn></mml:msub><mml:mtext>H</mml:mtext></mml:math><tex-math><![CDATA[\text{C}\text{F}_3\text{C}\text{F}_2\text{PO}_3\text{H}]]></tex-math></alternatives></inline-formula> (<xref ref-type="bibr" rid="ref-1">Ogawa <italic>et al.</italic>, 2021</xref>), specifically <inline-formula><alternatives><mml:math display="inline"><mml:mtext>C</mml:mtext><mml:msub><mml:mtext>Cl</mml:mtext><mml:mn>3</mml:mn></mml:msub><mml:mtext>C</mml:mtext><mml:msub><mml:mtext>Cl</mml:mtext><mml:mn>2</mml:mn></mml:msub><mml:msub><mml:mtext>PO</mml:mtext><mml:mn>3</mml:mn></mml:msub><mml:mtext>H</mml:mtext></mml:math><tex-math><![CDATA[\text{C}\text{Cl}_3\text{C}\text{Cl}_2\text{PO}_3\text{H}]]></tex-math></alternatives></inline-formula> compounds with water molecules, requires calculations on systems containing 38 atoms total with multiple conformational states. The fluorine-to-chlorine substitution aims to develop non-fluorinated materials for environmental sustainability. To investigate proton conductivity properties, several <inline-formula><alternatives><mml:math display="inline"><mml:msub><mml:mtext>H</mml:mtext><mml:mn>2</mml:mn></mml:msub><mml:mtext>O</mml:mtext></mml:math><tex-math><![CDATA[\text{H}_2\text{O}]]></tex-math></alternatives></inline-formula> molecules are included in the computational model to simulate realistic proton-conducting environments. Using conventional frameworks like SIESTA (<xref ref-type="bibr" rid="ref-4">Soler <italic>et al.</italic>, 2002</xref>), geometry optimization requires substantial computational time on modern computational clusters, making comprehensive structural studies computationally expensive.</p>
<fig id="figure-1">
<label>Figure 1:</label>
<caption>
<p>Chemical structure of the <inline-formula><alternatives><mml:math display="inline"><mml:mtext>C</mml:mtext><mml:msub><mml:mtext>Cl</mml:mtext><mml:mn>3</mml:mn></mml:msub><mml:mtext>C</mml:mtext><mml:msub><mml:mtext>Cl</mml:mtext><mml:mn>2</mml:mn></mml:msub><mml:msub><mml:mtext>PO</mml:mtext><mml:mn>3</mml:mn></mml:msub><mml:mtext>H</mml:mtext></mml:math><tex-math><![CDATA[\text{C}\text{Cl}_3\text{C}\text{Cl}_2\text{PO}_3\text{H}]]></tex-math></alternatives></inline-formula> compound with <inline-formula><alternatives><mml:math display="inline"><mml:msub><mml:mtext>H</mml:mtext><mml:mn>2</mml:mn></mml:msub><mml:mtext>O</mml:mtext></mml:math><tex-math><![CDATA[\text{H}_2\text{O}]]></tex-math></alternatives></inline-formula> molecules studied in this work, showing the chlorinated analogue design for environmental sustainability and proton conduction pathway investigation.</p>
</caption>
<graphic mimetype="image" mime-subtype="svg" xlink:href="files/structure-baf2403194ebd29e2f189d578d96ccf8.svg"/>
</fig>
</sec>
<sec id="sec-4">
<label>2.2</label>
<title>Computational Frameworks</title>
<p>Traditional quantum chemistry frameworks have provided the foundation for
decades of molecular modeling research. Packages such as
SIESTA have been widely adopted due to their robust implementations and
extensive feature sets. However, traditional implementations like SIESTA often present computational
bottlenecks when applied to complex systems requiring extensive parameter space
exploration. SIESTA remains valuable for specific applications requiring its specialized basis sets, pseudopotentials, or particular exchange-correlation functionals, but may be less optimal for high-throughput studies.</p>
<p>Modern Python-based quantum chemistry environments offer
computational advantages through optimized algorithms, efficient memory
management, and leveraging of high-performance numerical libraries. Frameworks
such as PySCF (<xref ref-type="bibr" rid="ref-2">Sun <italic>et al.</italic>, 2018</xref>) and its GPU-accelerated extension GPU4PySCF (<xref ref-type="bibr" rid="ref-3">Wu <italic>et al.</italic>, 2024</xref>) have emerged as powerful
alternatives that can dramatically reduce computation times while maintaining
chemical accuracy. PySCF achieves performance improvements through efficient integral computation algorithms and optimized parallel processing using OpenMP and MPI implementations, while GPU4PySCF further accelerates calculations by leveraging GPU parallelization for computationally intensive operations like two-electron integrals and matrix operations.</p>
</sec>
</sec>
<sec id="sec-5">
<label>3</label>
<title>Experimental Conditions</title>
<p>Our benchmarking study compares computational performance across SIESTA, PySCF, and GPU4PySCF implementations using identical test systems. The benchmark suite consists of 85 individual input files, each being a 38-atom system containing a chlorinated phosphoric acid structure (<inline-formula><alternatives><mml:math display="inline"><mml:mtext>C</mml:mtext><mml:msub><mml:mtext>Cl</mml:mtext><mml:mn>3</mml:mn></mml:msub><mml:mtext>C</mml:mtext><mml:msub><mml:mtext>Cl</mml:mtext><mml:mn>2</mml:mn></mml:msub><mml:msub><mml:mtext>PO</mml:mtext><mml:mn>3</mml:mn></mml:msub><mml:msub><mml:mtext>H</mml:mtext><mml:mn>2</mml:mn></mml:msub></mml:math><tex-math><![CDATA[\text{C}\text{Cl}_3\text{C}\text{Cl}_2\text{PO}_3\text{H}_2]]></tex-math></alternatives></inline-formula>) with water molecules. These configurations feature varying water molecule distributions around the phosphoric acid structure to represent different water-membrane configurations, providing realistic system sizes for environmentally-friendly materials design with statistical reliability.</p>
<p>All calculations were performed using identical computational setups to ensure fair comparison:</p>
<list list-type="bullet">
<list-item>
<p><bold>System</bold>: 38-atom systems containing 2 <inline-formula><alternatives><mml:math display="inline"><mml:mtext>C</mml:mtext><mml:msub><mml:mtext>Cl</mml:mtext><mml:mn>3</mml:mn></mml:msub><mml:mtext>C</mml:mtext><mml:msub><mml:mtext>Cl</mml:mtext><mml:mn>2</mml:mn></mml:msub><mml:msub><mml:mtext>PO</mml:mtext><mml:mn>3</mml:mn></mml:msub><mml:msub><mml:mtext>H</mml:mtext><mml:mn>2</mml:mn></mml:msub></mml:math><tex-math><![CDATA[\text{C}\text{Cl}_3\text{C}\text{Cl}_2\text{PO}_3\text{H}_2]]></tex-math></alternatives></inline-formula> structures with 4 <inline-formula><alternatives><mml:math display="inline"><mml:msub><mml:mtext>H</mml:mtext><mml:mn>2</mml:mn></mml:msub><mml:mtext>O</mml:mtext></mml:math><tex-math><![CDATA[\text{H}_2\text{O}]]></tex-math></alternatives></inline-formula> molecules</p>
</list-item><list-item>
<p><bold>Exchange-correlation functional</bold>: RPBE</p>
</list-item><list-item>
<p><bold>Basis set</bold>: DZP (Double-Zeta Polarized)</p>
</list-item><list-item>
<p><bold>Convergence criteria</bold>: SCF tolerance of 10<sup>-6</sup> for all calculations</p>
</list-item><list-item>
<p><bold>Computational environment</bold>:</p>
<list list-type="bullet">
<list-item>
<p>SIESTA (CPU): 16 parallel jobs (2 cores per job)</p>
</list-item><list-item>
<p>PySCF (CPU): 16 parallel jobs (2 cores per job)</p>
</list-item><list-item>
<p>GPU4PySCF (GPU): 16 parallel jobs</p>
</list-item>
</list>
</list-item><list-item>
<p><bold>Hardware</bold>:</p>
<list list-type="bullet">
<list-item>
<p>CPU: Intel Xeon processors, 32 vCPUs, 256 GiB memory (AWS r7i.8xlarge, $2.117/hr)</p>
</list-item><list-item>
<p>GPU: 8x NVIDIA A100 80GB SXM4, 240 vCPUs, 1800 GiB RAM (Lambda, $14.32/hr)</p>
</list-item>
</list>
</list-item><list-item>
<p><bold>Performance metrics</bold>: Execution times and costs calculated based on cumulative processing time for all 85 configurations divided by parallelization factor (16) to reflect actual wall-clock time and resource usage</p>
</list-item>
</list>
</sec>
<sec id="sec-6">
<label>4</label>
<title>Results and Discussion</title>
<sec id="sec-7">
<label>4.1</label>
<title>Performance Comparison</title>
<p><xref ref-type="fig" rid="figure-2">Figure 2</xref> shows the performance differences between the three implementations. SIESTA represents the traditional approach with longer execution times, while PySCF provides acceleration through modern optimization techniques. GPU4PySCF shows the best performance by leveraging GPU acceleration, showing improvement in execution time while maintaining lower computational costs. These performance differences enable researchers to conduct more extensive conformational sampling and statistical analysis within available computational resources.</p>
<fig id="figure-2">
<label>Figure 2:</label>
<caption>
<p>Computational performance comparison between SIESTA, PySCF, and GPU4PySCF for 38-atom systems containing phosphoric acid structures, showing both execution time (left) and computational cost (right).</p>
</caption>
<graphic mimetype="image" mime-subtype="svg" xlink:href="files/comparison-21952ed0ba853b9e3ac1e87d04f804c3.svg"/>
</fig>
</sec>
<sec id="sec-8">
<label>4.2</label>
<title>Impact on Research Methodology</title>
<p>The performance improvements demonstrated in this study have broader implications beyond phosphoric acid structure analysis. The 3.7× speedup observed with PySCF and 390× speedup with GPU4PySCF can be expected to apply to similar molecule systems with comparable atom counts and electronic structure characteristics.</p>
<p>These computational advantages enable:</p>
<list list-type="bullet">
<list-item>
<p><bold>Expanded parameter space exploration</bold>: Systematic investigation of molecular modifications, conformational changes, and environmental conditions across diverse chemical systems through sampling of structural configurations</p>
</list-item><list-item>
<p><bold>Enhanced statistical reliability</bold>: Larger sample sizes enabling more robust conclusions and confident predictions in materials design studies through increased sampling of molecular configurations and property distributions</p>
</list-item><list-item>
<p><bold>Integration with modern workflows</bold>: Seamless compatibility with machine learning approaches and automated high-throughput computational screening pipelines, facilitating development of predictive models for materials discovery</p>
</list-item>
</list>
<p>The methodology established here provides a foundation for accelerating quantum chemistry calculations across various molecular systems, particularly those involving compounds with heteroatoms (atoms other than carbon and hydrogen) and solvation effects (interactions between solutes and surrounding solvent molecules).</p>
</sec>
</sec>
<sec id="sec-9">
<label>5</label>
<title>Conclusions</title>
<p>This study demonstrates computational advantages of modern PySCF implementations over traditional SIESTA for <abbrev alt="Density Functional Theory">DFT</abbrev> calculations.</p>
<p>Key findings include:</p>
<list list-type="order">
<list-item>
<p><bold>Performance improvement</bold>: PySCF shows 3.7× speedup and GPU4PySCF demonstrates 390× speedup compared to SIESTA while maintaining chemical accuracy</p>
</list-item><list-item>
<p><bold>Cost efficiency</bold>: Computational costs reduced from $460.50 (SIESTA) to $125.35 (PySCF) and $7.99 (GPU4PySCF), representing 73% and 98% cost reductions respectively</p>
</list-item><list-item>
<p><bold>Broader applicability</bold>: The methodology extends to similar molecular systems, enabling systematic parameter exploration and integration with modern computational workflows</p>
</list-item>
</list>
<p>These results provide a foundation for accelerating quantum chemistry calculations across various molecular systems. The demonstrated efficiency gains illustrate the potential for making quantum chemistry calculations more accessible for complex materials science applications.</p>
</sec>
<sec id="sec-10">
<label>6</label>
<title>Code Availability</title>
<p>The computational scripts, input files, and data processing code used in this study are available at:</p>
<p><ext-link ext-link-type="uri" xlink:href="https://github.com/schwalbe10/quantum-chemistry-acceleration">https://github.com/schwalbe10/quantum-chemistry-acceleration</ext-link></p>
<p>The repository includes:</p>
<list list-type="bullet">
<list-item>
<p>SIESTA, PySCF and GPU4PySCF calculation scripts</p>
</list-item><list-item>
<p>85 input configurations for phosphoric acid structures</p>
</list-item><list-item>
<p>Data processing and visualization code</p>
</list-item><list-item>
<p>Detailed instructions for reproducing the benchmark results</p>
</list-item>
</list>
</sec>
</body>
<back>
<ref-list>
<ref id="ref-1">
<element-citation publication-type="journal">
<article-title>Suitable Acid Groups and Density in Electrolytes to Facilitate Proton Conduction</article-title>
<person-group person-group-type="author">
<name><surname>Ogawa</surname><given-names>Takaya</given-names></name>
<name><surname>Ohashi</surname><given-names>Hidenori</given-names></name>
<name><surname>Anilkumar</surname><given-names>Gopinathan M.</given-names></name>
<name><surname>Tamaki</surname><given-names>Takanori</given-names></name>
<name><surname>Yamaguchi</surname><given-names>Takeo</given-names></name>
</person-group><source>Physical Chemistry Chemical Physics</source><year iso-8601-date="2021">2021</year><pub-id pub-id-type="doi">10.1039/D1CP00718A</pub-id><volume>23</volume><issue>41</issue><fpage>23778</fpage><lpage>23786</lpage></element-citation>
</ref>
<ref id="ref-4">
<element-citation publication-type="journal">
<article-title>The SIESTA Method for Ab Initio Order-N Materials Simulation</article-title>
<person-group person-group-type="author">
<name><surname>Soler</surname><given-names>Jose M.</given-names></name>
<name><surname>Artacho</surname><given-names>Emilio</given-names></name>
<name><surname>Gale</surname><given-names>Julian D.</given-names></name>
<name><surname>Garcia</surname><given-names>Alberto</given-names></name>
<name><surname>Junquera</surname><given-names>Javier</given-names></name>
<name><surname>Ordejon</surname><given-names>Pablo</given-names></name>
<name><surname>Sanchez-Portal</surname><given-names>Daniel</given-names></name>
</person-group><source>Journal of Physics: Condensed Matter</source><year iso-8601-date="2002">2002</year><pub-id pub-id-type="doi">10.1088/0953-8984/14/11/302</pub-id><volume>14</volume><issue>11</issue><fpage>2745</fpage><lpage>2779</lpage></element-citation>
</ref>
<ref id="ref-2">
<element-citation publication-type="journal">
<article-title>PySCF: The Python‐based Simulations of Chemistry Framework</article-title>
<person-group person-group-type="author">
<name><surname>Sun</surname><given-names>Qiming</given-names></name>
<name><surname>Berkelbach</surname><given-names>Timothy C.</given-names></name>
<name><surname>Blunt</surname><given-names>Nick S.</given-names></name>
<name><surname>Booth</surname><given-names>George H.</given-names></name>
<name><surname>Guo</surname><given-names>Sheng</given-names></name>
<name><surname>Li</surname><given-names>Zhendong</given-names></name>
<name><surname>Liu</surname><given-names>Junzi</given-names></name>
<name><surname>McClain</surname><given-names>James D.</given-names></name>
<name><surname>Sayfutyarova</surname><given-names>Elvira R.</given-names></name>
<name><surname>Sharma</surname><given-names>Sandeep</given-names></name>
<name><surname>Wouters</surname><given-names>Sebastian</given-names></name>
<name><surname>Chan</surname><given-names>Garnet Kin-Lic</given-names></name>
</person-group><source>WIREs Computational Molecular Science</source><year iso-8601-date="2018">2018</year><pub-id pub-id-type="doi">10.1002/wcms.1340</pub-id><volume>8</volume><issue>1</issue><fpage>e1340</fpage></element-citation>
</ref>
<ref id="ref-3">
<element-citation publication-type="journal">
<article-title>Enhancing GPU-Acceleration in the Python-Based Simulations of Chemistry Framework</article-title>
<person-group person-group-type="author">
<name><surname>Wu</surname><given-names>Xiaojie</given-names></name>
<name><surname>Sun</surname><given-names>Qiming</given-names></name>
<name><surname>Pu</surname><given-names>Zhichen</given-names></name>
<name><surname>Zheng</surname><given-names>Tianze</given-names></name>
<name><surname>Ma</surname><given-names>Wenzhi</given-names></name>
<name><surname>Yan</surname><given-names>Wen</given-names></name>
<name><surname>Yu</surname><given-names>Xia</given-names></name>
<name><surname>others</surname></name>
</person-group><source>WIREs Computational Molecular Science</source><year iso-8601-date="2024">2024</year><pub-id pub-id-type="doi">10.1002/wcms.70008</pub-id></element-citation>
</ref>
</ref-list>
</back>
</article>
