<?xml version="1.0" encoding="UTF-8"?>
<!DOCTYPE manifest PUBLIC "-//MECA//DTD Manifest v1.0//en" "https://meca.zip/manifest-1.0.dtd">
<manifest manifest-version="1" xmlns="https://manuscriptexchange.org/schema/manifest" xmlns:xlink="http://www.w3.org/1999/xlink">
  <item item-type="article-metadata">
    <instance media-type="application/xml" xlink:href="jats.xml"/>
  </item>
  <item item-type="article-supporting-file">
    <instance media-type="image/svg+xml" xlink:href="files/comparison-21952ed0ba853b9e3ac1e87d04f804c3.svg"/>
  </item>
  <item item-type="article-supporting-file">
    <instance media-type="image/svg+xml" xlink:href="files/structure-baf2403194ebd29e2f189d578d96ccf8.svg"/>
  </item>
  <item item-type="manuscript">
    <instance media-type="application/pdf" xlink:href="full_text.pdf"/>
  </item>
  <item item-type="article-source">
    <instance media-type="text/yaml" xlink:href="bundle/myst.yml"/>
  </item>
  <item item-type="article-source">
    <instance media-type="text/markdown" xlink:href="bundle/main.md"/>
  </item>
  <item item-type="article-source">
    <instance media-type="image/svg+xml" xlink:href="bundle/structure.svg"/>
  </item>
  <item item-type="article-source">
    <instance media-type="image/svg+xml" xlink:href="bundle/comparison.svg"/>
  </item>
  <item item-type="article-source">
    <instance media-type="application/x-bibtex" xlink:href="bundle/mybib.bib"/>
  </item>
  <item item-type="article-source-directory">
    <instance media-type="application/x-directory" xlink:href="bundle/"/>
  </item>
</manifest>