<?xml version="1.0" encoding="UTF-8"?>
<!DOCTYPE article PUBLIC "-//NLM//DTD JATS (Z39.96) Journal Archiving and Interchange DTD with MathML3 v1.3 20210610//EN" "http://jats.nlm.nih.gov/publishing/1.3/JATS-archivearticle1-3-mathml3.dtd">
<article xmlns:mml="http://www.w3.org/1998/Math/MathML" xmlns:xlink="http://www.w3.org/1999/xlink" xmlns:xsi="http://www.w3.org/2001/XMLSchema-instance" xmlns:ali="http://www.niso.org/schemas/ali/1.0/" dtd-version="1.3" xml:lang="en" id="main">
<front>
<article-meta>
<article-id pub-id-type="doi">10.25080/yjpp7553</article-id>
<title-group>
<article-title>On the Path to Seamless Python Serverless Data Analytics</article-title>
</title-group>
<contrib-group>
<contrib contrib-type="author" corresp="yes">
<contrib-id contrib-id-type="orcid">https://orcid.org/0009-0005-2597-3815</contrib-id>
<name name-style="western"><surname>Molina-Giménez</surname><given-names>Enrique</given-names></name>
<xref ref-type="aff" rid="aff-1"/>
<email>enrique.molina@urv.cat</email>
</contrib>
<contrib contrib-type="author">
<contrib-id contrib-id-type="orcid">https://orcid.org/0000-0002-2865-9873</contrib-id>
<name name-style="western"><surname>Eizaguirre</surname><given-names>German T.</given-names></name>
<xref ref-type="aff" rid="aff-1"/>
<email>germantelmo.eizaguirre@urv.cat</email>
</contrib>
<contrib contrib-type="author">
<contrib-id contrib-id-type="orcid">https://orcid.org/0000-0002-9848-1492</contrib-id>
<name name-style="western"><surname>García-López</surname><given-names>Pedro</given-names></name>
<xref ref-type="aff" rid="aff-1"/>
<email>pedro.garcia@urv.cat</email>
</contrib>
</contrib-group>
<aff id="aff-1">
<institution-wrap>
<institution>Universitat Rovira i Virgili, Tarragona, Spain</institution>
</institution-wrap>
</aff>
<fpage>124</fpage><lpage>137</lpage>
<permissions>
<ali:free_to_read/>
<license xlink:href="https://creativecommons.org/licenses/by/4.0/">
<ali:license_ref>https://creativecommons.org/licenses/by/4.0/</ali:license_ref>
<license-p>This is an open access article distributed under the terms of the <ext-link ext-link-type="uri" xlink:href="http://creativecommons.org/licenses/by/4.0/">Creative Commons Attribution License</ext-link>, which permits unrestricted use, distribution, and reproduction in any medium, provided the original author and source are credited.</license-p>
</license>
</permissions>
<abstract>
<p>Traditionally, most data scientists rely heavily on clusters of virtual machines to handle large-scale workloads. While these clusters are effective, they entail substantial operational and maintenance costs, alongside increasing complexity in configuration and scaling — often demanding dedicated infrastructure specialists.</p>
<p>The rise of the serverless paradigm introduced a radically different model, centered on functions with automatic scaling and pay-per-use billing. To enable data analytics on serverless architectures, Lithops emerges as a powerful Python framework that abstracts away infrastructure complexities, empowering seamless parallel execution through serverless functions and allowing users to focus purely on their code.</p>
<p>A persistent challenge in serverless data analytics is the need to partition scientific data formats that were not natively designed for cloud computing. Proper partitioning is a crucial factor for maximizing parallelism and minimizing latency in data transfer from storage to compute resources. Dataplug addresses this by enabling on-the-fly partitioning for non-cloud-native data formats, optimizing data distribution among workers.</p>
<p>To further streamline the scientific development experience, we tackle the steep learning curve posed by configuring and managing serverless environments for users without DevOps expertise. We present PyRun: a browser-based <abbrev alt="Integrated Development Environment">IDE</abbrev> offering the familiar interface of notebook tools (<italic>e.g.</italic>, JupyterLab, Google Colab) but with native cloud integration. PyRun drastically reduces the cognitive burden of setup — delivering a ready-to-execute environment with zero configuration required.</p>
<p>Ultimately, the integration of Lithops, Dataplug, and PyRun forms a compelling stack that unlocks the full potential of serverless data analytics in Python, delivering clear and transformative benefits to scientific workflows.</p>
</abstract>
<kwd-group>
<kwd>serverless</kwd>
<kwd>data analytics</kwd>
<kwd>cloud computing</kwd>
<kwd>partitioning</kwd>
<kwd>transparency</kwd>
</kwd-group>
</article-meta>
</front>
<body>
<sec id="sec-1">
<label>1</label>
<title>From Cluster-Centric to Serverless Data Analytics</title>
<p>Data analytics has traditionally been conducted on clusters—networks of interconnected servers collaboratively processing and analyzing vast volumes of data. These clusters deliver the computational power, storage capacity, and parallelism necessary to address the growing scale and complexity of datasets across diverse domains such as finance, healthcare, and social media. By distributing workloads across multiple nodes, clusters enable efficient parallel execution, fault tolerance, and scalability, establishing themselves as the backbone of many big data frameworks like Apache Hadoop (<xref ref-type="bibr" rid="ref-1">Shvachko <italic>et al.</italic>, 2010</xref>) and Apache Spark (<xref ref-type="bibr" rid="ref-8">Zaharia <italic>et al.</italic>, 2016</xref>). The cluster-centric approach has proven effective for batch processing and iterative algorithms that demand high throughput and sustained computational resources.</p>
<p>Nonetheless, inherent limitations persist within this architecture for data analytics workloads. Resource overprovisioning is commonplace, resulting in suboptimal and inefficient utilization. This inefficiency is particularly pronounced in scenarios with infrequent analytics executions, where users maintain clusters in a ready state without active workloads. Scalability also remains a critical challenge: server provisioning and deprovisioning often incur latencies of several minutes (<xref ref-type="bibr" rid="ref-2">Barcelona-Pons <italic>et al.</italic>, 2025</xref>), underscoring limited resource elasticity. Furthermore, the operational complexity and maintenance overhead of cluster-based frameworks such as Spark and Hadoop necessitate specialized expertise to configure, optimize, and sustain the computing environment.</p>
<p>Conversely, simpler computing models have emerged, notably with the introduction of Function-as-a-Service (<abbrev alt="Function-as-a-Service">FaaS</abbrev>) by <abbrev alt="Amazon Web Services">AWS</abbrev> in 2014. This paradigm abstracts infrastructure management entirely, allowing developers to focus solely on their application logic. Additional advantages—including a pay-as-you-go pricing model and low invocation latencies—have sparked significant interest within the scientific community. While <abbrev alt="Function-as-a-Service">FaaS</abbrev> was not originally designed with data analytics workloads in mind, its potential for scalable and parallel computation has motivated investigations into its viability as a core engine for distributed data analytics applications.</p>
</sec>
<sec id="sec-2">
<label>2</label>
<title>Lithops: The Pythonic Serverless Data Analytics Framework</title>
<p>Despite the previous suggested potential, leveraging <abbrev alt="Function-as-a-Service">FaaS</abbrev> platforms for large-scale data analytics presents several inherent challenges. These include the lack of direct peer-to-peer communication between functions, the absence of native synchronization mechanisms between stages (like in a MapReduce model), difficulties in managing dependencies and libraries across different cloud environments, and a general lack of portability due to proprietary <abbrev alt="Application Programming Interface">API</abbrev>s. The initial efforts on serverless data analytics field partially addressed these issues (<xref ref-type="bibr" rid="ref-5">Jonas <italic>et al.</italic>, 2017</xref>), but they often fell short of providing a comprehensive solution.</p>
<p>Lithops (<xref ref-type="bibr" rid="ref-3">Sampé <italic>et al.</italic>, 2023</xref>) entered to scene to tackle these challenges in a unified manner. Lithops is a serverless, multi-cloud framework designed for building both embarrassingly parallel and MapReduce-like applications using cloud functions. Lithops empowers users, even those without extensive cloud expertise, to effortlessly port their programs—from Monte Carlo simulations to analytics workflows—to the cloud. By transparently orchestrating hundreds of concurrent function instances, Lithops enables significant performance gains for "occasional" cloud users who might otherwise be daunted by the complexities of cluster resource provisioning.</p>
<p>From the programming perspective, Lithops addresses the aforementioned challenges by implementing a simple MapReduce interface that allows single-machine Python code to be executed as parallel jobs in the cloud. It also includes an intuitive storage <abbrev alt="Application Programming Interface">API</abbrev> to facilitate communication between functions and with the Lithops client. Synchronization between map and reduce stages, including nested function compositions, is handled implicitly, reducing user burden, and Lithops automatically manages dependencies by leveraging Python’s dynamic nature. Finally, its architecture is designed to abstract away cloud provider specifics, ensuring multi-cloud portability and mitigating vendor lock-in across platforms like IBM Cloud, Google Cloud and <abbrev alt="Amazon Web Services">AWS</abbrev>.</p>
<p>In essence, Lithops provides a unified system to leverage cloud functions for massively-parallel execution of programs, enabling hundreds-way parallelism on short-lived functions and significantly accelerating everyday and scientific computing tasks.</p>
<sec id="sec-3">
<label>2.1</label>
<title>Architecture</title>
<p>The core design of Lithops is centered around abstracting the complexities of cloud functions and providers to offer a seamless experience for parallel program execution. At its heart, Lithops operates as a multi-cloud framework, capable of deploying and managing functions while abstracting away the underlying cloud interface. This multi-cloud capability is a fundamental architectural choice, that mitigates vendor lock-in and offering users same interface across different choices.</p>
<p>A picture of the Lithops architecture is shown in Figure <xref ref-type="fig" rid="figure-1">1</xref>. The components can be initially splitted into two main categories: local components <italic>(blue)</italic> which run on the user’s host, and remote components <italic>(orange)</italic> which run on the cloud provider in the form of serverless functions. On local side, the user uses the <italic>Futures <abbrev alt="Application Programming Interface">API</abbrev></italic> to submit jobs, which are then orchestrated by the <italic>Executor</italic>, which push/pull resources to/from the cloud provider, and manages the execution of the functions. Meanwhile, the <italic>Invoker</italic> is the component responsible for invoking the remote <italic>Workers</italic>, whose runtime is aware of the Lithops framework and can execute the user code remotely in a transparent way.</p>
<fig id="figure-1">
<label>Figure 1:</label>
<caption>
<p>Lithops Architecture Overview</p>
</caption>
<graphic mimetype="image" mime-subtype="pdf" xlink:href="files/lithops-scipy-b80ab070b742214e0cb77959ad77238f.pdf"/>
</fig>
<p>The typical operational flow of Lithops is as follows:</p>
<list list-type="order">
<list-item>
<p>The user submits a job using the <italic>Futures <abbrev alt="Application Programming Interface">API</abbrev></italic>, which is handled by the <italic>Executor</italic>.</p>
</list-item><list-item>
<p>The <italic>Executor</italic> partitions the job into smaller tasks and push the necessary data and dependencies to the object storage.</p>
</list-item><list-item>
<p>The <italic>Invoker</italic> creates the remote workers, which pull the user code and dependencies from the object storage.</p>
</list-item><list-item>
<p>The remote <italic>Workers</italic> read the input data from the object storage, execute the user code, and write the results back to the object storage.</p>
</list-item><list-item>
<p>The <italic>Executor</italic> pulls the results from the object storage and returns them to the user.</p>
</list-item><list-item>
<p>The user can then retrieve the results from the<italic> Futures <abbrev alt="Application Programming Interface">API</abbrev></italic>.</p>
</list-item>
</list>
<p>Overall, the Lithops architecture follows a layered design, where the (client) framework layer builds on top of the serverless execution layer. This design effectively addresses the constraints of the serverless model by providing a unified and abstracted interface for large-scale parallel computing, enabling users to focus on their code and logic while the framework manages the orchestration and infrastructure transparently.</p>
</sec>
<sec id="sec-4">
<label>2.2</label>
<title>Programming Model</title>
<p>Lithops exposes a set of high-level <abbrev alt="Application Programming Interface">API</abbrev>s that simplify access to both compute and storage backends. The key interfaces are outlined below.</p>
<p><bold>Futures <abbrev alt="Application Programming Interface">API</abbrev>. </bold> Lithops offers a simple yet powerful programming model that enables users to transform single-machine Python code into massively parallel, cloud-based executions. The primary objective of this model is to substantially lower the entry barrier for adopting cloud Function-as-a-Service (<abbrev alt="Function-as-a-Service">FaaS</abbrev>) platforms, especially for workloads that exhibit natural parallelism, similar to the MapReduce paradigm. To support this, the Lithops Futures <abbrev alt="Application Programming Interface">API</abbrev> provides the <monospace>map()</monospace> function, which launches multiple workers to execute the same function across different data partitions. Building on this, the <monospace>map_reduce()</monospace> function extends this functionality by executing a final reduce function that gathers and processes the outputs from the map phase.</p>
<code language="python">"""
Simple Lithops example using the map() call to estimate PI
"""
import lithops
import random

def is_inside(n):
    count = 0
    for i in range(n):
        x = random.random()
        y = random.random()
        if x*x + y*y &amp;lt; 1:
            count += 1
    return count

if __name__ == '__main__':
    np, n = 10, 15000000
    part_count = [int(n/np)] * np
    fexec = lithops.FunctionExecutor()
    fexec.map(is_inside, part_count)
    results = fexec.get_result()
    pi = sum(results)/n*4
    print("Estimated Pi: {}".format(pi))</code>
<p>The code snippet above illustrates a straightforward example of using the Lithops framework to estimate the value of <inline-formula><alternatives><mml:math display="inline"><mml:mi>π</mml:mi></mml:math><tex-math><![CDATA[\pi]]></tex-math></alternatives></inline-formula>, using the Monte Carlo method. It first defines the quarter of a circle with radius 1, specifically that of the first quadrant. The algorithm then randomly generates points within the unit square of this quadrant. We can simply know if a point falls within the circle by checking if the coordinates satisfy the equation <inline-formula><alternatives><mml:math display="inline"><mml:msup><mml:mi>x</mml:mi><mml:mn>2</mml:mn></mml:msup><mml:mo>+</mml:mo><mml:msup><mml:mi>y</mml:mi><mml:mn>2</mml:mn></mml:msup><mml:mo>&lt;</mml:mo><mml:mn>1</mml:mn></mml:math><tex-math><![CDATA[x^2 + y^2 < 1]]></tex-math></alternatives></inline-formula>. As the area of the quarter circle is <inline-formula><alternatives><mml:math display="inline"><mml:mi>π</mml:mi><mml:mi mathvariant="normal">/</mml:mi><mml:mn>4</mml:mn></mml:math><tex-math><![CDATA[\pi/4]]></tex-math></alternatives></inline-formula>, we can expect approximately that proportion of the points to fall within it. Therefore, we can estimate <inline-formula><alternatives><mml:math display="inline"><mml:mi>π</mml:mi></mml:math><tex-math><![CDATA[\pi]]></tex-math></alternatives></inline-formula> by calculating the ratio of points that fall inside the circle to the total number of points.</p>
<p>Because each point calculation is completely independent, Lithops can run thousands of these trials in parallel across different workers, dramatically speeding up the estimation by simply summing their individual results. First, an instance of <monospace>lithops.FunctionExecutor()</monospace> is created. The <monospace>map()</monospace> method then launches multiple serverless functions that execute the <monospace>is_inside()</monospace> function concurrently, each processing a portion of the input data. Once all tasks complete, <monospace>get_result()</monospace> collects the results from the distributed execution and receives them locally, enabling the user to obtain the final estimation seamlessly.</p>
<p>Analogously to how <inline-formula><alternatives><mml:math display="inline"><mml:mi>π</mml:mi></mml:math><tex-math><![CDATA[\pi]]></tex-math></alternatives></inline-formula> is estimated through the parallel execution of multiple functions, Lithops enables users to apply this pattern to a wide range of parallel computing problems, as simple as demonstrated in this example. While the core Lithops framework provides fundamental operators like MapReduce, it is part of a comprehensive software stack that significantly extends its capabilities. As we will explain throughout this work, this stack includes IO abstractions that serve as building blocks for group communication patterns, alongside a public workload registry offering programmatic examples of more complex operations such as joins and sorts.</p>
<p><bold>Storage <abbrev alt="Application Programming Interface">API</abbrev>. </bold> Lithops not only aims to simplify the experience of executing parallel code on serverless platforms, but also abstracts away data access operations—typically performed over object storage. Whether interacting from the Lithops client or from remote workers, the Storage <abbrev alt="Application Programming Interface">API</abbrev> provides a unified interface that, like the Futures <abbrev alt="Application Programming Interface">API</abbrev>, avoids vendor lock-in.</p>
<p>In practice, this means that users can write code that works seamlessly not only across object storage from different cloud providers, but also with memory storage systems like Redis (<xref ref-type="bibr" rid="ref-14">Sanfilippo &amp; community, 2009</xref>). The following snippet shows a minimal working example—writing an object to storage and then reading it back—that operates seamlessly across all cloud providers supported by Lithops</p>
<code language="python">from lithops import Storage

if __name__ == "__main__":
    st = Storage()
    st.put_object(bucket='mybucket', key='test.txt', body='Hello World')
    print(st.get_object(bucket='mybucket', key='test.txt'))
</code>
</sec>
<sec id="sec-5">
<label>2.3</label>
<title>High-Performance Insights</title>
<p><bold>Practical baseline performance.</bold> Several features make Lithops particularly well-suited for some high-performance parallel data analytics workloads, enabling users not only to execute large-scale computations with minimal effort but also leverage serverless computing upsides. When leveraging the <monospace>map()</monospace> primitive, users distribute their data processing tasks across numerous cloud functions, that presents key highlights that make it stand out, as presented below:</p>
<fig id="figure-2">
<label>(a)</label>
<caption>
<p>
<label>Figure 2:</label>
Lithops performance: invocation latency (a) and aggregate bandwidth (b).</p>
</caption>
<fig id="figure-3">
<label>(a)</label>
<caption>
<p>
<label>(a)</label>
</p>
</caption>
<graphic mimetype="image" mime-subtype="pdf" xlink:href="files/cdf_activation-b8975b1e8501a06edad56957c3954ea7.pdf"/>
</fig>
<fig id="figure-4">
<label>(b)</label>
<caption>
<p>
<label>(b)</label>
</p>
</caption>
<graphic mimetype="image" mime-subtype="pdf" xlink:href="files/read_write-f1c90f2147e82ff63fffa007c9430bda.pdf"/>
</fig>
</fig>
<list list-type="bullet">
<list-item>
<p>The elasticity of Function-as-a-Service (<abbrev alt="Function-as-a-Service">FaaS</abbrev>) platforms when launching functions is a key performance feature. As shown in Figure <xref ref-type="fig" rid="figure-2">2</xref>, we observe that 100 <abbrev alt="Amazon Web Services">AWS</abbrev> Lambda functions are instantiated and start executing in less than 2 seconds; for 1000 functions, this delay increases only up to 5 seconds. The ability to scale from zero to thousands of vCPUs in such a short amount of time offers a level of burstiness previously unseen in traditional cluster environments.</p>
</list-item><list-item>
<p>Once the compute resources (<abbrev alt="Function-as-a-Service">FaaS</abbrev> functions) are instantiated, they typically load their input data from object storage. As depicted in Figure <xref ref-type="fig" rid="figure-4">2b</xref>, the aggregate bandwidth offered by Amazon <abbrev alt="Simple Storage Service">S3</abbrev> reaches up to 100 <abbrev alt="Gigabytes per second">GB/s</abbrev> for reads and 90 <abbrev alt="Gigabytes per second">GB/s</abbrev> for writes when accessed concurrently by 1000 functions. This demonstrates the <abbrev alt="Simple Storage Service">S3</abbrev> high I/O parallelism, which Lambda functions can efficiently leverage for highly scalable data pull/push operations.</p>
</list-item>
</list>
<p><bold>Leveraging effective transparency.</bold> As previously stated, Lithops leverages <abbrev alt="Amazon Web Services">AWS</abbrev> Lambda and <abbrev alt="Simple Storage Service">S3</abbrev> as its default backend, yet its design is not dependent on these specific services. To evaluate its architectural flexibility, we design an I/O-intensive analytics experiment that outlines three key aspects: (1) the performance characteristics of Lithops’ default <abbrev alt="Amazon Web Services">AWS</abbrev> Lambda and <abbrev alt="Simple Storage Service">S3</abbrev> configuration, (2) its seamless integration capabilities with alternative cloud providers and services, and (3) the practical transparency achieved through its abstracted Storage <abbrev alt="Application Programming Interface">API</abbrev>.</p>
<p>For our experimental evaluation, we employ a 5GB TeraSort workload. This benchmark is I/O-intensive, comprising two parallel stages of functions connected by an all-to-all communication pattern. We conduct this experiment across three distinct setups:</p>
<list list-type="order">
<list-item>
<p><abbrev alt="Amazon Web Services">AWS</abbrev> Lambda utilizing <abbrev alt="Amazon Web Services">AWS</abbrev> <abbrev alt="Simple Storage Service">S3</abbrev> for intermediate storage.</p>
</list-item><list-item>
<p>Google Cloud Run utilizing Google Cloud Storage for intermediate storage.</p>
</list-item><list-item>
<p><abbrev alt="Amazon Web Services">AWS</abbrev> Lambda utilizing Redis as the intermediate storage. To streamline deployment and management, we provision Redis as an <abbrev alt="Amazon Web Services">AWS</abbrev> ElastiCache (<xref ref-type="bibr" rid="ref-13">Amazon Web Services (AWS), 2025</xref>) managed cluster.</p>
</list-item>
</list>
<p>Crucially, the experimental methodology maintains identical application code across all three setups, based on the original implementation detailed in <xref ref-type="bibr" rid="ref-10">Sánchez-Artigas &amp; Eizaguirre (2022)</xref>. This serves as a direct demonstration of Lithops’ transparency and portability. The only difference is the Lithops configuration file, which specifies the cloud provider and the storage backend to use.</p>
<p>Our empirical results, depicted in Figure <xref ref-type="fig" rid="figure-5">3</xref>, show that Google Cloud Run exhibits demonstrably inferior performance compared to the <abbrev alt="Amazon Web Services">AWS</abbrev>-based configurations. Conversely, the performance of <abbrev alt="Amazon Web Services">AWS</abbrev> Lambda with <abbrev alt="Simple Storage Service">S3</abbrev> is marginally slower than that of <abbrev alt="Amazon Web Services">AWS</abbrev> Lambda with Redis, underscoring the competitive performance of Lithops’ default setup. However, it is important to note that execution variability was significantly higher when using <abbrev alt="Simple Storage Service">S3</abbrev>, which can likely be attributed to the throughput constraints associated with object storage systems.</p>
<fig id="figure-5">
<label>Figure 3:</label>
<caption>
<p>TeraSort performance of Lithops across different cloud providers and storage backends (in parentheses).</p>
</caption>
<graphic mimetype="image" mime-subtype="pdf" xlink:href="files/execution_time_bars-0eec5ddc016bd326f08a80f89180f611.pdf"/>
</fig>
</sec>
<sec id="sec-6">
<label>2.4</label>
<title>Source code</title>
<p>The entire Lithops source code is openly accessible to the public via its GitHub repository: <ext-link ext-link-type="uri" xlink:href="https://github.com/lithops-cloud/lithops">https://github.com/lithops-cloud/lithops</ext-link>.</p>
</sec>
</sec>
<sec id="sec-7">
<label>3</label>
<title>Optimized Data Partitioning with Dataplug</title>
<p>Scientific computing in the cloud is becoming increasingly data-driven. The success of large-scale data-parallel workloads depends not only on scalable computation, but also on scalable data access. In this section, we examine the limitations of traditional static data partitioning, introduce the concept of cloud-aware formats, and describe how the Dataplug (<xref ref-type="bibr" rid="ref-6">Arjona <italic>et al.</italic>, 2024</xref>) framework enables dynamic on-the-fly partitioning of unstructured scientific data. We conclude with an overview of Dataplug operational flow, allowing users to efficiently access and process large unstructured scientific datasets.</p>
<sec id="sec-8">
<label>3.1</label>
<title>Static Partitioning</title>
<p>Static data partitioning is the traditional approach to data distribution in parallel serverless computing. It consists of physically splitting datasets into smaller chunks ahead of time, often based on size (e.g., 1 GB per file), and storing these chunks as individual objects (as shown on top of Figure <xref ref-type="fig" rid="figure-6">4</xref>). This enables distributed execution frameworks like Lithops or Dask (<xref ref-type="bibr" rid="ref-9">Rocklin, 2015</xref>) to process data in parallel by assigning each file to a separate worker.</p>
<p>While conceptually simple, static partitioning comes with significant limitations:</p>
<list list-type="order">
<list-item>
<p>High preprocessing cost: Partitioning usually requires reading, transforming, and re-writing large datasets back to storage. In cloud object storage, where data is immutable, this implies full data duplication, leading to high I/O, storage, and compute costs.</p>
</list-item><list-item>
<p>Inflexibility: Once partitioned, the chunk size is fixed. Adapting to new workloads (e.g., smaller partitions for finer-grained parallelism or larger ones for fewer tasks) requires reprocessing and rewriting the dataset again.</p>
</list-item>
</list>
<p>These limitations become increasingly problematic as scientific datasets grow to the huge scale. In practice, many research teams cannot afford the cost of rewriting legacy datasets just to enable parallel access. Moreover, partitioning choices made early in a project may later hinder performance optimization, preventing effective use of scalable resources.</p>
<fig id="figure-6">
<label>Figure 4:</label>
<caption>
<p>Static and dynamic partitioning approaches.</p>
</caption>
<graphic mimetype="image" mime-subtype="pdf" xlink:href="files/static-vs-dynamic-c8474fb470e2bf079e09cb246323c054.pdf"/>
</fig>
</sec>
<sec id="sec-9">
<label>3.2</label>
<title>Cloud-Aware Formats Approach</title>
<p>One proposed solution to partitioning data is to adopt so-called <italic>cloud-optimized formats</italic>. These are file formats specifically designed to support partial reads (i.e. queries) using <abbrev alt="Hypertext Transfer Protocol">HTTP</abbrev> range requests over object storage. Examples include some Cloud-Optimized Formats as Cloud-Optimized GeoTIFF (<abbrev alt="Cloud-Optimized GeoTIFF">COG</abbrev>) and Cloud-Optimized Point Cloud (<abbrev alt="Cloud-Optimized Point Cloud">COPC</abbrev>). These formats allow users to access data in parallel without needing to rewrite it, as they can be read directly from object storage using <abbrev alt="Hypertext Transfer Protocol">HTTP</abbrev> range requests. This enables efficient data access patterns, such as reading only the required chunks for a specific analysis, without incurring the cost of full dataset duplication.</p>
<p>While effective, this approach has its own challenges. Converting existing datasets to cloud-optimized formats requires a full rewrite of the data, which can be prohibitively expensive for huge-scale archives. Moreover, not all scientific formats support casting to a cloud-optimized format—for example, text-based genomic formats like FASTQ or compressed binary LAS files for spatial data.</p>
<p>So, the alternative head towards a new model: dotate legacy formats with cloud-awareness, enabling dynamic partitioning without rewriting the data. This approach allows users to access and process large datasets in parallel without incurring the high costs of static partitioning.</p>
</sec>
<sec id="sec-10">
<label>3.3</label>
<title>Dataplug: Enabling Dynamic Partitioning in Scientific Formats</title>
<p>Dataplug is a Python framework that implements cloud-aware, on-the-fly dynamic partitioning model. The key idea is to maintain legacy data blobs without modification while enabling efficient access patterns. Rather than rewriting the data into a new format, Dataplug extracts structural metadata from the raw files via read-only preprocessing and stores this information externally (e.g., in a database or a metadata bucket). This enables parallel access to the original object without modifying it.</p>
<p>There are three essential building blocks that, in turn, compose the three key directives of the Dataplug framework.</p>
<list list-type="bullet">
<list-item>
<p>Cloud-aware preprocessing (flow shown in bottom of Figure <xref ref-type="fig" rid="figure-6">4</xref>): Each supported format defines a preprocessing heuristic that analyzes the file structure (e.g., sequence boundaries, block offsets, spatial extents) and generates the metadata. This process is one-time and non-intrusive—it never rewrites the input data.</p>
</list-item><list-item>
<p>Partitioning strategies: Once preprocessed, a dataset can be partitioned in multiple ways using user-defined strategies. A partitioning function queries the metadata and defines logical partitions (called slices). For instance, one strategy might divide genomic data into 1 million reads per slice, while another partitions spatial files by bounding box. These strategies are pluggable and workload-specific.</p>
</list-item><list-item>
<p>Lazily-evaluated slices: Each slice represents a logical data partition. When a worker performs the get operation over the slice, it retrieves the corresponding byte ranges from object storage (using <abbrev alt="Hypertext Transfer Protocol">HTTP</abbrev> range requests) to the worker memory. This happens entirely at runtime, just-in-time for processing.</p>
</list-item>
</list>
<p>The partitioning and getting of slices mechanism is illustrated in Figure <xref ref-type="fig" rid="figure-7">5</xref>.</p>
<code language="python">from dataplug import CloudObject
from dataplug.formats.genomics.fastq import FASTQGZip, partition_reads_batches

# Assign FASTQGZip data type for the object
co = CloudObject.from_s3(FASTQGZip, "s3://genomics/dataset.fastq.gz")

# Data must be pre-processed first ==&gt; This only needs to be done once per dataset
co.preprocess()

# Partition the FASTQGZip object into 200 chunks
# This does not move data around, it only creates data slices from the indexes
data_slices = co.partition(partition_reads_batches, num_batches=200)

def process_fastq_data(data_slice):
    # Evaluate the data_slice, which will perform the
    # actual HTTP GET requests to get the FASTQ partition data
    fastq_reads = data_slice.get()
    ...

# Use Lithops to process the data slices in parallel
from lithops import FunctionExecutor
with FunctionExecutor() as fexec:
    # Map the process_fastq_data function to each data slice
    fexec.map(process_fastq_data, data_slices)</code>
<p>At the same time, the entire workflow explained in previous lines is straightforward to use via Dataplug <abbrev alt="Application Programming Interface">API</abbrev>. The above code snippet illustrates how to use Dataplug to partition one genomic (FASTQGZip) file into several slices, and then process each slice in parallel using Lithops. In a very quick overview, the code above illustrates how to use Dataplug to partition a FASTQGZip file into 200 slices, and then process each slice in parallel using Lithops. First, the <monospace>preprocess()</monospace> method generates the required metadata for the FASTQGZip file, then the <monospace>partition()</monospace> method creates the slices based on the specified partitioning strategy, and the <monospace>get()</monospace> method retrieves the data for each slice when called, in a lazy way.</p>
<fig id="figure-7">
<label>Figure 5:</label>
<caption>
<p>Dataplug workflow.</p>
</caption>
<graphic mimetype="image" mime-subtype="pdf" xlink:href="files/dataplug-58d8dcc491713f26d546841f7ceeade4.pdf"/>
</fig>
<p>Dataplug approach offers several key advantages over static partitioning, that make it particularly well-suited for scientific data analytics:</p>
<list list-type="bullet">
<list-item>
<p>Zero-cost repartitioning: Because partitioning operates over metadata, the same dataset can be re-sliced on demand with different strategies, without re-reading or re-writing the raw data.</p>
</list-item><list-item>
<p>Efficient resource usage: The metadata is lightweight (often <inline-formula><alternatives><mml:math display="inline"><mml:mo>&lt;</mml:mo><mml:mn>1</mml:mn><mml:mi mathvariant="normal">%</mml:mi></mml:math><tex-math><![CDATA[<1\]]></tex-math></alternatives></inline-formula> of the original file size), and slices can be distributed to any number of workers, enabling elastic autoscaling.</p>
</list-item><list-item>
<p>Format extensibility: Support for new formats is added by implementing a preprocessor, a strategy, and a slice handler—without need to modify the core.</p>
</list-item>
</list>
</sec>
<sec id="sec-11">
<label>3.4</label>
<title>Source code</title>
<p>The entire Dataplug source code is openly accessible to the public via its GitHub repository: <ext-link ext-link-type="uri" xlink:href="https://github.com/CLOUDLAB-URV/dataplug">https://github.com/CLOUDLAB-URV/dataplug</ext-link>.</p>
</sec>
</sec>
<sec id="sec-12">
<label>4</label>
<title>PyRun: Simplifying Serverless Environments for Data Science</title>
<p>In the same plane as serverless computing, which minimizes the infrastructure management burden, PyRun emerges as an integrated development environment (<abbrev alt="Integrated Development Environment">IDE</abbrev>) that further simplifies the development and execution of applications, particularly in the context of data science and scientific computing. By providing a ready-to-use, browser-based development environment, PyRun eliminates the need for users to configure or manage infrastructure, making it accessible even to those without DevOps experience. With a minimal configuration step, users can quickly set up their cloud environment and start developing applications without the complexities typically associated with cloud computing.</p>
<fig id="figure-8">
<graphic mimetype="image" mime-subtype="png" xlink:href="files/pyrun-b22fe110f65380839b74b4b875513720.png"/>
</fig>
<p>At a glance, the PyRun environment offers the following features:</p>
<list list-type="bullet">
<list-item>
<p>Ready-to-execute Web <abbrev alt="Integrated Development Environment">IDE</abbrev>: For each PyRun application, users are provided with a fully remote, web-based development environment accessible via browser. This environment is also natively synchronized with GitHub, enabling a seamless development workflow without the need for local installations. PyRun delivers a practical interface through an interactive programming notebook, similar to established tools like JupyterLab (<xref ref-type="bibr" rid="ref-11">Jupyter Development Team, 2025</xref>) or Google Colab (<xref ref-type="bibr" rid="ref-12">Google LLC, 2025</xref>), but with the added benefit of being pre-configured for cloud execution and automatic, cross-service runtime management.</p>
</list-item><list-item>
<p>Pre-configured frameworks: PyRun currently supports native integration with parallel computing frameworks such as Lithops, Das and Dataplug, with plans to extend this list in the future. These integrations allow users to access powerful <abbrev alt="Application Programming Interface">API</abbrev>s without the overhead of manual pre-configuration, significantly accelerating the development and deployment process.</p>
</list-item><list-item>
<p>Collaborative and Reproducible Workflows: PyRun’s <italic>Public Resources</italic> feature promotes scientific collaboration and reproducibility by allowing users to share parallel applications and pipelines with the broader community. These shared resources also serve as a valuable compendium of programmatic patterns, which developers can adapt as building blocks for their own solutions.</p>
</list-item><list-item>
<p>Monitoring: PyRun provides a built-in observability layer for scientific parallel applications. Users have access to a monitoring interface that displays detailed execution metrics, including task status, CPU/memory/network usage, failure reports, and runtime statistics.</p>
</list-item><list-item>
<p>Simplified <abbrev alt="Artificial Intelligence / Machine Learning">AI/ML</abbrev> workflows: PyRun facilitates <abbrev alt="Artificial Intelligence / Machine Learning">AI/ML</abbrev> development by offering an integrated environment with automated infrastructure management. It supports widely-used machine learning frameworks such as TensorFlow and PyTorch, with straightforward runtime configuration. Scalable training and data processing can be achieved through Lithops-based distributed execution. Additionally, PyRun includes support for interactive <abbrev alt="Large Language Model">LLM</abbrev> experimentation, allowing users to run models such as LLaMA 3 locally via Ollama within their workspace.</p>
</list-item>
</list>
<p>In summary, PyRun is a platform that simplifies the development and execution of serverless, data analytics and <abbrev alt="Artificial Intelligence / Machine Learning">AI/ML</abbrev> applications. For further details, visit <ext-link ext-link-type="uri" xlink:href="https://pyrun.cloud/">https://pyrun.cloud/</ext-link>.</p>
</sec>
<sec id="sec-13">
<label>5</label>
<title>Case Study: Python Serverless Data Analytics Empowering METASPACE Metabolomics Pipelines</title>
<p>One prominent example of leveraging serverless data analytics in Python is METASPACE (<xref ref-type="bibr" rid="ref-4">Alexandrov <italic>et al.</italic>, 2019</xref>), a cloud platform developed by the European Molecular Biology Laboratory (EMBL) to support spatial metabolomics research. This field aims to identify and localize small molecules—such as metabolites and lipids—within tissue sections using imaging mass spectrometry (<abbrev alt="Mass Spectrometry">MS</abbrev>). These spatial insights are critical for understanding biological processes related to disease, development, and immune response</p>
<p>METASPACE allows researchers to submit <abbrev alt="Mass Spectrometry">MS</abbrev> datasets, automatically annotate detected molecules, and visualize their spatial distribution. It provides standardized quality control, enabling comparisons across experiments, laboratories, and instruments. The platform has evolved into a community-driven knowledge base of spatial metabolomes, supporting open data sharing and collaboration. With over 1,000 users and tens of thousands of processed datasets, METASPACE has become a widely adopted tool in biomedical research, making spatial metabolomics more accessible, reproducible, and scalable.</p>
<sec id="sec-14">
<label>5.1</label>
<title>Lithops for Elasticity</title>
<p>METASPACE initially relied on a Spark cluster for its computational backend. However, as user numbers grew and workloads became more demanding, the limitations of this setup became increasingly evident. Spark’s static resource allocation and rigid execution model made it difficult to handle large, diverse datasets efficiently. This often led to resource underutilization or performance bottlenecks, restricting the system’s ability to scale effectively.</p>
<p>To address these issues, METASPACE transitioned to a serverless architecture, aiming for greater elasticity and ease of management. By adopting Lithops, the platform gained the ability to scale computing resources dynamically based on workload demands. This move significantly reduced operational overhead while improving performance and resource efficiency. The switch to a serverless model allowed METASPACE to overcome the constraints of its Spark-based infrastructure and provided a more responsive and scalable environment for data processing.</p>
<fig id="figure-9">
<label>Figure 7:</label>
<caption>
<p>Execution timeline for the METASPACE metabolomics pipeline.</p>
</caption>
<graphic mimetype="image" mime-subtype="pdf" xlink:href="files/wallclock-6e645738c532f961dbf722d20bd74c2a.pdf"/>
</fig>
<p>Figure <xref ref-type="fig" rid="figure-9">7</xref> shows the execution timeline for a METASPACE metabolomics workload, a complex workflow with multiple parallel stages. The timeline reveals significant variability in resource requirements, with some steps requiring substantially more computational power than others. This fluctuation is a key driver for adopting serverless computing, a paradigm where Lithops excels by dynamically scaling resources to precisely match the needs of each pipeline step.</p>
</sec>
<sec id="sec-15">
<label>5.2</label>
<title>Dataplug for Dynamic Partitioning</title>
<fig id="figure-10">
<label>(a)</label>
<caption>
<p>
<label>Figure 8:</label>
Dataplug performance: preprocessing and ingestion.</p>
</caption>
<fig id="figure-11">
<label>(a)</label>
<caption>
<p>
<label>(a)</label>
</p>
</caption>
<graphic mimetype="image" mime-subtype="pdf" xlink:href="files/datamovement-9391ffdb83fd05ceaaf8dc61b07d675b.pdf"/>
</fig>
<fig id="figure-12">
<label>(b)</label>
<caption>
<p>
<label>(b)</label>
</p>
</caption>
<graphic mimetype="image" mime-subtype="pdf" xlink:href="files/downloading-3aa19b39b5e48206d1aea4ede72290bb.pdf"/>
</fig>
</fig>
<p>A common issue in metabolomics involves processing large, non-cloud-optimized datasets, such as files in the standard <abbrev alt="Imaging Mass Spectrometry Markup Language">imzML</abbrev> format (<xref ref-type="bibr" rid="ref-7">Schramm <italic>et al.</italic>, 2012</xref>). While widely used for mass spectrometry imaging, <abbrev alt="Imaging Mass Spectrometry Markup Language">imzML</abbrev> lacks native support for cloud-aware access patterns. The Dataplug framework overcomes this limitation with a plugin that enables efficient, on-the-fly partitioning of <abbrev alt="Imaging Mass Spectrometry Markup Language">imzML</abbrev> files. By extracting key metadata, Dataplug facilitates dynamic partitioning strategies tailored to the specific need of each workload, eliminating the need to create static, pre-processed data chunks. This approach yields significant advantages: it reduces preprocessing time and storage costs (Figure <xref ref-type="fig" rid="figure-10">8</xref>) and enables parallel data access, which drastically cuts data ingestion times (Figure <xref ref-type="fig" rid="figure-12">8b</xref>). Furthermore, it offers researchers the flexibility to experiment with different partitioning schemes without modifying the original dataset.</p>
</sec>
<sec id="sec-16">
<label>5.3</label>
<title>Practical Insights of a Serverless-native Architecture</title>
<p>To better illustrate the structural benefits of using Lithops, we compared the performance of the original METASPACE Spark-based pipeline with the new Lithops-based implementation. For the Spark execution we used PySpark over the original cluster by EMBL, consisting on four c5.4xlarge <abbrev alt="Amazon Web Services">AWS</abbrev> EC2 instances. This architecture provided a sum of 64 vCPUs and 128GB of physical memory. We measured the performance, average CPU usage and cost of both deployments. We could assess the resource usage of the Lithops implementation by using the Lithops monitoring <xref ref-type="fn" rid="fn-1">1</xref> interface, which provides detailed metrics on CPU usage (along with memory and network) for each function invocation. The cost was calculated based on the <abbrev alt="Amazon Web Services">AWS</abbrev> Lambda pricing model, which charges per 1s of execution time and per GB of memory used, and we included the read/write requests to the <abbrev alt="Simple Storage Service">S3</abbrev> object storage, which are charged separately.</p>
<table-wrap id="table-1">
<label>Table 1:</label>
<caption>
<p>Execution insight comparison of the PySpark and Lithops deployments of the METASPACE pipeline.</p>
</caption>
<table>
<tbody>
<tr><td><bold>Architecture</bold></td><td align="center"><bold>Execution Time (min)</bold></td><td align="center"><bold>Cost ($)</bold></td><td align="center"><bold>Avg Resource Usage (%)</bold></td></tr>
<tr><td>PySpark</td><td align="center">14.21</td><td align="center">0.66</td><td align="center">54.56</td></tr>
<tr><td>Lithops Serverless</td><td align="center">4.87</td><td align="center">1.35</td><td align="center">75.36</td></tr>
</tbody>
</table>
</table-wrap>
<p>We achieved a significant performance improvement with the Lithops serverless implementation, reducing the execution time from 14.21 minutes to just 4.87 minutes, which represents a 65% speedup. This improvement is largely due to the dynamic scaling capabilities of Lithops, which allowed us to run many more parallel tasks than the Spark cluster could handle. The average resource usage also increased from 54.56% to 75.36%, indicating that the Lithops implementation was able to utilize resources more efficiently. However, the cost of the Lithops implementation was higher, at $1.35 compared to $0.66 for the Spark cluster, mainly due to the increased number of parallel vCPUs provisioned.</p>
<p>Despite this, the overall performance gain and resource efficiency make the Lithops serverless architecture a compelling choice for sporadic, and bursty workloads like the METASPACE metabolomics pipeline. Provisioning a static cluster for such workloads would have resulted in significant resource underutilization and higher costs in the long term, as the cluster would have been idle most of the time. In contrast, Lithops allows us to provision resources immediately and in real time, as annotation workload requests are submitted. We depict such advantage in Figure <xref ref-type="fig" rid="figure-13">9</xref>, where we simulate the monthly savings switching from a static cluster to a Lithops deployment, provisioning resources on demand on a per-workload basis.</p>
<fig id="figure-13">
<label>Figure 9:</label>
<caption>
<p>Simulated monthly cost savings: ratio of the monthly cost between a static PySpark deployment vs. an on-demand Lithops deployment for varying workload frequencies.</p>
</caption>
<graphic mimetype="image" mime-subtype="pdf" xlink:href="files/workload_savings-5062a00b1ae7c998e37bc4e0f5606f78.pdf"/>
</fig>
<p>Lithops delivers substantial cost savings at low workload frequencies—achieving nearly a 50% reduction in monthly costs when running a single workload per day. Even as the frequency increases (e.g., up to 20 requests per day), Lithops continues to provide cost benefits over the static approach. It is important to note that this simulation assumes a constant workload size per request; in real-world scenarios like METASPACE, where workload sizes can vary significantly, Lithops’ elasticity would further amplify these savings by dynamically allocating resources to match each workload’s actual requirements.</p>
<p>In terms of usability, some METASPACE applications have been integrated into PyRun to provide a user-friendly interface for running these serverless data pipelines. PyRun hinders the complexity of managing the environment and its dependencies, allowing researchers to focus on their data analysis tasks without worrying about configuration issues. This integration has made it easier for scientists to leverage the power of serverless computing and dynamic partitioning in their research workflows.</p>
</sec>
</sec>
<sec id="sec-17">
<label>6</label>
<title>Conclusion</title>
<p>Ultimately, harnessing the power and advantages of serverless computing for data analytics in Python has transformed how scientists and developers tackle large-scale data processing. With production-ready tools like Lithops, which enables efficient and scalable execution of functions in the cloud; Dataplug, which simplifies partitioning of complex scientific datasets not originally designed for cloud environments; and PyRun, which streamlines development environment setup, a robust ecosystem has emerged that allows users to focus completely on their code, rather than the underlying infrastructure.</p>
</sec>
</body>
<back>
<ref-list>
<ref id="ref-1">
<element-citation publication-type="paper-conference">
<article-title>The Hadoop Distributed File System</article-title>
<person-group person-group-type="author">
<name><surname>Shvachko</surname><given-names>Konstantin</given-names></name>
<name><surname>Kuang</surname><given-names>Hairong</given-names></name>
<name><surname>Radia</surname><given-names>Sanjay</given-names></name>
<name><surname>Chansler</surname><given-names>Robert</given-names></name>
</person-group><source>2010 IEEE 26th Symposium on Mass Storage Systems and Technologies (MSST)</source><year iso-8601-date="2010">2010</year><pub-id pub-id-type="doi">10.1109/MSST.2010.5496972</pub-id><fpage>1</fpage><lpage>10</lpage></element-citation>
</ref>
<ref id="ref-8">
<element-citation publication-type="journal">
<article-title>Apache Spark: a unified engine for big data processing</article-title>
<person-group person-group-type="author">
<name><surname>Zaharia</surname><given-names>Matei</given-names></name>
<name><surname>Xin</surname><given-names>Reynold S.</given-names></name>
<name><surname>Wendell</surname><given-names>Patrick</given-names></name>
<name><surname>Das</surname><given-names>Tathagata</given-names></name>
<name><surname>Armbrust</surname><given-names>Michael</given-names></name>
<name><surname>Dave</surname><given-names>Ankur</given-names></name>
<name><surname>Meng</surname><given-names>Xiangrui</given-names></name>
<name><surname>Rosen</surname><given-names>Josh</given-names></name>
<name><surname>Venkataraman</surname><given-names>Shivaram</given-names></name>
<name><surname>Franklin</surname><given-names>Michael J.</given-names></name>
<name><surname>Ghodsi</surname><given-names>Ali</given-names></name>
<name><surname>Gonzalez</surname><given-names>Joseph</given-names></name>
<name><surname>Shenker</surname><given-names>Scott</given-names></name>
<name><surname>Stoica</surname><given-names>Ion</given-names></name>
</person-group><source>Commun. ACM</source><year iso-8601-date="2016">2016</year><pub-id pub-id-type="doi">10.1145/2934664</pub-id><volume>59</volume><issue>11</issue><fpage>56</fpage><lpage>65</lpage>
<issn>0001-0782</issn>
</element-citation>
</ref>
<ref id="ref-2">
<element-citation publication-type="software">
<article-title>Burst Computing Artifact (paper in USENIX ATC'25)</article-title>
<person-group person-group-type="author">
<name><surname>Barcelona-Pons</surname><given-names>Daniel</given-names></name>
<name><surname>Arjona</surname><given-names>Aitor</given-names></name>
<name><surname>Garcia Lopez</surname><given-names>Pedro</given-names></name>
<name><surname>Molina-Giménez</surname><given-names>Enrique</given-names></name>
<name><surname>Klymonchuk</surname><given-names>Stepan</given-names></name>
</person-group><year iso-8601-date="2025">2025</year><pub-id pub-id-type="doi">10.5281/zenodo.15423616</pub-id></element-citation>
</ref>
<ref id="ref-5">
<element-citation publication-type="paper-conference">
<article-title>Occupy the cloud: distributed computing for the 99%</article-title>
<person-group person-group-type="author">
<name><surname>Jonas</surname><given-names>Eric</given-names></name>
<name><surname>Pu</surname><given-names>Qifan</given-names></name>
<name><surname>Venkataraman</surname><given-names>Shivaram</given-names></name>
<name><surname>Stoica</surname><given-names>Ion</given-names></name>
<name><surname>Recht</surname><given-names>Benjamin</given-names></name>
</person-group><source>Proceedings of the 2017 Symposium on Cloud Computing</source><year iso-8601-date="2017">2017</year><pub-id pub-id-type="doi">10.1145/3127479.3128601</pub-id><fpage>445</fpage><lpage>451</lpage></element-citation>
</ref>
<ref id="ref-3">
<element-citation publication-type="journal">
<article-title>Outsourcing Data Processing Jobs With Lithops</article-title>
<person-group person-group-type="author">
<name><surname>Sampé</surname><given-names>Josep</given-names></name>
<name><surname>Sánchez-Artigas</surname><given-names>Marc</given-names></name>
<name><surname>Vernik</surname><given-names>Gil</given-names></name>
<name><surname>Yehekzel</surname><given-names>Ido</given-names></name>
<name><surname>García-López</surname><given-names>Pedro</given-names></name>
</person-group><source>IEEE Transactions on Cloud Computing</source><year iso-8601-date="2023">2023</year><pub-id pub-id-type="doi">10.1109/TCC.2021.3129000</pub-id><volume>11</volume><issue>1</issue><fpage>1026</fpage><lpage>1037</lpage></element-citation>
</ref>
<ref id="ref-14">
<element-citation publication-type="report">
<article-title>Redis</article-title>
<person-group person-group-type="author">
<name><surname>Sanfilippo</surname><given-names>Salvatore</given-names></name>
<name><surname>community</surname><given-names>Redis</given-names></name>
</person-group><year iso-8601-date="2009">2009</year></element-citation>
</ref>
<ref id="ref-13">
<element-citation publication-type="report">
<article-title>Amazon ElastiCache: Managed In‑Memory Data Store &amp; Cache</article-title>
<person-group person-group-type="author">
<name><surname>Amazon Web Services (AWS)</surname></name>
</person-group><year iso-8601-date="2025">2025</year></element-citation>
</ref>
<ref id="ref-10">
<element-citation publication-type="paper-conference">
<article-title>A seer knows best: optimized object storage shuffling for serverless analytics</article-title>
<person-group person-group-type="author">
<name><surname>Sánchez-Artigas</surname><given-names>Marc</given-names></name>
<name><surname>Eizaguirre</surname><given-names>Germán T.</given-names></name>
</person-group><source>Proceedings of the 23rd ACM/IFIP International Middleware Conference</source><year iso-8601-date="2022">2022</year><pub-id pub-id-type="doi">10.1145/3528535.3565241</pub-id><fpage>148</fpage><lpage>160</lpage></element-citation>
</ref>
<ref id="ref-6">
<element-citation publication-type="paper-conference">
<article-title>Dataplug: Unlocking extreme data analytics with on-the-fly dynamic partitioning of unstructured data</article-title>
<person-group person-group-type="author">
<name><surname>Arjona</surname><given-names>Aitor</given-names></name>
<name><surname>García-López</surname><given-names>Pedro</given-names></name>
<name><surname>Barcelona-Pons</surname><given-names>Daniel</given-names></name>
</person-group><source>2024 IEEE 24th International Symposium on Cluster, Cloud and Internet Computing (CCGrid)</source><year iso-8601-date="2024">2024</year><pub-id pub-id-type="doi">10.1109/CCGrid59990.2024.00069</pub-id><fpage>567</fpage><lpage>576</lpage></element-citation>
</ref>
<ref id="ref-9">
<element-citation publication-type="paper-conference">
<article-title>Dask: Parallel Computation with Blocked Algorithms and Task Scheduling</article-title>
<person-group person-group-type="author">
<name><surname>Rocklin</surname><given-names>Matthew</given-names></name>
</person-group><source>Proceedings of the 14th Python in Science Conference</source><year iso-8601-date="2015">2015</year><pub-id pub-id-type="doi">10.25080/Majora-7b98e3ed-013</pub-id><fpage>130</fpage><lpage>136</lpage></element-citation>
</ref>
<ref id="ref-11">
<element-citation publication-type="report">
<article-title>JupyterLab: A Next-Generation Notebook Interface</article-title>
<person-group person-group-type="author">
<name><surname>Jupyter Development Team</surname></name>
</person-group><year iso-8601-date="2025">2025</year></element-citation>
</ref>
<ref id="ref-12">
<element-citation publication-type="report">
<article-title>Google Colaboratory</article-title>
<person-group person-group-type="author">
<name><surname>Google LLC</surname></name>
</person-group><year iso-8601-date="2025">2025</year></element-citation>
</ref>
<ref id="ref-4">
<element-citation publication-type="document">
<article-title>METASPACE: A community-populated knowledge base of spatial metabolomes in health and disease</article-title>
<person-group person-group-type="author">
<name><surname>Alexandrov</surname><given-names>Theodore</given-names></name>
<name><surname>Ovchnnikova</surname><given-names>Katja</given-names></name>
<name><surname>Palmer</surname><given-names>Andrew</given-names></name>
<name><surname>Kovalev</surname><given-names>Vitaly</given-names></name>
<name><surname>Tarasov</surname><given-names>Artem</given-names></name>
<name><surname>Stuart</surname><given-names>Lachlan</given-names></name>
<name><surname>Nigmetzianov</surname><given-names>Renat</given-names></name>
<name><surname>Fay</surname><given-names>Dominik</given-names></name>
</person-group><year iso-8601-date="2019">2019</year><pub-id pub-id-type="doi">10.1101/539478</pub-id></element-citation>
</ref>
<ref id="ref-7">
<element-citation publication-type="journal">
<article-title>imzML – A Common Data Format for the Flexible Exchange and Processing of Mass Spectrometry Imaging Data</article-title>
<person-group person-group-type="author">
<name><surname>Schramm</surname><given-names>Thorsten</given-names></name>
<name><surname>Hester</surname><given-names>Zoë</given-names></name>
<name><surname>Klinkert</surname><given-names>Ivo</given-names></name>
<name><surname>Jean Pierre</surname><given-names>Both</given-names></name>
<name><surname>Heeren</surname><given-names>Ron</given-names></name>
<name><surname>Brunelle</surname><given-names>Alain</given-names></name>
<name><surname>Laprévote</surname><given-names>Olivier</given-names></name>
<name><surname>Desbenoit</surname><given-names>Nicolas</given-names></name>
<name><surname>Robbe</surname><given-names>Marie-France</given-names></name>
<name><surname>Stoeckli</surname><given-names>Markus</given-names></name>
<name><surname>Spengler</surname><given-names>Bernhard</given-names></name>
<name><surname>Römpp</surname><given-names>Andreas</given-names></name>
</person-group><source>Journal of proteomics</source><year iso-8601-date="2012">2012</year><pub-id pub-id-type="doi">10.1016/j.jprot.2012.07.026</pub-id><volume>75</volume><fpage>5106</fpage><lpage>10</lpage></element-citation>
</ref>
</ref-list>
<fn-group><fn id="fn-1">
<label>1</label>
<p><ext-link ext-link-type="uri" xlink:href="https://lithops-cloud.github.io/docs/source/monitoring.html">https://lithops-cloud.github.io/docs/source/monitoring.html</ext-link></p>
</fn></fn-group>
</back>
</article>
