<?xml version="1.0" encoding="UTF-8"?>
<!DOCTYPE manifest PUBLIC "-//MECA//DTD Manifest v1.0//en" "https://meca.zip/manifest-1.0.dtd">
<manifest manifest-version="1" xmlns="https://manuscriptexchange.org/schema/manifest" xmlns:xlink="http://www.w3.org/1999/xlink">
  <item item-type="article-metadata">
    <instance media-type="application/xml" xlink:href="jats.xml"/>
  </item>
  <item item-type="article-supporting-file">
    <instance media-type="application/pdf" xlink:href="files/cdf_activation-b8975b1e8501a06edad56957c3954ea7.pdf"/>
  </item>
  <item item-type="article-supporting-file">
    <instance media-type="application/pdf" xlink:href="files/datamovement-9391ffdb83fd05ceaaf8dc61b07d675b.pdf"/>
  </item>
  <item item-type="article-supporting-file">
    <instance media-type="application/pdf" xlink:href="files/dataplug-58d8dcc491713f26d546841f7ceeade4.pdf"/>
  </item>
  <item item-type="article-supporting-file">
    <instance media-type="application/pdf" xlink:href="files/downloading-3aa19b39b5e48206d1aea4ede72290bb.pdf"/>
  </item>
  <item item-type="article-supporting-file">
    <instance media-type="application/pdf" xlink:href="files/execution_time_bars-0eec5ddc016bd326f08a80f89180f611.pdf"/>
  </item>
  <item item-type="article-supporting-file">
    <instance media-type="application/pdf" xlink:href="files/lithops-scipy-b80ab070b742214e0cb77959ad77238f.pdf"/>
  </item>
  <item item-type="article-supporting-file">
    <instance media-type="image/png" xlink:href="files/pyrun-b22fe110f65380839b74b4b875513720.png"/>
  </item>
  <item item-type="article-supporting-file">
    <instance media-type="application/pdf" xlink:href="files/read_write-f1c90f2147e82ff63fffa007c9430bda.pdf"/>
  </item>
  <item item-type="article-supporting-file">
    <instance media-type="application/pdf" xlink:href="files/static-vs-dynamic-c8474fb470e2bf079e09cb246323c054.pdf"/>
  </item>
  <item item-type="article-supporting-file">
    <instance media-type="application/pdf" xlink:href="files/wallclock-6e645738c532f961dbf722d20bd74c2a.pdf"/>
  </item>
  <item item-type="article-supporting-file">
    <instance media-type="application/pdf" xlink:href="files/workload_savings-5062a00b1ae7c998e37bc4e0f5606f78.pdf"/>
  </item>
  <item item-type="manuscript">
    <instance media-type="application/pdf" xlink:href="full_text.pdf"/>
  </item>
  <item item-type="article-source">
    <instance media-type="text/yaml" xlink:href="bundle/myst.yml"/>
  </item>
  <item item-type="article-source">
    <instance media-type="application/x-tex" xlink:href="bundle/main.tex"/>
  </item>
  <item item-type="article-source">
    <instance media-type="application/pdf" xlink:href="bundle/assets/lithops-scipy.pdf"/>
  </item>
  <item item-type="article-source">
    <instance media-type="application/pdf" xlink:href="bundle/assets/cdf_activation.pdf"/>
  </item>
  <item item-type="article-source">
    <instance media-type="application/pdf" xlink:href="bundle/assets/read_write.pdf"/>
  </item>
  <item item-type="article-source">
    <instance media-type="application/pdf" xlink:href="bundle/assets/execution_time_bars.pdf"/>
  </item>
  <item item-type="article-source">
    <instance media-type="application/pdf" xlink:href="bundle/assets/static-vs-dynamic.pdf"/>
  </item>
  <item item-type="article-source">
    <instance media-type="application/pdf" xlink:href="bundle/assets/dataplug.pdf"/>
  </item>
  <item item-type="article-source">
    <instance media-type="image/png" xlink:href="bundle/assets/pyrun.png"/>
  </item>
  <item item-type="article-source">
    <instance media-type="application/pdf" xlink:href="bundle/assets/wallclock.pdf"/>
  </item>
  <item item-type="article-source">
    <instance media-type="application/pdf" xlink:href="bundle/assets/datamovement.pdf"/>
  </item>
  <item item-type="article-source">
    <instance media-type="application/pdf" xlink:href="bundle/assets/downloading.pdf"/>
  </item>
  <item item-type="article-source">
    <instance media-type="application/pdf" xlink:href="bundle/assets/workload_savings.pdf"/>
  </item>
  <item item-type="article-source">
    <instance media-type="application/x-bibtex" xlink:href="bundle/mybib.bib"/>
  </item>
  <item item-type="article-source-directory">
    <instance media-type="application/x-directory" xlink:href="bundle/"/>
  </item>
</manifest>